n_days,mean_ic,t,frac_pos,ci_lo,ci_hi,ic_y2025,ic_year,n_y2025,n_year,dt,target,feature,p,q_bh,ctl_bar,s0,s1,s2,s3,s4,s5,s6,survives
444,0.0368163,4.91864,0.583333,0.0220649,0.0516904,0.045304,0.0302299,194,250,09:35,fwd30,coil,1.23039e-06,3.37478e-06,0.0112304,True,True,True,True,True,True,True,True
444,-0.0368163,-4.91864,0.416667,-0.0516904,-0.0220649,-0.045304,-0.0302299,194,250,09:35,fwd30,dist_sess_high_pct,1.23039e-06,3.37478e-06,0.0112304,True,True,True,True,True,True,True,True
444,0.0266938,3.34963,0.545045,0.0108745,0.0424012,0.0249078,0.0280797,194,250,09:35,fwd30,dist_high60,0.000878392,0.00180698,0.0112304,True,True,True,True,True,True,True,True
444,-0.0536552,-7.30558,0.358108,-0.0681208,-0.038936,-0.07224,-0.0392335,194,250,09:35,fwd30,gain_now,1.2948e-12,4.7403e-12,0.0112304,True,True,True,True,True,True,True,True
444,0.00660304,0.789909,0.522523,-0.00941991,0.0229793,0.00682907,0.00642765,194,250,09:35,fwd30,pm_gain,0.430004,0.50789,0.0112304,True,False,False,False,True,False,True,False
444,0.00345049,0.419317,0.502252,-0.0122183,0.0194214,0.00393218,0.0030767,194,250,09:35,fwd30,gap7,0.675188,0.7375,0.0112304,True,False,False,False,True,False,True,False
444,0.00743641,0.818091,0.515766,-0.00995172,0.0249448,-0.00935612,0.0204674,194,250,09:35,fwd30,pressure30,0.413745,0.491038,0.0112304,True,False,False,False,False,False,False,False
444,-0.0077837,-1.01459,0.488739,-0.0228118,0.00684834,-0.0194375,0.00125962,194,250,09:35,fwd30,pressure30_nv,0.310856,0.387561,0.0112304,True,False,False,False,False,False,False,False
444,-0.0126026,-1.88255,0.475225,-0.0258006,0.000115404,-0.0163414,-0.00970119,194,250,09:35,fwd30,pressure30_bc,0.060417,0.0930486,0.0112304,True,False,False,True,True,False,False,False
444,-0.0102424,-1.3617,0.495495,-0.0249114,0.00430557,-0.0238412,0.000310172,194,250,09:35,fwd30,pressure30_t,0.173984,0.237475,0.0112304,True,False,False,False,False,False,False,False
444,-0.00701121,-0.919684,0.504505,-0.0219432,0.00758667,-0.0189284,0.00223648,194,250,09:35,fwd30,pressure10,0.358238,0.435941,0.0112304,True,False,False,False,False,False,False,False
444,-0.0286905,-3.96642,0.425676,-0.042569,-0.0143404,-0.0327869,-0.0255117,194,250,09:35,fwd30,log_dvol,8.50672e-05,0.000193926,0.0112304,True,True,True,True,True,True,True,True
444,-0.0257288,-3.35886,0.452703,-0.0404095,-0.010674,-0.043754,-0.0117412,194,250,09:35,fwd30,n_bars,0.000850274,0.00175331,0.0112304,True,True,True,True,False,True,True,False
440,-0.0143258,-2.11485,0.425,-0.0276776,-0.00123782,-0.0174666,-0.0118488,194,246,09:35,fwd30,stale_min,0.0350059,0.0573911,0.0112304,True,True,False,True,True,False,False,False
444,0.0384294,5.26408,0.594595,0.0240364,0.0524616,0.0518662,0.0280023,194,250,09:35,fwd30,no_trade_share,2.20078e-07,6.42389e-07,0.0112304,True,True,True,True,True,True,True,True
444,0.0460962,5.2602,0.594595,0.0285536,0.0631834,0.0449971,0.046949,194,250,09:35,fwd30,amihud,2.24489e-07,6.53058e-07,0.0112304,True,True,True,True,True,True,True,True
444,-0.118769,-13.0493,0.261261,-0.136843,-0.100745,-0.149244,-0.0951208,194,250,09:35,fwd30,corwin_schultz,3.67698e-33,2.26922e-32,0.0112304,True,True,True,True,True,True,True,True
444,-0.0236951,-2.52879,0.425676,-0.0417576,-0.00560112,-0.0170425,-0.0288574,194,250,09:35,fwd30,abdi_ranaldo,0.0117919,0.0214039,0.0112304,True,True,True,True,True,True,True,True
444,-0.0116114,-1.31526,0.448198,-0.0286314,0.00575794,-0.00371519,-0.0177388,194,250,09:35,fwd30,roll,0.189101,0.256087,0.0112304,True,False,False,True,False,False,False,False
444,-0.110454,-13.4984,0.259009,-0.126552,-0.0942325,-0.12675,-0.0978084,194,250,09:35,fwd30,bar_range,5.04729e-35,3.27884e-34,0.0112304,True,True,True,True,True,True,True,True
444,-0.00812417,-1.12568,0.488739,-0.0226984,0.00597536,-0.016194,-0.00186194,194,250,09:35,fwd30,log_price,0.260911,0.335457,0.0112304,True,False,False,False,False,False,False,False
444,-0.118382,-15.314,0.222973,-0.133924,-0.103568,-0.129253,-0.109946,194,250,09:35,fwd30,atr_pct,8.63583e-43,6.54505e-42,0.0112304,True,True,True,True,True,True,True,True
444,-0.00904461,-1.3074,0.497748,-0.0224847,0.00472354,-0.00970782,-0.00852997,194,250,09:35,fwd30,mins_since_cross,0.191754,0.258287,0.0112304,True,False,False,False,True,False,True,False
444,-0.0453256,-6.24235,0.376126,-0.0594801,-0.0308589,-0.0625641,-0.0319485,194,250,09:35,fwd30,close_pos,1.00995e-09,3.23185e-09,0.0112304,True,True,True,True,True,True,True,True
444,-0.00330907,-0.471092,0.5,-0.0168971,0.0105712,-0.00941383,0.00142822,194,250,09:35,fwd30,ctl_tickerhash,0.637807,0.706494,0.0112304,True,False,False,False,False,False,False,False
444,-0.0112304,-1.61838,0.463964,-0.0247854,0.00256113,-0.0070064,-0.0145083,194,250,09:35,fwd30,ctl_random,0.106292,0.15313,0.0112304,True,False,False,False,True,False,False,False
444,0.0256578,3.45355,0.560811,0.0111459,0.0403153,0.0257995,0.0255479,194,250,09:35,fwd30,c37_rank_score,0.00060646,0.00126565,0.0112304,True,True,True,True,True,True,True,True
444,0.0451273,5.8843,0.653153,0.0303177,0.0598747,0.0514072,0.0402541,194,250,09:35,fwd60,coil,7.89398e-09,2.41858e-08,0.0163592,True,True,True,True,True,True,True,True
444,-0.0451273,-5.8843,0.346847,-0.0598747,-0.0303177,-0.0514072,-0.0402541,194,250,09:35,fwd60,dist_sess_high_pct,7.89398e-09,2.41858e-08,0.0163592,True,True,True,True,True,True,True,True
444,0.0390461,5.03829,0.578829,0.0240628,0.0540525,0.0377017,0.0400893,194,250,09:35,fwd60,dist_high60,6.8529e-07,1.91615e-06,0.0163592,True,True,True,True,True,True,True,True
444,-0.0541823,-7.23798,0.367117,-0.069083,-0.039421,-0.077353,-0.0362019,194,250,09:35,fwd60,gain_now,2.02484e-12,7.28943e-12,0.0163592,True,True,True,True,True,True,True,True
444,0.0201466,2.30758,0.558559,0.00342505,0.036816,0.0282064,0.0138922,194,250,09:35,fwd60,pm_gain,0.0214824,0.0376486,0.0163592,True,True,True,True,True,True,True,True
444,0.0144019,1.67656,0.542793,-0.00221983,0.0308772,0.0235912,0.00727097,194,250,09:35,fwd60,gap7,0.094334,0.139086,0.0163592,True,False,False,False,False,False,True,False
444,0.0101952,1.14046,0.515766,-0.00697873,0.0274166,-0.0101818,0.0260077,194,250,09:35,fwd60,pressure30,0.254712,0.329448,0.0163592,True,False,False,False,False,False,False,False
444,-0.00959341,-1.25473,0.477477,-0.0243601,0.00530626,-0.0253443,0.00262931,194,250,09:35,fwd60,pressure30_nv,0.210238,0.281621,0.0163592,True,False,False,False,False,False,False,False
444,-0.0130645,-1.85674,0.468468,-0.0264338,0.000513886,-0.024498,-0.00419218,194,250,09:35,fwd60,pressure30_bc,0.064012,0.0977144,0.0163592,True,False,False,False,False,False,False,False
444,-0.0139095,-1.88367,0.472973,-0.0282632,0.000332944,-0.0322843,0.000349335,194,250,09:35,fwd60,pressure30_t,0.0602637,0.0929783,0.0163592,True,False,False,False,False,False,False,False
444,-0.0102894,-1.35623,0.497748,-0.0247689,0.00445779,-0.0280412,0.00348591,194,250,09:35,fwd60,pressure10,0.175717,0.239086,0.0163592,True,False,False,False,False,False,False,False
444,-0.0397433,-5.23789,0.421171,-0.0541699,-0.0249549,-0.0411861,-0.0386236,194,250,09:35,fwd60,log_dvol,2.51595e-07,7.29456e-07,0.0163592,True,True,True,True,True,True,True,True
444,-0.0316566,-4.01368,0.448198,-0.0467934,-0.0158302,-0.0450939,-0.0212293,194,250,09:35,fwd60,n_bars,7.01856e-05,0.000163893,0.0163592,True,True,True,True,True,True,True,True
441,-0.0151008,-2.11996,0.455782,-0.0290368,-0.00120864,-0.0203247,-0.0109977,194,247,09:35,fwd60,stale_min,0.0345684,0.0567815,0.0163592,True,True,False,False,True,False,False,False
444,0.0479291,6.57779,0.621622,0.0334643,0.0622572,0.0583791,0.0398198,194,250,09:35,fwd60,no_trade_share,1.34888e-10,4.44822e-10,0.0163592,True,True,True,True,True,True,True,True
444,0.0567268,6.36247,0.623874,0.0391774,0.0742203,0.059871,0.0542868,194,250,09:35,fwd60,amihud,4.95828e-10,1.60448e-09,0.0163592,True,True,True,True,True,True,True,True
444,-0.133793,-14.2619,0.236486,-0.152032,-0.115107,-0.171375,-0.10463,194,250,09:35,fwd60,corwin_schultz,3.01675e-38,2.11908e-37,0.0163592,True,True,True,True,True,True,True,True
444,-0.0193793,-2.00559,0.443694,-0.0383395,-0.000474289,-0.0226126,-0.0168703,194,250,09:35,fwd60,abdi_ranaldo,0.0455079,0.0726796,0.0163592,True,True,False,True,True,False,True,False
444,-0.00956106,-1.0379,0.452703,-0.0277729,0.00868006,-0.00267575,-0.0149041,194,250,09:35,fwd60,roll,0.299881,0.376595,0.0163592,True,False,False,False,False,False,False,False
444,-0.130928,-15.4114,0.240991,-0.147498,-0.114043,-0.142277,-0.12212,194,250,09:35,fwd60,bar_range,3.24189e-43,2.50089e-42,0.0163592,True,True,True,True,True,True,True,True
444,-0.00996629,-1.35785,0.475225,-0.0241582,0.00442549,-0.0241787,0.00106256,194,250,09:35,fwd60,log_price,0.175203,0.238763,0.0163592,True,False,False,False,False,False,False,False
444,-0.139794,-18.0361,0.191441,-0.155022,-0.12433,-0.151403,-0.130786,194,250,09:35,fwd60,atr_pct,6.26724e-55,6.22402e-54,0.0163592,True,True,True,True,True,True,True,True
444,-0.011456,-1.69192,0.463964,-0.0247294,0.00180043,-0.016833,-0.00728344,194,250,09:35,fwd60,mins_since_cross,0.0913645,0.135634,0.0163592,True,False,False,False,True,False,True,False
444,-0.0451557,-6.18024,0.385135,-0.0594137,-0.0306262,-0.0620676,-0.0320321,194,250,09:35,fwd60,close_pos,1.45284e-09,4.61492e-09,0.0163592,True,True,True,True,True,True,True,True
444,-0.00435642,-0.669297,0.506757,-0.0167958,0.00855861,-0.00271866,-0.00562732,194,250,09:35,fwd60,ctl_tickerhash,0.503655,0.58021,0.0163592,True,False,False,False,True,False,False,False
444,-0.0163592,-2.31,0.427928,-0.0303876,-0.00265197,-0.017885,-0.0151751,194,250,09:35,fwd60,ctl_random,0.0213468,0.0375763,0.0163592,True,True,True,False,True,False,False,False
444,0.0319597,4.16824,0.587838,0.0169943,0.0468648,0.0333469,0.0308832,194,250,09:35,fwd60,c37_rank_score,3.693e-05,8.98817e-05,0.0163592,True,True,True,True,True,True,True,True
444,0.061808,7.99255,0.653153,0.0468472,0.0768656,0.058399,0.0644534,194,250,09:35,fwd_flat,coil,1.15748e-14,4.46456e-14,0.0159542,True,True,True,True,True,True,True,True
444,-0.061808,-7.99255,0.346847,-0.0768656,-0.0468472,-0.058399,-0.0644534,194,250,09:35,fwd_flat,dist_sess_high_pct,1.15748e-14,4.46456e-14,0.0159542,True,True,True,True,True,True,True,True
444,0.0561866,6.87038,0.630631,0.0403856,0.0717576,0.0538076,0.0580327,194,250,09:35,fwd_flat,dist_high60,2.17923e-11,7.56166e-11,0.0159542,True,True,True,True,True,True,True,True
444,-0.0374407,-5.12506,0.391892,-0.0519182,-0.0232961,-0.0572309,-0.0220835,194,250,09:35,fwd_flat,gain_now,4.45059e-07,1.26908e-06,0.0159542,True,True,True,True,True,True,True,True
444,0.0482891,5.41551,0.599099,0.0306956,0.0654586,0.0565704,0.0418629,194,250,09:35,fwd_flat,pm_gain,1.00418e-07,2.96114e-07,0.0159542,True,True,True,True,True,True,True,True
444,0.0400044,4.50652,0.578829,0.0226385,0.0569207,0.0429868,0.03769,194,250,09:35,fwd_flat,gap7,8.44371e-06,2.18424e-05,0.0159542,True,True,True,True,True,True,True,True
444,0.0204458,2.31659,0.536036,0.00345499,0.0375762,0.00265448,0.0342518,194,250,09:35,fwd_flat,pressure30,0.0209814,0.0370714,0.0159542,True,True,True,True,False,True,False,False
444,-0.000433708,-0.0580645,0.493243,-0.0148734,0.0138263,-0.0138605,0.00998547,194,250,09:35,fwd_flat,pressure30_nv,0.953723,0.970574,0.0159542,True,False,False,False,False,False,False,False
444,-0.00203162,-0.281137,0.488739,-0.0161444,0.0117697,-0.0122222,0.00587624,194,250,09:35,fwd_flat,pressure30_bc,0.778737,0.824545,0.0159542,True,False,False,False,False,False,False,False
444,-0.0057756,-0.781048,0.484234,-0.0199414,0.00845408,-0.0186679,0.00422882,194,250,09:35,fwd_flat,pressure30_t,0.435191,0.510877,0.0159542,True,False,False,False,False,False,False,False
444,-0.00484838,-0.654773,0.497748,-0.0190377,0.00933165,-0.0158816,0.00371337,194,250,09:35,fwd_flat,pressure10,0.512954,0.590136,0.0159542,True,False,False,False,False,False,False,False
444,-0.0574053,-7.81925,0.371622,-0.0716389,-0.0430641,-0.0643381,-0.0520253,194,250,09:35,fwd_flat,log_dvol,3.91762e-14,1.49771e-13,0.0159542,True,True,True,True,True,True,True,True
444,-0.0444395,-5.94473,0.394144,-0.0590595,-0.0298578,-0.0535971,-0.0373332,194,250,09:35,fwd_flat,n_bars,5.6173e-09,1.74581e-08,0.0159542,True,True,True,True,True,True,True,True
441,-0.00793098,-1.10493,0.471655,-0.02201,0.00635069,-0.0129209,-0.00401175,194,247,09:35,fwd_flat,stale_min,0.269795,0.344827,0.0159542,True,False,False,False,False,False,False,False
444,0.0665727,9.09298,0.673423,0.0524427,0.0811742,0.0758204,0.0593964,194,250,09:35,fwd_flat,no_trade_share,3.26037e-18,1.37699e-17,0.0159542,True,True,True,True,True,True,True,True
444,0.0535367,6.00969,0.581081,0.0359894,0.0704113,0.0651031,0.0445611,194,250,09:35,fwd_flat,amihud,3.88465e-09,1.21606e-08,0.0159542,True,True,True,True,True,True,True,True
444,-0.158607,-16.9824,0.209459,-0.177057,-0.140324,-0.179494,-0.142398,194,250,09:35,fwd_flat,corwin_schultz,3.52478e-50,3.07617e-49,0.0159542,True,True,True,True,True,True,True,True
444,-0.0247819,-2.76642,0.477477,-0.0423848,-0.00734423,-0.0249662,-0.0246388,194,250,09:35,fwd_flat,abdi_ranaldo,0.00590466,0.0112124,0.0159542,True,True,True,True,True,True,True,True
444,-0.0119799,-1.39728,0.477477,-0.0286809,0.00496234,-0.013804,-0.0105645,194,250,09:35,fwd_flat,roll,0.163027,0.224292,0.0159542,True,False,False,False,True,False,False,False
444,-0.147678,-17.6182,0.207207,-0.164179,-0.13139,-0.150901,-0.145177,194,250,09:35,fwd_flat,bar_range,4.86181e-53,4.46873e-52,0.0159542,True,True,True,True,True,True,True,True
444,-0.00727701,-0.955702,0.477477,-0.0219585,0.00738796,-0.0212458,0.00356276,194,250,09:35,fwd_flat,log_price,0.339744,0.417586,0.0159542,True,False,False,False,False,False,False,False
444,-0.151333,-19.1522,0.166667,-0.166655,-0.135666,-0.154078,-0.149203,194,250,09:35,fwd_flat,atr_pct,5.26131e-60,5.47683e-59,0.0159542,True,True,True,True,True,True,True,True
444,-0.0139489,-2.01182,0.468468,-0.0275052,-0.000430382,-0.0132288,-0.0145078,194,250,09:35,fwd_flat,mins_since_cross,0.0448436,0.071883,0.0159542,True,True,False,False,True,False,True,False
444,-0.0386582,-5.13345,0.398649,-0.0535322,-0.0242041,-0.0489618,-0.0306626,194,250,09:35,fwd_flat,close_pos,4.26719e-07,1.22081e-06,0.0159542,True,True,True,True,True,True,True,True
444,-0.0081875,-1.23794,0.466216,-0.0210338,0.00485083,-0.0185049,-0.000181211,194,250,09:35,fwd_flat,ctl_tickerhash,0.216392,0.287635,0.0159542,True,False,False,False,False,False,False,False
444,-0.0159542,-2.21211,0.454955,-0.0303032,-0.00183578,-0.0223661,-0.0109786,194,250,09:35,fwd_flat,ctl_random,0.0274685,0.0468102,0.0159542,True,True,True,False,True,False,False,False
444,0.0432688,5.60387,0.614865,0.0284588,0.05846,0.0401319,0.0457031,194,250,09:35,fwd_flat,c37_rank_score,3.68934e-08,1.09917e-07,0.0159542,True,True,True,True,True,True,True,True
444,0.0719362,9.6795,0.684685,0.0574827,0.0859764,0.0784719,0.0668645,194,250,09:35,fwd60_nx,coil,3.14184e-20,1.41383e-19,0.0137346,True,True,True,True,True,True,True,True
444,-0.0719362,-9.6795,0.315315,-0.0859764,-0.0574827,-0.0784719,-0.0668645,194,250,09:35,fwd60_nx,dist_sess_high_pct,3.14184e-20,1.41383e-19,0.0137346,True,True,True,True,True,True,True,True
444,0.07015,9.44843,0.662162,0.0558885,0.0843138,0.0705874,0.0698106,194,250,09:35,fwd60_nx,dist_high60,2.00069e-19,8.73948e-19,0.0137346,True,True,True,True,True,True,True,True
444,-0.0408948,-5.38795,0.394144,-0.0561265,-0.0259561,-0.0595204,-0.0264413,194,250,09:35,fwd60_nx,gain_now,1.15989e-07,3.40866e-07,0.0137346,True,True,True,True,True,True,True,True
444,0.0114246,1.31836,0.513514,-0.0053182,0.0279718,0.0187975,0.0057033,194,250,09:35,fwd60_nx,pm_gain,0.188063,0.255081,0.0137346,True,False,False,False,False,False,True,False
444,0.00666465,0.789807,0.511261,-0.00940471,0.022719,0.0137278,0.00118364,194,250,09:35,fwd60_nx,gap7,0.430063,0.50789,0.0137346,True,False,False,False,False,False,True,False
444,0.00968228,1.13642,0.5,-0.00661853,0.026056,-0.0118863,0.0264195,194,250,09:35,fwd60_nx,pressure30,0.256397,0.331131,0.0137346,True,False,False,False,False,False,False,False
444,-2.7315e-05,-0.00380947,0.527027,-0.0136409,0.0140434,-0.0125559,0.00969486,194,250,09:35,fwd60_nx,pressure30_nv,0.996962,0.998649,0.0137346,True,False,False,False,False,False,False,False
444,-0.00219833,-0.320502,0.486486,-0.015432,0.0111207,-0.0152804,0.00795332,194,250,09:35,fwd60_nx,pressure30_bc,0.748739,0.801624,0.0137346,True,False,False,False,False,False,False,False
444,-0.00313291,-0.447631,0.527027,-0.0166682,0.0105013,-0.0177027,0.00817327,194,250,09:35,fwd60_nx,pressure30_t,0.654638,0.717776,0.0137346,True,False,False,False,False,False,False,False
444,-0.00103087,-0.143675,0.529279,-0.0145954,0.0131477,-0.0157591,0.0103982,194,250,09:35,fwd60_nx,pressure10,0.885822,0.919032,0.0137346,True,False,False,False,False,False,False,False
444,-0.0517201,-7.0363,0.380631,-0.0659236,-0.0375423,-0.0564898,-0.0480189,194,250,09:35,fwd60_nx,log_dvol,7.54427e-12,2.67141e-11,0.0137346,True,True,True,True,True,True,True,True
444,-0.0430323,-5.69958,0.423423,-0.0575128,-0.0281631,-0.0549262,-0.0338026,194,250,09:35,fwd60_nx,n_bars,2.19468e-08,6.60698e-08,0.0137346,True,True,True,True,True,True,True,True
441,-0.00647892,-0.96378,0.442177,-0.0195873,0.00660703,-0.00577203,-0.00703413,194,247,09:35,fwd60_nx,stale_min,0.335686,0.413741,0.0137346,True,False,False,False,True,False,False,False
444,0.0581511,8.16112,0.657658,0.0438718,0.0721128,0.0701582,0.0488335,194,250,09:35,fwd60_nx,no_trade_share,3.47125e-15,1.36948e-14,0.0137346,True,True,True,True,True,True,True,True
444,0.0528403,5.95515,0.605856,0.0355177,0.0699061,0.0607414,0.046709,194,250,09:35,fwd60_nx,amihud,5.29601e-09,1.6519e-08,0.0137346,True,True,True,True,True,True,True,True
444,-0.132937,-14.4473,0.234234,-0.150938,-0.114691,-0.168778,-0.105125,194,250,09:35,fwd60_nx,corwin_schultz,4.86407e-39,3.50213e-38,0.0137346,True,True,True,True,True,True,True,True
444,-0.0171208,-1.8127,0.459459,-0.0353706,0.00173557,-0.0130476,-0.0202816,194,250,09:35,fwd60_nx,abdi_ranaldo,0.0705544,0.106572,0.0137346,True,False,False,True,True,False,True,False
444,-0.00946476,-1.02344,0.448198,-0.0276394,0.00874861,-0.00170961,-0.0154828,194,250,09:35,fwd60_nx,roll,0.306659,0.38399,0.0137346,True,False,False,False,False,False,False,False
444,-0.134919,-15.5264,0.234234,-0.151885,-0.117751,-0.149148,-0.123878,194,250,09:35,fwd60_nx,bar_range,1.01601e-43,8.05348e-43,0.0137346,True,True,True,True,True,True,True,True
444,-0.00641126,-0.870303,0.504505,-0.0207277,0.00796361,-0.0206353,0.00462662,194,250,09:35,fwd60_nx,log_price,0.384606,0.462734,0.0137346,True,False,False,False,False,False,False,False
444,-0.134119,-17.1414,0.202703,-0.149401,-0.118813,-0.146517,-0.124498,194,250,09:35,fwd60_nx,atr_pct,6.81518e-51,6.07043e-50,0.0137346,True,True,True,True,True,True,True,True
444,-0.0219974,-3.34412,0.427928,-0.0349058,-0.00909828,-0.0244064,-0.020128,194,250,09:35,fwd60_nx,mins_since_cross,0.000895586,0.00183797,0.0137346,True,True,True,True,True,True,True,True
444,-0.0202888,-2.73582,0.43018,-0.0346346,-0.00567942,-0.0367703,-0.00749912,194,250,09:35,fwd60_nx,close_pos,0.00647252,0.0122102,0.0137346,True,True,True,True,False,True,True,False
444,-0.00821779,-1.25814,0.493243,-0.0208896,0.00457011,-0.0074827,-0.00878822,194,250,09:35,fwd60_nx,ctl_tickerhash,0.209004,0.280403,0.0137346,True,False,False,False,True,False,False,False
444,-0.0137346,-1.93454,0.448198,-0.0276216,0.000124882,-0.00945105,-0.0170586,194,250,09:35,fwd60_nx,ctl_random,0.0536835,0.0838745,0.0137346,True,False,False,False,True,False,False,False
444,0.0442043,5.87152,0.61036,0.029194,0.0588122,0.0464436,0.0424666,194,250,09:35,fwd60_nx,c37_rank_score,8.47967e-09,2.58885e-08,0.0137346,True,True,True,True,True,True,True,True
444,0.0787105,10.2939,0.689189,0.0636489,0.0936539,0.0774161,0.079715,194,250,09:35,fwd_flat_nx,coil,1.99975e-22,9.28918e-22,0.0144703,True,True,True,True,True,True,True,True
444,-0.0787105,-10.2939,0.310811,-0.0936539,-0.0636489,-0.0774161,-0.079715,194,250,09:35,fwd_flat_nx,dist_sess_high_pct,1.99975e-22,9.28918e-22,0.0144703,True,True,True,True,True,True,True,True
444,0.0746236,9.33645,0.682432,0.0591866,0.0899371,0.0749469,0.0743727,194,250,09:35,fwd_flat_nx,dist_high60,4.85627e-19,2.09791e-18,0.0144703,True,True,True,True,True,True,True,True
444,-0.0300319,-4.06163,0.396396,-0.0446431,-0.0155771,-0.0473323,-0.0166068,194,250,09:35,fwd_flat_nx,gain_now,5.76326e-05,0.000137175,0.0144703,True,True,True,True,True,True,True,True
444,0.0408025,4.61674,0.59009,0.0235499,0.0578764,0.0474027,0.0356808,194,250,09:35,fwd_flat_nx,pm_gain,5.11432e-06,1.33902e-05,0.0144703,True,True,True,True,True,True,True,True
444,0.0323699,3.69879,0.563063,0.0152086,0.0490999,0.0336768,0.0313558,194,250,09:35,fwd_flat_nx,gap7,0.000243845,0.000528025,0.0144703,True,True,True,True,True,True,True,True
444,0.0168717,1.95652,0.54955,0.00015353,0.0335296,-0.000433039,0.0303001,194,250,09:35,fwd_flat_nx,pressure30,0.0510324,0.0800319,0.0144703,True,True,False,True,False,False,False,False
444,0.00305971,0.422115,0.502252,-0.0109355,0.0172221,-0.00880096,0.0122636,194,250,09:35,fwd_flat_nx,pressure30_nv,0.673146,0.7362,0.0144703,True,False,False,False,False,False,False,False
444,0.00375801,0.519541,0.5,-0.0103144,0.0176779,-0.00653499,0.0117454,194,250,09:35,fwd_flat_nx,pressure30_bc,0.603643,0.674706,0.0144703,True,False,False,False,False,False,False,False
444,-0.00171782,-0.237892,0.504505,-0.0155406,0.0124461,-0.0111396,0.0055935,194,250,09:35,fwd_flat_nx,pressure30_t,0.812075,0.85565,0.0144703,True,False,False,False,False,False,False,False
444,-0.00145369,-0.200913,0.5,-0.0153457,0.0125993,-0.00954093,0.00482202,194,250,09:35,fwd_flat_nx,pressure10,0.840859,0.882749,0.0144703,True,False,False,False,False,False,False,False
444,-0.068576,-9.50336,0.342342,-0.082617,-0.0543498,-0.0788333,-0.0606164,194,250,09:35,fwd_flat_nx,log_dvol,1.29173e-19,5.72336e-19,0.0144703,True,True,True,True,True,True,True,True
444,-0.0541146,-7.32594,0.364865,-0.0683411,-0.0399428,-0.0639906,-0.0464507,194,250,09:35,fwd_flat_nx,n_bars,1.13097e-12,4.15812e-12,0.0144703,True,True,True,True,True,True,True,True
441,-0.000853377,-0.122934,0.482993,-0.0145297,0.0128352,-0.00201159,5.63084e-05,194,247,09:35,fwd_flat_nx,stale_min,0.902216,0.932433,0.0144703,True,False,False,False,False,False,False,False
444,0.0753314,10.4867,0.68018,0.0614759,0.0895219,0.0872856,0.066055,194,250,09:35,fwd_flat_nx,no_trade_share,3.93767e-23,1.84899e-22,0.0144703,True,True,True,True,True,True,True,True
444,0.0524491,5.8665,0.585586,0.034911,0.0694865,0.0675225,0.0407521,194,250,09:35,fwd_flat_nx,amihud,8.72117e-09,2.6532e-08,0.0144703,True,True,True,True,True,True,True,True
444,-0.157476,-16.6469,0.198198,-0.175895,-0.139181,-0.180988,-0.13923,194,250,09:35,fwd_flat_nx,corwin_schultz,1.11633e-48,9.36413e-48,0.0144703,True,True,True,True,True,True,True,True
444,-0.0209051,-2.3084,0.466216,-0.0388473,-0.00322958,-0.0168903,-0.0240205,194,250,09:35,fwd_flat_nx,abdi_ranaldo,0.0214364,0.0376445,0.0144703,True,True,True,True,True,True,True,True
444,-0.00872898,-1.01115,0.486486,-0.0257565,0.00816155,-0.0103425,-0.0074769,194,250,09:35,fwd_flat_nx,roll,0.312497,0.389046,0.0144703,True,False,False,False,True,False,False,False
444,-0.150053,-17.8282,0.20045,-0.166516,-0.133562,-0.158114,-0.143797,194,250,09:35,fwd_flat_nx,bar_range,5.47179e-54,5.13872e-53,0.0144703,True,True,True,True,True,True,True,True
444,-0.00679977,-0.88191,0.490991,-0.0216525,0.00807418,-0.0228396,0.00564714,194,250,09:35,fwd_flat_nx,log_price,0.378304,0.456362,0.0144703,True,False,False,False,False,False,False,False
444,-0.145171,-18.3829,0.204955,-0.160447,-0.129871,-0.14916,-0.142075,194,250,09:35,fwd_flat_nx,atr_pct,1.67388e-56,1.68166e-55,0.0144703,True,True,True,True,True,True,True,True
444,-0.0208731,-3.06646,0.432432,-0.0341783,-0.00761405,-0.0206611,-0.0210375,194,250,09:35,fwd_flat_nx,mins_since_cross,0.00229868,0.00449334,0.0144703,True,True,True,True,True,True,True,True
444,-0.0228398,-2.98508,0.445946,-0.0379775,-0.00815924,-0.0310323,-0.0164824,194,250,09:35,fwd_flat_nx,close_pos,0.00299204,0.00582234,0.0144703,True,True,True,True,True,True,True,True
444,-0.00937688,-1.42085,0.461712,-0.022273,0.00348041,-0.0200205,-0.00111745,194,250,09:35,fwd_flat_nx,ctl_tickerhash,0.156065,0.215744,0.0144703,True,False,False,False,False,False,False,False
444,-0.0144703,-1.97571,0.457207,-0.0288656,-9.81874e-05,-0.0154241,-0.0137301,194,250,09:35,fwd_flat_nx,ctl_random,0.0488082,0.0773766,0.0144703,True,True,False,False,True,False,False,False
444,0.0499503,6.58516,0.623874,0.0350521,0.0648173,0.0477672,0.0516444,194,250,09:35,fwd_flat_nx,c37_rank_score,1.28934e-10,4.28457e-10,0.0144703,True,True,True,True,True,True,True,True
444,0.0816184,10.6705,0.693694,0.0665604,0.0964198,0.0826269,0.0808359,194,250,09:35,fwd_flat_nx5,coil,8.22872e-24,3.94978e-23,0.0154196,True,True,True,True,True,True,True,True
444,-0.0816184,-10.6705,0.306306,-0.0964198,-0.0665604,-0.0826269,-0.0808359,194,250,09:35,fwd_flat_nx5,dist_sess_high_pct,8.22872e-24,3.94978e-23,0.0154196,True,True,True,True,True,True,True,True
444,0.0768478,9.60879,0.691441,0.060972,0.0921656,0.0792563,0.0749789,194,250,09:35,fwd_flat_nx5,dist_high60,5.55277e-20,2.4858e-19,0.0154196,True,True,True,True,True,True,True,True
444,-0.0345571,-4.55263,0.414414,-0.0495599,-0.0196825,-0.0569524,-0.0171783,194,250,09:35,fwd_flat_nx5,gain_now,6.85442e-06,1.7838e-05,0.0154196,True,True,True,True,False,True,True,False
444,0.0395911,4.32455,0.601351,0.021742,0.0575239,0.0396221,0.039567,194,250,09:35,fwd_flat_nx5,pm_gain,1.88991e-05,4.72943e-05,0.0154196,True,True,True,True,True,True,True,True
444,0.0299772,3.36754,0.583333,0.0127406,0.0472891,0.0256237,0.0333556,194,250,09:35,fwd_flat_nx5,gap7,0.000824614,0.00170446,0.0154196,True,True,True,True,True,True,True,True
444,0.020153,2.3295,0.527027,0.00341369,0.0368756,0.00396745,0.032713,194,250,09:35,fwd_flat_nx5,pressure30,0.0202813,0.0359815,0.0154196,True,True,True,True,False,True,False,False
444,0.00959366,1.29695,0.536036,-0.00474097,0.0240674,-2.25216e-06,0.0170401,194,250,09:35,fwd_flat_nx5,pressure30_nv,0.195323,0.262455,0.0154196,True,False,False,False,False,False,False,False
444,0.00941037,1.24447,0.518018,-0.00553697,0.0241643,-0.000472249,0.0170793,194,250,09:35,fwd_flat_nx5,pressure30_bc,0.213985,0.285261,0.0154196,True,False,False,False,False,False,False,False
444,0.00730331,0.991534,0.522523,-0.00699623,0.0217255,0.00100993,0.012187,194,250,09:35,fwd_flat_nx5,pressure30_t,0.321966,0.399682,0.0154196,True,False,False,False,False,False,False,False
444,0.00702919,0.969304,0.515766,-0.00711577,0.0212193,0.00276007,0.010342,194,250,09:35,fwd_flat_nx5,pressure10,0.332922,0.411509,0.0154196,True,False,False,False,False,False,False,False
444,-0.0741736,-9.95362,0.328829,-0.0887033,-0.0594349,-0.088087,-0.0633768,194,250,09:35,fwd_flat_nx5,log_dvol,3.37e-21,1.53246e-20,0.0154196,True,True,True,True,True,True,True,True
444,-0.0571716,-7.55212,0.353604,-0.0720878,-0.0425845,-0.0707763,-0.0466143,194,250,09:35,fwd_flat_nx5,n_bars,2.46929e-13,9.31644e-13,0.0154196,True,True,True,True,True,True,True,True
433,0.00593112,0.804631,0.503464,-0.00815809,0.020498,0.00890842,0.00358126,191,242,09:35,fwd_flat_nx5,stale_min,0.421475,0.499526,0.0154196,True,False,False,False,True,False,False,False
444,0.0807994,10.9782,0.682432,0.0667562,0.0950321,0.0951304,0.0696785,194,250,09:35,fwd_flat_nx5,no_trade_share,5.77764e-25,2.97136e-24,0.0154196,True,True,True,True,True,True,True,True
444,0.0589859,6.54507,0.612613,0.0412784,0.0763216,0.077442,0.0446639,194,250,09:35,fwd_flat_nx5,amihud,1.64756e-10,5.39202e-10,0.0154196,True,True,True,True,True,True,True,True
444,-0.156019,-16.6506,0.211712,-0.174551,-0.137899,-0.182263,-0.135653,194,250,09:35,fwd_flat_nx5,corwin_schultz,1.07396e-48,9.0971e-48,0.0154196,True,True,True,True,True,True,True,True
444,-0.0143826,-1.58063,0.472973,-0.0325518,0.00329493,-0.0193369,-0.0105381,194,250,09:35,fwd_flat_nx5,abdi_ranaldo,0.114677,0.16455,0.0154196,True,False,False,False,True,False,True,False
444,-0.00777376,-0.88912,0.495495,-0.024859,0.00941605,-0.0127382,-0.00392133,194,250,09:35,fwd_flat_nx5,roll,0.374421,0.454124,0.0154196,True,False,False,False,False,False,False,False
444,-0.145818,-17.4081,0.216216,-0.162199,-0.129411,-0.156371,-0.137629,194,250,09:35,fwd_flat_nx5,bar_range,4.30561e-52,3.91584e-51,0.0154196,True,True,True,True,True,True,True,True
444,-0.012947,-1.66967,0.475225,-0.0280268,0.00183185,-0.0301121,0.000373207,194,250,09:35,fwd_flat_nx5,log_price,0.0956919,0.140609,0.0154196,True,False,False,False,False,False,False,False
444,-0.139529,-17.3872,0.20045,-0.154983,-0.123961,-0.144524,-0.135653,194,250,09:35,fwd_flat_nx5,atr_pct,5.34906e-52,4.81415e-51,0.0154196,True,True,True,True,True,True,True,True
444,-0.0242258,-3.58554,0.436937,-0.0374744,-0.0110029,-0.0280335,-0.0212709,194,250,09:35,fwd_flat_nx5,mins_since_cross,0.000373799,0.000799413,0.0154196,True,True,True,True,True,True,True,True
444,-0.0167862,-2.12231,0.468468,-0.0323977,-0.00137747,-0.0216471,-0.0130142,194,250,09:35,fwd_flat_nx5,close_pos,0.0343663,0.0565763,0.0154196,True,True,False,True,True,False,True,False
444,-0.00619462,-0.888493,0.497748,-0.0198567,0.00731264,-0.0134324,-0.000578095,194,250,09:35,fwd_flat_nx5,ctl_tickerhash,0.374758,0.454124,0.0154196,True,False,False,False,False,False,False,False
444,-0.0154196,-2.1376,0.452703,-0.0296878,-0.00145669,-0.0192583,-0.0124407,194,250,09:35,fwd_flat_nx5,ctl_random,0.0330959,0.0547794,0.0154196,True,True,False,False,True,False,False,False
444,0.052364,6.86509,0.632883,0.037515,0.0673462,0.0512172,0.0532539,194,250,09:35,fwd_flat_nx5,c37_rank_score,2.25352e-11,7.78816e-11,0.0154196,True,True,True,True,True,True,True,True
444,-0.211597,-28.2176,0.0878378,-0.226292,-0.196821,-0.216203,-0.208023,194,250,09:35,peak60,coil,5.23617e-101,9.8349e-100,0.00818956,False,True,True,True,True,True,False,False
444,0.211597,28.2176,0.912162,0.196821,0.226292,0.216203,0.208023,194,250,09:35,peak60,dist_sess_high_pct,5.23617e-101,9.8349e-100,0.00818956,False,True,True,True,True,True,False,False
444,-0.178286,-22.8244,0.13964,-0.193738,-0.162866,-0.192852,-0.166983,194,250,09:35,peak60,dist_high60,8.34037e-77,1.02944e-75,0.00818956,False,True,True,True,True,True,False,False
444,0.165606,24.5645,0.885135,0.152406,0.178921,0.154512,0.174215,194,250,09:35,peak60,gain_now,1.0262e-84,1.43006e-83,0.00818956,False,True,True,True,True,True,False,False
444,0.0527521,6.26655,0.608108,0.0362263,0.0688359,0.0524295,0.0530024,194,250,09:35,peak60,pm_gain,8.75831e-10,2.82358e-09,0.00818956,False,True,True,True,True,True,True,False
444,0.0631497,7.50133,0.655405,0.0466505,0.0792356,0.0672266,0.0599861,194,250,09:35,peak60,gap7,3.48568e-13,1.30374e-12,0.00818956,False,True,True,True,True,True,True,False
444,-0.0101057,-1.16065,0.463964,-0.0267564,0.00687951,-0.0176378,-0.00426086,194,250,09:35,peak60,pressure30,0.246409,0.319665,0.00818956,False,False,False,True,False,False,False,False
444,-0.00812499,-1.082,0.502252,-0.0226677,0.00603187,-0.0159526,-0.00205076,194,250,09:35,peak60,pressure30_nv,0.279839,0.355848,0.00818956,False,False,False,False,False,False,False,False
444,-0.031856,-4.51273,0.427928,-0.0456115,-0.0179526,-0.0225192,-0.0391014,194,250,09:35,peak60,pressure30_bc,8.21077e-06,2.13036e-05,0.00818956,False,True,True,True,True,True,False,False
444,-0.0102832,-1.39951,0.481982,-0.024575,0.0037749,-0.0197997,-0.00289842,194,250,09:35,peak60,pressure30_t,0.162359,0.223729,0.00818956,False,False,False,True,False,False,False,False
444,0.000474268,0.062646,0.515766,-0.0141868,0.0149884,-0.00704409,0.00630851,194,250,09:35,peak60,pressure10,0.950077,0.969146,0.00818956,False,False,False,False,False,False,False,False
444,0.116714,15.922,0.777027,0.102406,0.131473,0.133868,0.103403,194,250,09:35,peak60,log_dvol,1.84604e-45,1.51903e-44,0.00818956,False,True,True,True,True,True,False,False
444,0.185228,25.7974,0.880631,0.171043,0.199845,0.194869,0.177747,194,250,09:35,peak60,n_bars,2.86814e-90,4.50559e-89,0.00818956,False,True,True,True,True,True,False,False
441,-0.0580697,-7.34218,0.340136,-0.0736788,-0.0428768,-0.0876461,-0.0348397,194,247,09:35,peak60,stale_min,1.0252e-12,3.78535e-12,0.00818956,False,True,True,True,True,True,False,False
444,-0.191543,-27.5928,0.0833333,-0.205514,-0.17825,-0.207445,-0.179202,194,250,09:35,peak60,no_trade_share,2.93769e-98,5.28785e-97,0.00818956,False,True,True,True,True,True,False,False
444,0.0657969,7.70994,0.648649,0.0483727,0.082382,0.0524199,0.0761775,194,250,09:35,peak60,amihud,8.3689e-14,3.18534e-13,0.00818956,False,True,True,True,True,True,True,False
444,0.280012,31.1615,0.918919,0.262503,0.297321,0.27963,0.280308,194,250,09:35,peak60,corwin_schultz,1.0249e-113,2.3303e-112,0.00818956,False,True,True,True,True,True,False,False
444,0.0862164,9.20126,0.675676,0.0679608,0.104584,0.0908971,0.0825842,194,250,09:35,peak60,abdi_ranaldo,1.40361e-18,6.03343e-18,0.00818956,False,True,True,True,True,True,False,False
444,0.0818983,8.85425,0.693694,0.0637177,0.100084,0.0828748,0.0811406,194,250,09:35,peak60,roll,2.04188e-17,8.44106e-17,0.00818956,False,True,True,True,True,True,False,False
444,0.27139,35.4829,0.95045,0.256664,0.286244,0.280141,0.2646,194,250,09:35,peak60,bar_range,1.45395e-131,4.48646e-130,0.00818956,False,True,True,True,True,True,False,False
444,-0.101068,-13.3472,0.281532,-0.115989,-0.0860405,-0.0547562,-0.137006,194,250,09:35,peak60,log_price,2.15321e-34,1.36792e-33,0.00818956,False,True,True,True,True,True,False,False
444,0.213858,27.4226,0.900901,0.19833,0.228967,0.200699,0.22407,194,250,09:35,peak60,atr_pct,1.65985e-97,2.92675e-96,0.00818956,False,True,True,True,True,True,False,False
444,0.0810673,10.8208,0.68018,0.0661286,0.0960028,0.078284,0.0832271,194,250,09:35,peak60,mins_since_cross,2.25905e-24,1.12174e-23,0.00818956,False,True,True,True,True,True,False,False
444,-0.0254185,-3.59004,0.434685,-0.0393746,-0.0115882,-0.041399,-0.0130177,194,250,09:35,peak60,close_pos,0.000367578,0.000788059,0.00818956,False,True,True,True,False,True,True,False
444,5.89885e-05,0.00894675,0.488739,-0.0130363,0.0129501,0.00542527,-0.00410525,194,250,09:35,peak60,ctl_tickerhash,0.992866,0.996325,0.00818956,False,False,False,False,False,False,False,False
444,-0.00818956,-1.20837,0.463964,-0.0214288,0.00539218,-0.014678,-0.00315455,194,250,09:35,peak60,ctl_random,0.227551,0.299246,0.00818956,False,False,False,False,False,False,False,False
444,-0.0988273,-13.5866,0.261261,-0.112846,-0.0844954,-0.103645,-0.0950889,194,250,09:35,peak60,c37_rank_score,2.1581e-35,1.42336e-34,0.00818956,False,True,True,True,True,True,False,False
444,-0.208698,-26.3647,0.112613,-0.224399,-0.193269,-0.214357,-0.204306,194,250,09:35,peak_flat,coil,8.3094e-93,1.38064e-91,0.0153671,False,True,True,True,True,True,False,False
444,0.208698,26.3647,0.887387,0.193269,0.224399,0.214357,0.204306,194,250,09:35,peak_flat,dist_sess_high_pct,8.3094e-93,1.38064e-91,0.0153671,False,True,True,True,True,True,False,False
444,-0.161729,-19.6875,0.175676,-0.177799,-0.145568,-0.171805,-0.153911,194,250,09:35,peak_flat,dist_high60,1.8896e-62,2.01557e-61,0.0153671,False,True,True,True,True,True,False,False
444,0.197144,28.4258,0.905405,0.183155,0.210626,0.184805,0.206719,194,250,09:35,peak_flat,gain_now,6.40815e-102,1.25833e-100,0.0153671,False,True,True,True,True,True,False,False
444,0.0918716,10.7428,0.707207,0.0751336,0.108462,0.0901095,0.093239,194,250,09:35,peak_flat,pm_gain,4.42405e-24,2.15953e-23,0.0153671,False,True,True,True,True,True,True,False
444,0.101874,11.9065,0.738739,0.0852273,0.118259,0.104764,0.099631,194,250,09:35,peak_flat,gap7,1.497e-28,8.23828e-28,0.0153671,False,True,True,True,True,True,True,False
444,-0.0140546,-1.57153,0.470721,-0.0312286,0.0033317,-0.0212731,-0.00845306,194,250,09:35,peak_flat,pressure30,0.116774,0.166764,0.0153671,False,False,False,False,True,False,False,False
444,-0.0137286,-1.77434,0.484234,-0.0288636,0.00122062,-0.0194139,-0.00931685,194,250,09:35,peak_flat,pressure30_nv,0.0766934,0.11524,0.0153671,False,False,False,False,True,False,False,False
444,-0.0359256,-4.9893,0.421171,-0.050064,-0.0217296,-0.0278967,-0.042156,194,250,09:35,peak_flat,pressure30_bc,8.72082e-07,2.42276e-06,0.0153671,False,True,True,True,True,True,False,False
444,-0.0163709,-2.15589,0.490991,-0.0315128,-0.00173602,-0.0214647,-0.0124182,194,250,09:35,peak_flat,pressure30_t,0.0316299,0.0526386,0.0153671,False,True,False,True,True,False,False,False
444,-0.00452029,-0.581787,0.515766,-0.0193804,0.0104541,-0.00784654,-0.00193912,194,250,09:35,peak_flat,pressure10,0.561006,0.634836,0.0153671,False,False,False,False,False,False,False,False
444,0.0667815,9.09748,0.662162,0.0524278,0.0812684,0.0758001,0.0597831,194,250,09:35,peak_flat,log_dvol,3.14865e-18,1.34012e-17,0.0153671,False,True,True,True,True,True,False,False
444,0.169513,24.077,0.88964,0.155454,0.183481,0.176798,0.16386,194,250,09:35,peak_flat,n_bars,1.6594e-82,2.27575e-81,0.0153671,False,True,True,True,True,True,False,False
441,-0.0238275,-3.06858,0.428571,-0.0388401,-0.00880813,-0.0468167,-0.00577121,194,247,09:35,peak_flat,stale_min,0.00228367,0.00447412,0.0153671,False,True,True,True,False,True,False,False
444,-0.163449,-23.438,0.117117,-0.177072,-0.149878,-0.173564,-0.1556,194,250,09:35,peak_flat,no_trade_share,1.33187e-79,1.71752e-78,0.0153671,False,True,True,True,True,True,False,False
444,0.0970538,11.2667,0.704955,0.0796935,0.113856,0.0937187,0.0996418,194,250,09:35,peak_flat,amihud,4.61198e-26,2.38608e-25,0.0153671,False,True,True,True,True,True,True,False
444,0.269853,29.4665,0.878378,0.251966,0.287533,0.266252,0.272647,194,250,09:35,peak_flat,corwin_schultz,1.89181e-106,3.98664e-105,0.0153671,False,True,True,True,True,True,False,False
444,0.099477,10.8905,0.711712,0.0814483,0.117041,0.105112,0.0951045,194,250,09:35,peak_flat,abdi_ranaldo,1.23691e-24,6.28641e-24,0.0153671,False,True,True,True,True,True,False,False
444,0.0984913,10.8267,0.698198,0.0805085,0.116058,0.0942383,0.101792,194,250,09:35,peak_flat,roll,2.14727e-24,1.08494e-23,0.0153671,False,True,True,True,True,True,False,False
444,0.2381,30.0514,0.934685,0.223017,0.253395,0.245816,0.232113,194,250,09:35,peak_flat,bar_range,5.66546e-109,1.25512e-107,0.0153671,False,True,True,True,True,True,False,False
444,-0.0929265,-11.7566,0.265766,-0.108388,-0.0776722,-0.0438416,-0.131016,194,250,09:35,peak_flat,log_price,5.81936e-28,3.12293e-27,0.0153671,False,True,True,True,True,True,False,False
444,0.208118,25.8063,0.894144,0.192148,0.223643,0.193802,0.219228,194,250,09:35,peak_flat,atr_pct,2.61593e-90,4.18548e-89,0.0153671,False,True,True,True,True,True,False,False
444,0.0964362,12.5292,0.731982,0.0813517,0.111784,0.0912652,0.100449,194,250,09:35,peak_flat,mins_since_cross,4.87662e-31,2.86626e-30,0.0153671,False,True,True,True,True,True,False,False
444,-0.0191676,-2.64091,0.463964,-0.0334464,-0.00513993,-0.0308995,-0.0100637,194,250,09:35,peak_flat,close_pos,0.0085606,0.015838,0.0153671,False,True,True,True,False,False,True,False
444,-0.0109055,-1.71414,0.461712,-0.0234664,0.0015084,-0.00631495,-0.0144678,194,250,09:35,peak_flat,ctl_tickerhash,0.0872028,0.129902,0.0153671,False,False,False,False,True,False,False,False
444,-0.0153671,-2.29027,0.441441,-0.0286723,-0.00193138,-0.0254147,-0.00757014,194,250,09:35,peak_flat,ctl_random,0.022475,0.0392291,0.0153671,False,True,True,False,False,False,False,False
444,-0.118469,-15.7407,0.213964,-0.132856,-0.103916,-0.122893,-0.115037,194,250,09:35,peak_flat,c37_rank_score,1.16271e-44,9.47715e-44,0.0153671,False,True,True,True,True,True,False,False
444,-0.00799062,-1.17341,0.477477,-0.0213059,0.00542562,-0.0223671,0.00316551,194,250,10:00,fwd30,coil,0.241261,0.314878,0.00930372,True,False,False,False,False,False,False,False
444,0.00799062,1.17341,0.522523,-0.00542562,0.0213059,0.0223671,-0.00316551,194,250,10:00,fwd30,dist_sess_high_pct,0.241261,0.314878,0.00930372,True,False,False,False,False,False,False,False
444,-0.0128697,-1.8674,0.475225,-0.0263148,0.000534818,-0.0288119,-0.000498518,194,250,10:00,fwd30,dist_high60,0.0625061,0.095754,0.00930372,True,False,False,True,False,False,False,False
444,-0.0425788,-6.69244,0.358108,-0.0552777,-0.0300507,-0.0675757,-0.0231813,194,250,10:00,fwd30,gain_now,6.65176e-11,2.22757e-10,0.00930372,True,True,True,True,True,True,False,False
444,0.0143889,1.84733,0.513514,-0.000645069,0.0297299,0.0272687,0.00439412,194,250,10:00,fwd30,pm_gain,0.0653653,0.0994289,0.00930372,True,False,False,True,False,False,True,False
444,0.00828231,1.08028,0.515766,-0.00672651,0.0234166,0.0180085,0.000734821,194,250,10:00,fwd30,gap7,0.280607,0.355848,0.00930372,True,False,False,False,False,False,True,False
444,0.000856798,0.120429,0.511261,-0.0130306,0.0149061,-0.0108525,0.00994319,194,250,10:00,fwd30,pressure30,0.904198,0.933366,0.00930372,True,False,False,False,False,False,False,False
444,-0.00500381,-0.822905,0.5,-0.0167944,0.00696991,-0.0142065,0.00213747,194,250,10:00,fwd30,pressure30_nv,0.411005,0.489129,0.00930372,True,False,False,False,False,False,False,False
444,-0.0110981,-1.74831,0.466216,-0.0237267,0.00114177,-0.0274234,0.00157041,194,250,10:00,fwd30,pressure30_bc,0.0811037,0.121445,0.00930372,True,False,False,True,False,False,False,False
444,-0.00129267,-0.213732,0.502252,-0.013054,0.0104942,-0.0106734,0.00598676,194,250,10:00,fwd30,pressure30_t,0.830855,0.873307,0.00930372,True,False,False,False,False,False,False,False
444,-0.011898,-2.11375,0.439189,-0.0230516,-0.000856704,-0.0208976,-0.00491434,194,250,10:00,fwd30,pressure10,0.0350946,0.0574275,0.00930372,True,True,False,True,False,False,False,False
444,0.0145006,2.29997,0.551802,0.00212461,0.0269034,0.0182301,0.0116065,194,250,10:00,fwd30,log_dvol,0.0219141,0.0383274,0.00930372,True,True,True,True,True,False,False,False
444,0.0134312,2.12489,0.540541,0.000949523,0.025849,0.0219907,0.00678891,194,250,10:00,fwd30,n_bars,0.0341485,0.0564135,0.00930372,True,True,False,True,False,False,False,False
444,-0.0186909,-3.25159,0.436937,-0.0298064,-0.00720916,-0.0258281,-0.0131525,194,250,10:00,fwd30,stale_min,0.00123523,0.00249939,0.00930372,True,True,True,True,True,False,False,False
444,-0.0289304,-4.88311,0.396396,-0.0404647,-0.017349,-0.0395166,-0.0207155,194,250,10:00,fwd30,no_trade_share,1.46064e-06,3.9561e-06,0.00930372,True,True,True,True,True,True,False,False
444,-0.00330635,-0.493474,0.484234,-0.0164201,0.0100386,-0.00272153,-0.00376016,194,250,10:00,fwd30,amihud,0.621922,0.692449,0.00930372,True,False,False,False,True,False,False,False
444,-0.0731884,-10.7761,0.304054,-0.0866479,-0.0595922,-0.085732,-0.0634546,194,250,10:00,fwd30,corwin_schultz,3.3228e-24,1.63119e-23,0.00930372,True,True,True,True,True,True,True,True
444,-0.0301046,-4.35377,0.421171,-0.0435979,-0.016459,-0.0291641,-0.0308345,194,250,10:00,fwd30,abdi_ranaldo,1.66365e-05,4.19064e-05,0.00930372,True,True,True,True,True,True,True,True
444,-0.0283618,-4.0887,0.418919,-0.0419511,-0.0146158,-0.0270408,-0.0293869,194,250,10:00,fwd30,roll,5.15216e-05,0.000123332,0.00930372,True,True,True,True,True,True,True,True
444,-0.0567319,-9.06499,0.349099,-0.0691204,-0.0444008,-0.0633537,-0.0515935,194,250,10:00,fwd30,bar_range,4.04953e-18,1.69845e-17,0.00930372,True,True,True,True,True,True,True,True
444,0.00199681,0.336551,0.488739,-0.00961868,0.0135802,-0.0150124,0.0151959,194,250,10:00,fwd30,log_price,0.736615,0.791586,0.00930372,True,False,False,False,False,False,False,False
444,-0.0854,-14.3498,0.25,-0.0971562,-0.0736852,-0.100823,-0.0734315,194,250,10:00,fwd30,atr_pct,1.27093e-38,9.07507e-38,0.00930372,True,True,True,True,True,True,True,True
444,0.0149387,2.47607,0.554054,0.00293323,0.0265376,0.0182933,0.0123356,194,250,10:00,fwd30,mins_since_cross,0.0136565,0.0245817,0.00930372,True,True,True,True,True,False,False,False
444,-0.0497623,-8.69825,0.351351,-0.0610001,-0.0384016,-0.0450879,-0.0533896,194,250,10:00,fwd30,close_pos,6.65185e-17,2.73676e-16,0.00930372,True,True,True,True,True,True,False,False
444,-0.00930372,-1.68512,0.459459,-0.0199598,0.00164065,-0.00909918,-0.00946243,194,250,10:00,fwd30,ctl_tickerhash,0.0926698,0.13708,0.00930372,True,False,False,False,True,False,False,False
444,0.00912084,1.74035,0.518018,-0.000994891,0.0190973,0.0245329,-0.00283891,194,250,10:00,fwd30,ctl_random,0.0824918,0.12331,0.00930372,True,False,False,False,False,False,False,False
444,0.00308165,0.510177,0.484234,-0.00880136,0.0148897,-0.00748128,0.0112785,194,250,10:00,fwd30,c37_rank_score,0.610182,0.681133,0.00930372,True,False,False,False,False,False,True,False
444,0.00181891,0.281922,0.513514,-0.0108766,0.014333,-0.000400487,0.00354117,194,250,10:00,fwd60,coil,0.778135,0.824545,0.0087002,True,False,False,False,False,False,True,False
444,-0.00181891,-0.281922,0.486486,-0.014333,0.0108766,0.000400487,-0.00354117,194,250,10:00,fwd60,dist_sess_high_pct,0.778135,0.824545,0.0087002,True,False,False,False,False,False,True,False
444,-0.00170928,-0.262404,0.542793,-0.014714,0.0109819,-0.00400414,7.15235e-05,194,250,10:00,fwd60,dist_high60,0.793132,0.838759,0.0087002,True,False,False,False,False,False,False,False
444,-0.0508108,-8.48805,0.346847,-0.0627232,-0.0392582,-0.0617483,-0.0423233,194,250,10:00,fwd60,gain_now,3.19268e-16,1.29506e-15,0.0087002,True,True,True,True,True,True,False,False
444,0.00990091,1.2243,0.518018,-0.00581603,0.0254691,0.0117234,0.00848669,194,250,10:00,fwd60,pm_gain,0.221491,0.292165,0.0087002,True,False,False,True,True,False,True,False
444,0.00368698,0.466327,0.513514,-0.0117039,0.0190858,0.00199255,0.00500186,194,250,10:00,fwd60,gap7,0.64121,0.707019,0.0087002,True,False,False,False,True,False,True,False
444,0.00195818,0.283324,0.529279,-0.0116434,0.0156806,0.00160718,0.00223056,194,250,10:00,fwd60,pressure30,0.777061,0.824545,0.0087002,True,False,False,False,True,False,False,False
444,-0.00369091,-0.608548,0.486486,-0.0154971,0.00835631,-0.0059625,-0.00192815,194,250,10:00,fwd60,pressure30_nv,0.543136,0.619907,0.0087002,True,False,False,False,False,False,False,False
444,-0.00862582,-1.36766,0.486486,-0.0211663,0.00378005,-0.0179323,-0.00140399,194,250,10:00,fwd60,pressure30_bc,0.172111,0.235291,0.0087002,True,False,False,False,False,False,False,False
444,-0.00319511,-0.538179,0.490991,-0.0148451,0.00850165,-0.00594415,-0.00106186,194,250,10:00,fwd60,pressure30_t,0.590724,0.661978,0.0087002,True,False,False,False,False,False,False,False
444,-0.011335,-1.98388,0.475225,-0.0224669,-0.000126505,-0.0144333,-0.00893076,194,250,10:00,fwd60,pressure10,0.0478855,0.0760534,0.0087002,True,True,False,True,True,False,False,False
444,0.000196274,0.0319007,0.527027,-0.011923,0.0118897,0.00321247,-0.00214429,194,250,10:00,fwd60,log_dvol,0.974566,0.987133,0.0087002,True,False,False,False,False,False,False,False
444,0.0020414,0.33708,0.509009,-0.00991087,0.0137764,0.0114624,-0.00526928,194,250,10:00,fwd60,n_bars,0.736216,0.791586,0.0087002,True,False,False,False,False,False,False,False
444,-0.0144023,-2.60602,0.472973,-0.0252169,-0.00343391,-0.0231187,-0.0076383,194,250,10:00,fwd60,stale_min,0.0094687,0.0174434,0.0087002,True,True,True,True,False,False,False,False
444,-0.0229697,-3.87301,0.425676,-0.0343809,-0.011183,-0.0327941,-0.015346,194,250,10:00,fwd60,no_trade_share,0.000123712,0.000275482,0.0087002,True,True,True,True,True,True,False,False
444,0.000176843,0.0255753,0.488739,-0.0131611,0.0137651,-0.00193123,0.00181271,194,250,10:00,fwd60,amihud,0.979608,0.990935,0.0087002,True,False,False,False,False,False,False,False
444,-0.0867239,-12.141,0.272523,-0.100818,-0.0724866,-0.0950911,-0.0802311,194,250,10:00,fwd60,corwin_schultz,1.7605e-29,1.00071e-28,0.0087002,True,True,True,True,True,True,True,True
444,-0.0303571,-4.31282,0.407658,-0.0443273,-0.0165798,-0.0350927,-0.0266822,194,250,10:00,fwd60,abdi_ranaldo,1.98875e-05,4.95181e-05,0.0087002,True,True,True,True,True,True,True,True
444,-0.0277659,-3.98708,0.396396,-0.0415085,-0.0140983,-0.0279019,-0.0276603,194,250,10:00,fwd60,roll,7.82275e-05,0.000180549,0.0087002,True,True,True,True,True,True,True,True
444,-0.0753545,-12.0321,0.272523,-0.0879226,-0.0628101,-0.0760058,-0.0748491,194,250,10:00,fwd60,bar_range,4.77016e-29,2.67625e-28,0.0087002,True,True,True,True,True,True,True,True
444,-0.00360642,-0.612766,0.484234,-0.0149684,0.00800403,-0.0241693,0.0123504,194,250,10:00,fwd60,log_price,0.540345,0.617537,0.0087002,True,False,False,False,False,False,False,False
444,-0.101853,-17.0331,0.211712,-0.113828,-0.0898908,-0.112315,-0.0937344,194,250,10:00,fwd60,atr_pct,2.08662e-50,1.83963e-49,0.0087002,True,True,True,True,True,True,True,True
444,0.00671437,1.11139,0.47973,-0.00522074,0.0181769,0.00498469,0.0080566,194,250,10:00,fwd60,mins_since_cross,0.267001,0.342269,0.0087002,True,False,False,False,True,False,False,False
444,-0.0407001,-6.783,0.371622,-0.0525558,-0.0288115,-0.0326918,-0.0469146,194,250,10:00,fwd60,close_pos,3.78014e-11,1.28584e-10,0.0087002,True,True,True,True,True,True,False,False
444,-0.00526761,-0.970776,0.475225,-0.0158839,0.00541096,-0.00277089,-0.00720506,194,250,10:00,fwd60,ctl_tickerhash,0.332189,0.411191,0.0087002,True,False,False,False,True,False,False,False
444,0.0087002,1.63915,0.522523,-0.00152939,0.0191772,0.0207702,-0.000666115,194,250,10:00,fwd60,ctl_random,0.101893,0.147463,0.0087002,True,False,False,False,False,False,False,False
444,0.00653826,1.10267,0.52027,-0.00543045,0.018004,0.00556847,0.00729081,194,250,10:00,fwd60,c37_rank_score,0.270767,0.345558,0.0087002,True,False,False,False,True,False,True,False
444,0.0280455,4.15903,0.592342,0.0146542,0.0413842,0.0210426,0.0334797,194,250,10:00,fwd_flat,coil,3.83914e-05,9.26541e-05,0.00688375,True,True,True,True,True,True,True,True
444,-0.0280455,-4.15903,0.407658,-0.0413842,-0.0146542,-0.0210426,-0.0334797,194,250,10:00,fwd_flat,dist_sess_high_pct,3.83914e-05,9.26541e-05,0.00688375,True,True,True,True,True,True,True,True
444,0.0331595,4.92614,0.608108,0.0200016,0.0463547,0.0292368,0.0362036,194,250,10:00,fwd_flat,dist_high60,1.18649e-06,3.27518e-06,0.00688375,True,True,True,True,True,True,True,True
444,-0.0269566,-4.47631,0.434685,-0.0388208,-0.0151962,-0.0372697,-0.0189537,194,250,10:00,fwd_flat,gain_now,9.67049e-06,2.4867e-05,0.00688375,True,True,True,True,True,True,False,False
444,0.0444082,5.65523,0.626126,0.0290562,0.0595753,0.0542787,0.0367486,194,250,10:00,fwd_flat,pm_gain,2.79438e-08,8.38313e-08,0.00688375,True,True,True,True,True,True,True,True
444,0.0335462,4.34111,0.56982,0.0185655,0.0484079,0.037611,0.030392,194,250,10:00,fwd_flat,gap7,1.75833e-05,4.41627e-05,0.00688375,True,True,True,True,True,True,True,True
444,0.00702182,0.993728,0.542793,-0.0069272,0.0208865,0.00396653,0.00939273,194,250,10:00,fwd_flat,pressure30,0.320898,0.398929,0.00688375,True,False,False,True,True,False,False,False
444,-0.000149217,-0.0243142,0.513514,-0.0123417,0.0117612,-0.000443341,7.90242e-05,194,250,10:00,fwd_flat,pressure30_nv,0.980613,0.990935,0.00688375,True,False,False,False,False,False,False,False
444,-0.000625691,-0.0978574,0.493243,-0.0130823,0.0117417,-0.00527309,0.00298069,194,250,10:00,fwd_flat,pressure30_bc,0.92209,0.946576,0.00688375,True,False,False,False,False,False,False,False
444,0.000595855,0.0973743,0.511261,-0.01142,0.0124946,-0.00119683,0.00198698,194,250,10:00,fwd_flat,pressure30_t,0.922473,0.946576,0.00688375,True,False,False,False,False,False,False,False
444,-0.00963027,-1.57193,0.488739,-0.021632,0.00199379,-0.013643,-0.0065164,194,250,10:00,fwd_flat,pressure10,0.116681,0.166764,0.00688375,True,False,False,True,True,False,False,False
444,-0.00317461,-0.484611,0.527027,-0.0158492,0.00937233,-0.0124005,0.00398468,194,250,10:00,fwd_flat,log_dvol,0.628192,0.69853,0.00688375,True,False,False,False,False,False,True,False
444,-0.00603705,-0.88698,0.490991,-0.0192347,0.0071278,-0.00297102,-0.00841629,194,250,10:00,fwd_flat,n_bars,0.375571,0.454473,0.00688375,True,False,False,False,True,False,True,False
444,-0.00756414,-1.30691,0.463964,-0.0190186,0.00387049,-0.00883624,-0.00657699,194,250,10:00,fwd_flat,stale_min,0.191922,0.258287,0.00688375,True,False,False,True,True,False,False,False
444,-0.0155823,-2.39898,0.443694,-0.0280491,-0.00307779,-0.0122693,-0.0181532,194,250,10:00,fwd_flat,no_trade_share,0.0168531,0.0300228,0.00688375,True,True,True,True,True,False,False,False
444,-0.0115863,-1.56593,0.486486,-0.0258688,0.00267455,-0.000108845,-0.0204927,194,250,10:00,fwd_flat,amihud,0.11808,0.168351,0.00688375,True,False,False,True,False,False,False,False
444,-0.107339,-15.4216,0.236486,-0.120891,-0.0934482,-0.120531,-0.0971021,194,250,10:00,fwd_flat,corwin_schultz,2.92418e-43,2.27612e-42,0.00688375,True,True,True,True,True,True,True,True
444,-0.0273259,-3.72736,0.445946,-0.0414091,-0.0131203,-0.00806224,-0.0422745,194,250,10:00,fwd_flat,abdi_ranaldo,0.000218554,0.000475644,0.00688375,True,True,True,True,False,True,True,False
444,-0.0223754,-3.21851,0.423423,-0.0359336,-0.00892002,-0.0129412,-0.0296964,194,250,10:00,fwd_flat,roll,0.00138321,0.00278576,0.00688375,True,True,True,True,True,True,True,True
444,-0.0983823,-15.6333,0.240991,-0.110765,-0.0861357,-0.107043,-0.0916613,194,250,10:00,fwd_flat,bar_range,3.45052e-44,2.78621e-43,0.00688375,True,True,True,True,True,True,True,True
444,-0.000896573,-0.143378,0.497748,-0.0128821,0.0113298,-0.0174969,0.0119853,194,250,10:00,fwd_flat,log_price,0.886057,0.919032,0.00688375,True,False,False,False,False,False,False,False
444,-0.117869,-18.8295,0.18018,-0.130027,-0.10564,-0.126879,-0.110876,194,250,10:00,fwd_flat,atr_pct,1.55681e-58,1.60129e-57,0.00688375,True,True,True,True,True,True,True,True
444,0.0134056,2.17158,0.540541,0.00146335,0.0254392,0.0182978,0.00960933,194,250,10:00,fwd_flat,mins_since_cross,0.0304174,0.0510554,0.00688375,True,True,False,True,True,False,False,False
444,-0.0255527,-4.47434,0.38964,-0.0366075,-0.0142765,-0.0194443,-0.0302928,194,250,10:00,fwd_flat,close_pos,9.75637e-06,2.50134e-05,0.00688375,True,True,True,True,True,True,False,False
444,-0.0042768,-0.78628,0.486486,-0.0150787,0.00642727,-0.00849741,-0.00100161,194,250,10:00,fwd_flat,ctl_tickerhash,0.432124,0.508658,0.00688375,True,False,False,False,False,False,False,False
444,0.00688375,1.23358,0.524775,-0.00411851,0.0176746,0.0114614,0.00333153,194,250,10:00,fwd_flat,ctl_random,0.218014,0.289346,0.00688375,True,False,False,False,False,False,False,False
444,0.0271649,4.40363,0.578829,0.0150105,0.0394549,0.0212394,0.0317631,194,250,10:00,fwd_flat,c37_rank_score,1.33617e-05,3.37558e-05,0.00688375,True,True,True,True,True,True,True,True
444,0.0315176,4.90877,0.578829,0.0190287,0.0440567,0.0378474,0.0266057,194,250,10:00,fwd60_nx,coil,1.29058e-06,3.51755e-06,0.00582078,True,True,True,True,True,True,True,True
444,-0.0315176,-4.90877,0.421171,-0.0440567,-0.0190287,-0.0378474,-0.0266057,194,250,10:00,fwd60_nx,dist_sess_high_pct,1.29058e-06,3.51755e-06,0.00582078,True,True,True,True,True,True,True,True
444,0.0301882,4.70044,0.594595,0.0174377,0.0429199,0.0370405,0.0248709,194,250,10:00,fwd60_nx,dist_high60,3.47134e-06,9.22841e-06,0.00582078,True,True,True,True,True,True,True,True
444,-0.0284055,-4.7973,0.416667,-0.0399051,-0.0168573,-0.0343676,-0.0237789,194,250,10:00,fwd60_nx,gain_now,2.2011e-06,5.92445e-06,0.00582078,True,True,True,True,True,True,False,False
444,0.0134309,1.65474,0.536036,-0.00265456,0.0291921,0.0112592,0.0151161,194,250,10:00,fwd60_nx,pm_gain,0.0986861,0.143785,0.00582078,True,False,False,True,True,False,True,False
444,0.00667112,0.84582,0.513514,-0.00893032,0.0219835,0.000416323,0.0115248,194,250,10:00,fwd60_nx,gap7,0.39811,0.474437,0.00582078,True,False,False,True,False,False,True,False
444,0.00315231,0.456183,0.527027,-0.0104107,0.0167326,0.00526204,0.00151516,194,250,10:00,fwd60_nx,pressure30,0.648482,0.712835,0.00582078,True,False,False,False,False,False,False,False
444,-0.00063163,-0.106524,0.531532,-0.0122017,0.0112031,-0.00290466,0.00113224,194,250,10:00,fwd60_nx,pressure30_nv,0.915215,0.941364,0.00582078,True,False,False,False,False,False,False,False
444,-0.000468208,-0.0759506,0.5,-0.0127265,0.0117663,-0.00869865,0.00591862,194,250,10:00,fwd60_nx,pressure30_bc,0.939493,0.962896,0.00582078,True,False,False,False,False,False,False,False
444,-0.000913608,-0.155175,0.524775,-0.0125317,0.010874,-0.00356597,0.00114463,194,250,10:00,fwd60_nx,pressure30_t,0.876754,0.914238,0.00582078,True,False,False,False,False,False,False,False
444,-0.00218795,-0.38225,0.504505,-0.0133818,0.00909691,-0.00451842,-0.000379507,194,250,10:00,fwd60_nx,pressure10,0.702459,0.760557,0.00582078,True,False,False,False,False,False,False,False
444,-0.016078,-2.53967,0.488739,-0.0283383,-0.00385119,-0.0126574,-0.0187324,194,250,10:00,fwd60_nx,log_dvol,0.0114365,0.0208463,0.00582078,True,True,True,True,True,False,True,False
444,-0.0136813,-2.15525,0.47973,-0.0262725,-0.00107215,-0.0046497,-0.0206898,194,250,10:00,fwd60_nx,n_bars,0.0316807,0.0526386,0.00582078,True,True,False,True,False,False,True,False
444,0.0063716,1.15759,0.497748,-0.00433834,0.0171372,-0.00252352,0.0132742,194,250,10:00,fwd60_nx,stale_min,0.247654,0.320799,0.00582078,True,False,False,True,False,False,False,False
444,-0.0046274,-0.745418,0.481982,-0.0167187,0.00777487,-0.0162779,0.00441336,194,250,10:00,fwd60_nx,no_trade_share,0.456415,0.534339,0.00582078,True,False,False,False,False,False,False,False
444,-0.00027095,-0.0382582,0.475225,-0.0140968,0.0136509,-0.00523828,0.0035837,194,250,10:00,fwd60_nx,amihud,0.969499,0.983912,0.00582078,True,False,False,False,False,False,False,False
444,-0.0823641,-11.5583,0.29955,-0.0962711,-0.0679979,-0.0895898,-0.076757,194,250,10:00,fwd60_nx,corwin_schultz,3.45456e-27,1.83113e-26,0.00582078,True,True,True,True,True,True,True,True
444,-0.0270333,-3.77559,0.414414,-0.0410853,-0.0129834,-0.03099,-0.0239629,194,250,10:00,fwd60_nx,abdi_ranaldo,0.000181379,0.000396738,0.00582078,True,True,True,True,True,True,True,True
444,-0.0243101,-3.56941,0.425676,-0.0377965,-0.0110366,-0.0251255,-0.0236774,194,250,10:00,fwd60_nx,roll,0.000396891,0.000844615,0.00582078,True,True,True,True,True,True,True,True
444,-0.0748725,-12.1695,0.283784,-0.0871146,-0.0624149,-0.0738491,-0.0756667,194,250,10:00,fwd60_nx,bar_range,1.3563e-29,7.81228e-29,0.00582078,True,True,True,True,True,True,True,True
444,-0.00555412,-0.940729,0.470721,-0.0168819,0.00578755,-0.0275804,0.0115383,194,250,10:00,fwd60_nx,log_price,0.347356,0.425814,0.00582078,True,False,False,False,False,False,False,False
444,-0.0879104,-14.1443,0.263514,-0.100299,-0.0754415,-0.0977726,-0.0802574,194,250,10:00,fwd60_nx,atr_pct,9.56053e-38,6.60824e-37,0.00582078,True,True,True,True,True,True,True,True
444,-0.00375404,-0.594313,0.47973,-0.0161223,0.0082604,-0.00507026,-0.00273266,194,250,10:00,fwd60_nx,mins_since_cross,0.552606,0.628226,0.00582078,True,False,False,False,True,False,False,False
444,-0.0116425,-1.91627,0.45045,-0.0233024,0.000722532,-0.00167752,-0.0193754,194,250,10:00,fwd60_nx,close_pos,0.0559744,0.0871385,0.00582078,True,False,False,True,False,False,False,False
444,-0.0041178,-0.787111,0.463964,-0.0142868,0.00630271,-0.00157062,-0.00609442,194,250,10:00,fwd60_nx,ctl_tickerhash,0.431638,0.508658,0.00582078,True,False,False,False,False,False,False,False
444,0.00582078,1.13388,0.509009,-0.00420286,0.015779,0.0168771,-0.0027589,194,250,10:00,fwd60_nx,ctl_random,0.257459,0.332007,0.00582078,True,False,False,False,False,False,False,False
444,0.0210864,3.52031,0.572072,0.00929749,0.0327532,0.0307359,0.0135983,194,250,10:00,fwd60_nx,c37_rank_score,0.000475679,0.00100241,0.00582078,True,True,True,True,True,True,True,True
444,0.0490041,7.27527,0.644144,0.0357137,0.0622181,0.047955,0.0498181,194,250,10:00,fwd_flat_nx,coil,1.58284e-12,5.74612e-12,0.00490309,True,True,True,True,True,True,True,True
444,-0.0490041,-7.27527,0.355856,-0.0622181,-0.0357137,-0.047955,-0.0498181,194,250,10:00,fwd_flat_nx,dist_sess_high_pct,1.58284e-12,5.74612e-12,0.00490309,True,True,True,True,True,True,True,True
444,0.0548929,8.23659,0.655405,0.0416753,0.0679696,0.0573055,0.0530207,194,250,10:00,fwd_flat_nx,dist_high60,2.01274e-15,8.01384e-15,0.00490309,True,True,True,True,True,True,True,True
444,-0.0122504,-2.01398,0.481982,-0.0243355,-0.000365814,-0.0171385,-0.00845715,194,250,10:00,fwd_flat_nx,gain_now,0.0446156,0.0716504,0.00490309,True,True,False,True,True,False,False,False
444,0.0451233,5.75843,0.61036,0.0297074,0.0603814,0.0541859,0.0380907,194,250,10:00,fwd_flat_nx,pm_gain,1.58906e-08,4.80052e-08,0.00490309,True,True,True,True,True,True,True,True
444,0.0340949,4.4042,0.576577,0.0190045,0.0491595,0.0370818,0.0317771,194,250,10:00,fwd_flat_nx,gap7,1.33281e-05,3.37558e-05,0.00490309,True,True,True,True,True,True,True,True
444,0.00927534,1.31182,0.531532,-0.00466538,0.0229442,0.00770224,0.0104961,194,250,10:00,fwd_flat_nx,pressure30,0.190261,0.257255,0.00490309,True,False,False,True,True,False,False,False
444,0.00278275,0.456848,0.524775,-0.00920089,0.0145904,0.00127941,0.00394933,194,250,10:00,fwd_flat_nx,pressure30_nv,0.648004,0.712835,0.00490309,True,False,False,False,False,False,False,False
444,0.0061174,0.966424,0.529279,-0.00604061,0.0184044,0.0001917,0.0107158,194,250,10:00,fwd_flat_nx,pressure30_bc,0.33436,0.412695,0.00490309,True,False,False,True,False,False,False,False
444,0.00282312,0.465846,0.509009,-0.00925609,0.014631,0.00012217,0.00491905,194,250,10:00,fwd_flat_nx,pressure30_t,0.641554,0.707019,0.00490309,True,False,False,False,False,False,False,False
444,-0.0033614,-0.555738,0.504505,-0.0152063,0.00813119,-0.0091372,0.00112062,194,250,10:00,fwd_flat_nx,pressure10,0.578671,0.651004,0.00490309,True,False,False,False,False,False,False,False
444,-0.0171854,-2.60436,0.459459,-0.0300058,-0.00447026,-0.0248674,-0.0112241,194,250,10:00,fwd_flat_nx,log_dvol,0.00951389,0.0174894,0.00490309,True,True,True,True,True,False,True,False
444,-0.0190232,-2.80355,0.454955,-0.0323427,-0.00601563,-0.0154776,-0.0217745,194,250,10:00,fwd_flat_nx,n_bars,0.00527628,0.0100634,0.00490309,True,True,True,True,True,False,True,False
444,0.00886338,1.57991,0.511261,-0.00234193,0.0197692,0.00703973,0.0102785,194,250,10:00,fwd_flat_nx,stale_min,0.114842,0.16455,0.00490309,True,False,False,True,True,False,False,False
444,-0.000390533,-0.0602811,0.509009,-0.012974,0.0121306,0.00178662,-0.00208,194,250,10:00,fwd_flat_nx,no_trade_share,0.951959,0.96992,0.00490309,True,False,False,False,False,False,False,False
444,-0.0113051,-1.55009,0.488739,-0.0254045,0.0029196,-0.00139039,-0.018999,194,250,10:00,fwd_flat_nx,amihud,0.121833,0.173132,0.00490309,True,False,False,True,False,False,False,False
444,-0.105448,-15.0237,0.231982,-0.119133,-0.0914145,-0.119174,-0.0947973,194,250,10:00,fwd_flat_nx,corwin_schultz,1.58603e-41,1.18132e-40,0.00490309,True,True,True,True,True,True,True,True
444,-0.0256052,-3.45272,0.461712,-0.0399664,-0.0110198,-0.00745359,-0.0396908,194,250,10:00,fwd_flat_nx,abdi_ranaldo,0.000608273,0.00126638,0.00490309,True,True,True,True,False,True,True,False
444,-0.0197088,-2.84517,0.43018,-0.0331663,-0.00617559,-0.011619,-0.0259864,194,250,10:00,fwd_flat_nx,roll,0.00464458,0.0089176,0.00490309,True,True,True,True,True,False,True,False
444,-0.0977891,-15.487,0.227477,-0.110181,-0.0855854,-0.10469,-0.0924341,194,250,10:00,fwd_flat_nx,bar_range,1.5128e-43,1.18824e-42,0.00490309,True,True,True,True,True,True,True,True
444,-0.00433059,-0.698479,0.481982,-0.0162342,0.00789095,-0.0219717,0.0093589,194,250,10:00,fwd_flat_nx,log_price,0.485244,0.561247,0.00490309,True,False,False,False,False,False,False,False
444,-0.105132,-16.7938,0.216216,-0.117309,-0.0928613,-0.113796,-0.0984083,194,250,10:00,fwd_flat_nx,atr_pct,2.46128e-49,2.12655e-48,0.00490309,True,True,True,True,True,True,True,True
444,0.00537627,0.863973,0.52027,-0.00668854,0.0173657,0.0115231,0.000606326,194,250,10:00,fwd_flat_nx,mins_since_cross,0.38807,0.465684,0.00490309,True,False,False,True,False,False,False,False
444,-0.0049412,-0.869443,0.475225,-0.016022,0.00637147,0.00213985,-0.0104361,194,250,10:00,fwd_flat_nx,close_pos,0.385076,0.462734,0.00490309,True,False,False,True,False,False,False,False
444,-0.00490309,-0.925857,0.47973,-0.0154182,0.005381,-0.0092563,-0.001525,194,250,10:00,fwd_flat_nx,ctl_tickerhash,0.355025,0.432639,0.00490309,True,False,False,False,False,False,False,False
444,0.0038302,0.680649,0.513514,-0.0073633,0.0148703,0.0071308,0.00126894,194,250,10:00,fwd_flat_nx,ctl_random,0.496449,0.572673,0.00490309,True,False,False,False,False,False,False,False
444,0.0365905,5.91282,0.617117,0.0243457,0.0489031,0.0380327,0.0354714,194,250,10:00,fwd_flat_nx,c37_rank_score,6.72531e-09,2.07524e-08,0.00490309,True,True,True,True,True,True,True,True
444,0.0499332,6.88852,0.635135,0.0354879,0.0641934,0.0465169,0.0525843,194,250,10:00,fwd_flat_nx5,coil,1.94243e-11,6.76718e-11,0.00141529,True,True,True,True,True,True,True,True
444,-0.0499332,-6.88852,0.364865,-0.0641934,-0.0354879,-0.0465169,-0.0525843,194,250,10:00,fwd_flat_nx5,dist_sess_high_pct,1.94243e-11,6.76718e-11,0.00141529,True,True,True,True,True,True,True,True
444,0.0571995,8.03046,0.655405,0.0428735,0.0711249,0.0592371,0.0556182,194,250,10:00,fwd_flat_nx5,dist_high60,8.84224e-15,3.45688e-14,0.00141529,True,True,True,True,True,True,True,True
444,-0.0149341,-2.28583,0.454955,-0.0277145,-0.00232074,-0.0219502,-0.00948957,194,250,10:00,fwd_flat_nx5,gain_now,0.0227355,0.0394999,0.00141529,True,True,True,True,True,False,False,False
444,0.0356083,4.45745,0.592342,0.0197492,0.0512418,0.0452835,0.0281003,194,250,10:00,fwd_flat_nx5,pm_gain,1.05215e-05,2.68952e-05,0.00141529,True,True,True,True,True,True,True,True
444,0.0251005,3.18794,0.56982,0.00954957,0.0404148,0.0280078,0.0228444,194,250,10:00,fwd_flat_nx5,gap7,0.00153444,0.00307599,0.00141529,True,True,True,True,True,True,True,True
444,0.0148608,2.05806,0.533784,0.000451213,0.0292222,0.0113092,0.0176169,194,250,10:00,fwd_flat_nx5,pressure30,0.0401688,0.0651141,0.00141529,True,True,False,True,True,False,False,False
444,0.00920809,1.4124,0.536036,-0.00345826,0.021766,0.0115416,0.0073973,194,250,10:00,fwd_flat_nx5,pressure30_nv,0.158534,0.218808,0.00141529,True,False,False,True,True,False,False,False
444,0.00941658,1.38789,0.551802,-0.00380914,0.0224506,0.00651737,0.0116664,194,250,10:00,fwd_flat_nx5,pressure30_bc,0.165868,0.227838,0.00141529,True,False,False,True,True,False,False,False
444,0.00933316,1.44799,0.542793,-0.00323894,0.0216405,0.00949729,0.0092058,194,250,10:00,fwd_flat_nx5,pressure30_t,0.148327,0.207035,0.00141529,True,False,False,True,True,False,False,False
444,-0.000135773,-0.0217819,0.513514,-0.0123035,0.012119,-0.00456674,0.00330265,194,250,10:00,fwd_flat_nx5,pressure10,0.982632,0.991815,0.00141529,True,False,False,False,False,False,False,False
444,-0.0172876,-2.6017,0.461712,-0.0299629,-0.00465166,-0.0260086,-0.0105202,194,250,10:00,fwd_flat_nx5,log_dvol,0.00958697,0.0175863,0.00141529,True,True,True,True,True,False,True,False
444,-0.018737,-2.70806,0.432432,-0.0322065,-0.00541487,-0.013781,-0.0225828,194,250,10:00,fwd_flat_nx5,n_bars,0.00702976,0.0132037,0.00141529,True,True,True,True,True,False,True,False
444,0.00855408,1.53799,0.538288,-0.00222927,0.0193318,0.00275543,0.0130538,194,250,10:00,fwd_flat_nx5,stale_min,0.124765,0.177006,0.00141529,True,False,False,True,False,False,False,False
444,-0.00348615,-0.545707,0.486486,-0.0157025,0.00867805,-0.0016735,-0.00489277,194,250,10:00,fwd_flat_nx5,no_trade_share,0.585542,0.657024,0.00141529,True,False,False,True,True,False,False,False
444,-0.00828429,-1.12053,0.504505,-0.0226613,0.00614703,0.000554416,-0.0151431,194,250,10:00,fwd_flat_nx5,amihud,0.263093,0.33776,0.00141529,True,False,False,True,False,False,False,False
444,-0.0984323,-13.6169,0.247748,-0.112454,-0.0840353,-0.113524,-0.086721,194,250,10:00,fwd_flat_nx5,corwin_schultz,1.61247e-35,1.07167e-34,0.00141529,True,True,True,True,True,True,True,True
444,-0.0212528,-2.85391,0.466216,-0.0355318,-0.00655402,-0.00529143,-0.0336388,194,250,10:00,fwd_flat_nx5,abdi_ranaldo,0.00452092,0.00869949,0.00141529,True,True,True,True,False,True,True,False
444,-0.0185651,-2.64431,0.425676,-0.0321635,-0.00476249,-0.0129541,-0.0229192,194,250,10:00,fwd_flat_nx5,roll,0.00847635,0.0157158,0.00141529,True,True,True,True,True,False,True,False
444,-0.0952351,-14.5378,0.25,-0.108096,-0.0824671,-0.104486,-0.0880566,194,250,10:00,fwd_flat_nx5,bar_range,1.98888e-39,1.44403e-38,0.00141529,True,True,True,True,True,True,True,True
444,-0.00632285,-0.955646,0.488739,-0.0191639,0.00662986,-0.024827,0.00803636,194,250,10:00,fwd_flat_nx5,log_price,0.339772,0.417586,0.00141529,True,False,False,True,False,False,False,False
444,-0.101358,-15.3837,0.220721,-0.114221,-0.0883477,-0.112653,-0.092593,194,250,10:00,fwd_flat_nx5,atr_pct,4.28216e-43,3.27415e-42,0.00141529,True,True,True,True,True,True,True,True
444,-0.00216491,-0.330766,0.470721,-0.0149557,0.0108029,0.0019353,-0.00534667,194,250,10:00,fwd_flat_nx5,mins_since_cross,0.740978,0.795285,0.00141529,True,False,False,True,False,False,False,False
444,-0.000858607,-0.144352,0.5,-0.0125339,0.010847,0.0090747,-0.00856685,194,250,10:00,fwd_flat_nx5,close_pos,0.885288,0.919032,0.00141529,True,False,False,False,False,False,False,False
444,-0.00141529,-0.259093,0.5,-0.0119051,0.00917663,-0.00832808,0.00394903,194,250,10:00,fwd_flat_nx5,ctl_tickerhash,0.795684,0.840429,0.00141529,True,False,False,False,False,False,False,False
444,0.000809484,0.137522,0.502252,-0.01093,0.0122195,0.00725778,-0.0041944,194,250,10:00,fwd_flat_nx5,ctl_random,0.89068,0.921614,0.00141529,True,False,False,False,False,False,False,False
444,0.0404101,6.1067,0.628378,0.0275218,0.0533152,0.0390768,0.0414448,194,250,10:00,fwd_flat_nx5,c37_rank_score,2.22624e-09,7.04568e-09,0.00141529,True,True,True,True,True,True,True,True
444,-0.205667,-32.0657,0.0765766,-0.218191,-0.192978,-0.214393,-0.198895,194,250,10:00,peak60,coil,1.5652e-117,4.22605e-116,0.00853625,False,True,True,True,True,True,False,False
444,0.205667,32.0657,0.923423,0.192978,0.218191,0.214393,0.198895,194,250,10:00,peak60,dist_sess_high_pct,1.5652e-117,4.22605e-116,0.00853625,False,True,True,True,True,True,False,False
444,-0.191082,-29.3208,0.0855856,-0.203631,-0.178311,-0.201624,-0.182901,194,250,10:00,peak60,dist_high60,8.09219e-106,1.66468e-104,0.00853625,False,True,True,True,True,True,False,False
444,0.140137,23.5385,0.882883,0.128464,0.151783,0.126957,0.150364,194,250,10:00,peak60,gain_now,4.6417e-80,6.07641e-79,0.00853625,False,True,True,True,True,True,False,False
444,0.0238889,3.15204,0.518018,0.0095019,0.0387842,0.0289912,0.0199296,194,250,10:00,peak60,pm_gain,0.00173139,0.00344682,0.00853625,False,True,True,True,True,True,True,False
444,0.0316167,4.24472,0.563063,0.0173134,0.0460198,0.0380116,0.0266542,194,250,10:00,peak60,gap7,2.66776e-05,6.58554e-05,0.00853625,False,True,True,True,True,True,True,False
444,-0.0194056,-2.74887,0.452703,-0.0334064,-0.00535518,-0.0295311,-0.0115481,194,250,10:00,peak60,pressure30,0.00622447,0.0117679,0.00853625,False,True,True,True,True,False,False,False
444,-0.0109273,-1.81824,0.484234,-0.0226815,0.000921504,-0.0117014,-0.0103266,194,250,10:00,peak60,pressure30_nv,0.0697025,0.105654,0.00853625,False,False,False,True,True,False,False,False
444,-1.88601e-05,-0.00314373,0.511261,-0.0117636,0.0116446,0.00740922,-0.00578305,194,250,10:00,peak60,pressure30_bc,0.997493,0.998649,0.00853625,False,False,False,False,False,False,False,False
444,-0.0116999,-1.96856,0.490991,-0.0231977,-4.84801e-05,-0.00809827,-0.0144947,194,250,10:00,peak60,pressure30_t,0.0496267,0.0783865,0.00853625,False,True,False,True,True,False,False,False
444,7.89408e-05,0.014522,0.511261,-0.0104736,0.0110656,0.00701819,-0.00530592,194,250,10:00,peak60,pressure10,0.98842,0.995058,0.00853625,False,False,False,False,False,False,False,False
444,0.108642,17.6843,0.826577,0.0969889,0.120873,0.12358,0.0970508,194,250,10:00,peak60,log_dvol,2.446e-53,2.27242e-52,0.00853625,False,True,True,True,True,True,False,False
444,0.183193,31.5404,0.932432,0.17212,0.194473,0.203266,0.167616,194,250,10:00,peak60,n_bars,2.54928e-115,6.29307e-114,0.00853625,False,True,True,True,True,True,False,False
444,-0.123658,-20.041,0.164414,-0.135597,-0.111587,-0.146714,-0.105766,194,250,10:00,peak60,stale_min,4.56547e-64,4.93071e-63,0.00853625,False,True,True,True,True,True,False,False
444,-0.109688,-17.8614,0.189189,-0.121562,-0.0978936,-0.136211,-0.0891064,194,250,10:00,peak60,no_trade_share,3.87308e-54,3.67729e-53,0.00853625,False,True,True,True,True,True,False,False
444,0.0965706,14.334,0.779279,0.0833364,0.109775,0.0934308,0.0990071,194,250,10:00,peak60,amihud,1.48526e-38,1.05186e-37,0.00853625,False,True,True,True,True,True,False,False
444,0.30535,44.1674,0.977477,0.29187,0.319231,0.320702,0.293437,194,250,10:00,peak60,corwin_schultz,2.16212e-164,1.16754e-162,0.00853625,False,True,True,True,True,True,False,False
444,0.0980053,14.2196,0.745495,0.0844257,0.111246,0.101423,0.0953529,194,250,10:00,peak60,abdi_ranaldo,4.56822e-38,3.18302e-37,0.00853625,False,True,True,True,True,True,False,False
444,0.0920947,13.8405,0.72973,0.0791256,0.105365,0.0956429,0.0893414,194,250,10:00,peak60,roll,1.85008e-36,1.25864e-35,0.00853625,False,True,True,True,True,True,False,False
444,0.303335,52.4306,0.988739,0.292157,0.314599,0.311072,0.297331,194,250,10:00,peak60,bar_range,4.3674e-192,4.71679e-190,0.00853625,False,True,True,True,True,True,False,False
444,-0.0658115,-10.8227,0.295045,-0.0777074,-0.0537456,-0.0439469,-0.0827785,194,250,10:00,peak60,log_price,2.22277e-24,1.1101e-23,0.00853625,False,True,True,True,True,True,False,False
444,0.241131,39.2906,0.968468,0.229001,0.253212,0.218516,0.258681,194,250,10:00,peak60,atr_pct,1.87353e-146,8.51961e-145,0.00853625,False,True,True,True,True,True,False,False
444,0.0805509,12.9228,0.727477,0.0683358,0.0924368,0.0687684,0.0896941,194,250,10:00,peak60,mins_since_cross,1.21685e-32,7.40392e-32,0.00853625,False,True,True,True,True,True,False,False
444,-0.0470859,-8.60123,0.36036,-0.0578618,-0.0363621,-0.0426402,-0.0505358,194,250,10:00,peak60,close_pos,1.3765e-16,5.60989e-16,0.00853625,False,True,True,True,True,True,False,False
444,-0.00225671,-0.409429,0.506757,-0.0131472,0.00845662,0.00596829,-0.00863931,194,250,10:00,peak60,ctl_tickerhash,0.682423,0.743522,0.00853625,False,False,False,False,False,False,False,False
444,0.00853625,1.66825,0.524775,-0.00151307,0.0186136,0.0248776,-0.00414465,194,250,10:00,peak60,ctl_random,0.0959726,0.140782,0.00853625,False,False,False,False,False,False,False,False
444,-0.0851519,-13.861,0.243243,-0.0972435,-0.0730696,-0.0891292,-0.0820656,194,250,10:00,peak60,c37_rank_score,1.51624e-36,1.03971e-35,0.00853625,False,True,True,True,True,True,False,False
444,-0.195262,-31.1955,0.0720721,-0.207619,-0.183155,-0.206072,-0.186874,194,250,10:00,peak_flat,coil,7.35479e-114,1.71744e-112,0.010405,False,True,True,True,True,True,False,False
444,0.195262,31.1955,0.927928,0.183155,0.207619,0.206072,0.186874,194,250,10:00,peak_flat,dist_sess_high_pct,7.35479e-114,1.71744e-112,0.010405,False,True,True,True,True,True,False,False
444,-0.170141,-27.2329,0.101351,-0.182293,-0.157814,-0.179058,-0.163221,194,250,10:00,peak_flat,dist_high60,1.14631e-96,1.98083e-95,0.010405,False,True,True,True,True,True,False,False
444,0.153447,26.2331,0.894144,0.141964,0.164902,0.146413,0.158905,194,250,10:00,peak_flat,gain_now,3.21468e-92,5.24054e-91,0.010405,False,True,True,True,True,True,False,False
444,0.0509853,6.77445,0.621622,0.0364644,0.0657773,0.0554861,0.0474927,194,250,10:00,peak_flat,pm_gain,3.98829e-11,1.35133e-10,0.010405,False,True,True,True,True,True,True,False
444,0.0553224,7.52644,0.617117,0.041216,0.0694969,0.060614,0.051216,194,250,10:00,peak_flat,gap7,2.94e-13,1.10442e-12,0.010405,False,True,True,True,True,True,True,False
444,-0.0183536,-2.67677,0.466216,-0.031922,-0.00506846,-0.0235103,-0.014352,194,250,10:00,peak_flat,pressure30,0.00770932,0.0143863,0.010405,False,True,True,True,True,False,False,False
444,-0.0133838,-2.25804,0.470721,-0.025092,-0.00205293,-0.0118053,-0.0146087,194,250,10:00,peak_flat,pressure30_nv,0.0244291,0.0420453,0.010405,False,True,True,True,True,False,False,False
444,-0.00226821,-0.374302,0.495495,-0.0142369,0.00929043,0.00584481,-0.00856392,194,250,10:00,peak_flat,pressure30_bc,0.708358,0.765985,0.010405,False,False,False,False,False,False,False,False
444,-0.0160219,-2.70112,0.457207,-0.0277178,-0.00453175,-0.0125865,-0.0186877,194,250,10:00,peak_flat,pressure30_t,0.00717569,0.0134423,0.010405,False,True,True,True,True,False,False,False
444,-0.000622042,-0.110473,0.5,-0.0117675,0.0103476,0.00307558,-0.0034914,194,250,10:00,peak_flat,pressure10,0.912085,0.939262,0.010405,False,False,False,False,False,False,False,False
444,0.0535987,8.63796,0.668919,0.0418765,0.0658549,0.0653668,0.0444668,194,250,10:00,peak_flat,log_dvol,1.04594e-16,4.28292e-16,0.010405,False,True,True,True,True,True,False,False
444,0.150185,25.3336,0.869369,0.138519,0.16158,0.172407,0.13294,194,250,10:00,peak_flat,n_bars,3.47597e-88,5.178e-87,0.010405,False,True,True,True,True,True,False,False
444,-0.0779898,-12.4811,0.286036,-0.0903715,-0.0656853,-0.0973982,-0.0629289,194,250,10:00,peak_flat,stale_min,7.62677e-31,4.45239e-30,0.010405,False,True,True,True,True,True,False,False
444,-0.0618707,-10.0203,0.304054,-0.0738633,-0.0500929,-0.0854229,-0.0435942,194,250,10:00,peak_flat,no_trade_share,1.9462e-21,8.99205e-21,0.010405,False,True,True,True,True,True,False,False
444,0.130399,17.9406,0.828829,0.116013,0.144614,0.131347,0.129663,194,250,10:00,peak_flat,amihud,1.6962e-54,1.64664e-53,0.010405,False,True,True,True,True,True,False,False
444,0.282394,40.9265,0.977477,0.269024,0.29609,0.298692,0.269747,194,250,10:00,peak_flat,corwin_schultz,1.30641e-152,6.27077e-151,0.010405,False,True,True,True,True,True,False,False
444,0.113826,16.7544,0.786036,0.100494,0.126936,0.122096,0.107408,194,250,10:00,peak_flat,abdi_ranaldo,3.69512e-49,3.16097e-48,0.010405,False,True,True,True,True,True,False,False
444,0.106439,15.5388,0.779279,0.093102,0.119713,0.110009,0.103669,194,250,10:00,peak_flat,roll,8.96247e-44,7.16998e-43,0.010405,False,True,True,True,True,True,False,False
444,0.261336,44.3371,0.984234,0.249976,0.272678,0.267763,0.256349,194,250,10:00,peak_flat,bar_range,5.406e-165,3.11385e-163,0.010405,False,True,True,True,True,True,False,False
444,-0.0696795,-10.9043,0.297297,-0.0821009,-0.0571467,-0.0416877,-0.0914012,194,250,10:00,peak_flat,log_price,1.09812e-24,5.61403e-24,0.010405,False,True,True,True,True,True,False,False
444,0.244699,39.0225,0.966216,0.232231,0.257093,0.225703,0.259441,194,250,10:00,peak_flat,atr_pct,1.97382e-145,7.75174e-144,0.010405,False,True,True,True,True,True,False,False
444,0.0835727,13.373,0.718468,0.0715537,0.0956519,0.0766305,0.0889598,194,250,10:00,peak_flat,mins_since_cross,1.68218e-34,1.0766e-33,0.010405,False,True,True,True,True,True,False,False
444,-0.0348726,-6.06329,0.378378,-0.0463243,-0.0237016,-0.0287122,-0.0396531,194,250,10:00,peak_flat,close_pos,2.85848e-09,8.98081e-09,0.010405,False,True,True,True,True,True,False,False
444,-0.010405,-1.96252,0.448198,-0.0209298,-3.11974e-05,-0.00433537,-0.015115,194,250,10:00,peak_flat,ctl_tickerhash,0.0503272,0.079348,0.010405,False,True,False,False,False,False,False,False
444,0.00989737,1.91016,0.538288,-0.000133016,0.0200824,0.024444,-0.00139078,194,250,10:00,peak_flat,ctl_random,0.0567576,0.0880405,0.010405,False,False,False,False,False,False,False,False
444,-0.0978734,-15.9377,0.247748,-0.110182,-0.0859301,-0.100321,-0.0959739,194,250,10:00,peak_flat,c37_rank_score,1.57424e-45,1.30783e-44,0.010405,False,True,True,True,True,True,False,False
444,-0.0244471,-4.01814,0.425676,-0.036249,-0.0122689,-0.0203027,-0.0276632,194,250,10:30,fwd30,coil,6.89158e-05,0.000161375,0.00398644,True,True,True,True,True,True,False,False
444,0.024447,4.01813,0.574324,0.0122687,0.0362489,0.0203027,0.027663,194,250,10:30,fwd30,dist_sess_high_pct,6.89207e-05,0.000161375,0.00398644,True,True,True,True,True,True,False,False
444,-0.0303857,-4.97022,0.421171,-0.0422576,-0.01844,-0.0276138,-0.0325367,194,250,10:30,fwd30,dist_high60,9.57427e-07,2.65134e-06,0.00398644,True,True,True,True,True,True,False,False
444,-0.0535879,-9.46642,0.331081,-0.0647891,-0.0426648,-0.0497553,-0.0565619,194,250,10:30,fwd30,gain_now,1.73387e-19,7.6432e-19,0.00398644,True,True,True,True,True,True,False,False
444,-0.0031766,-0.432012,0.495495,-0.0173784,0.0109124,-0.0167432,0.00735109,194,250,10:30,fwd30,pm_gain,0.665943,0.729245,0.00398644,True,False,False,False,False,False,False,False
444,-0.00514747,-0.705928,0.47973,-0.0191974,0.00888647,-0.0202869,0.00660072,194,250,10:30,fwd30,gap7,0.480604,0.558349,0.00398644,True,False,False,True,False,False,False,False
444,-0.022708,-3.90134,0.40991,-0.0340243,-0.0113157,-0.01641,-0.0275953,194,250,10:30,fwd30,pressure30,0.000110516,0.000247374,0.00398644,True,True,True,True,True,True,False,False
444,-0.0228706,-4.59631,0.421171,-0.0324111,-0.0130276,-0.0226157,-0.0230683,194,250,10:30,fwd30,pressure30_nv,5.61657e-06,1.46608e-05,0.00398644,True,True,True,True,True,True,False,False
444,-0.0325198,-6.20281,0.400901,-0.042685,-0.0224823,-0.0278703,-0.0361278,194,250,10:30,fwd30,pressure30_bc,1.27342e-09,4.05992e-09,0.00398644,True,True,True,True,True,True,True,True
444,-0.0287384,-5.80003,0.382883,-0.0382912,-0.0189798,-0.0278036,-0.0294638,194,250,10:30,fwd30,pressure30_t,1.2627e-08,3.82798e-08,0.00398644,True,True,True,True,True,True,False,False
444,-0.0291963,-5.62638,0.38964,-0.0393198,-0.0193321,-0.0273223,-0.0306505,194,250,10:30,fwd30,pressure10,3.2672e-08,9.76768e-08,0.00398644,True,True,True,True,True,True,False,False
444,0.000470483,0.073484,0.529279,-0.0120357,0.0128282,0.00669236,-0.00435769,194,250,10:30,fwd30,log_dvol,0.941454,0.963763,0.00398644,True,False,False,False,False,False,False,False
444,0.00299389,0.469051,0.542793,-0.00940618,0.0153249,0.0137126,-0.00532386,194,250,10:30,fwd30,n_bars,0.639264,0.707019,0.00398644,True,False,False,False,False,False,False,False
444,-0.00640904,-1.20087,0.472973,-0.0167689,0.00402412,-0.0102848,-0.00340144,194,250,10:30,fwd30,stale_min,0.230445,0.302131,0.00398644,True,False,False,True,False,False,False,False
444,-0.00913176,-1.5236,0.452703,-0.0208112,0.00267832,-0.0175849,-0.00257216,194,250,10:30,fwd30,no_trade_share,0.128323,0.181162,0.00398644,True,False,False,True,False,False,False,False
444,0.00669994,1.02456,0.497748,-0.00576868,0.0195931,0.00872856,0.00512573,194,250,10:30,fwd30,amihud,0.306129,0.383884,0.00398644,True,False,False,True,True,False,False,False
444,-0.0481753,-8.25057,0.34009,-0.0597238,-0.0368263,-0.0487872,-0.0477005,194,250,10:30,fwd30,corwin_schultz,1.8188e-15,7.2752e-15,0.00398644,True,True,True,True,True,True,True,True
444,-0.0124188,-1.97342,0.472973,-0.0247001,-0.000185253,-0.00804543,-0.0158126,194,250,10:30,fwd30,abdi_ranaldo,0.049069,0.0776476,0.00398644,True,True,False,True,True,False,True,False
444,-0.0151959,-2.43079,0.457207,-0.0273964,-0.00299556,-0.0127276,-0.0171113,194,250,10:30,fwd30,roll,0.0154619,0.0277159,0.00398644,True,True,True,True,True,False,True,False
444,-0.0376815,-6.68605,0.376126,-0.0485866,-0.0265867,-0.0288489,-0.0445356,194,250,10:30,fwd30,bar_range,6.92068e-11,2.30867e-10,0.00398644,True,True,True,True,True,True,True,True
444,-0.0048563,-0.881295,0.475225,-0.0156154,0.0057778,-0.0135085,0.00185783,194,250,10:30,fwd30,log_price,0.378636,0.456362,0.00398644,True,False,False,True,False,False,False,False
444,-0.0577291,-10.6054,0.31982,-0.0682882,-0.0467676,-0.062311,-0.0541736,194,250,10:30,fwd30,atr_pct,1.43555e-23,6.81493e-23,0.00398644,True,True,True,True,True,True,True,True
444,0.00995395,1.72316,0.513514,-0.00173546,0.0208741,0.0034812,0.0149768,194,250,10:30,fwd30,mins_since_cross,0.085558,0.127672,0.00398644,True,False,False,True,False,False,False,False
444,-0.057421,-10.8256,0.27027,-0.0677818,-0.0472671,-0.0631113,-0.0530053,194,250,10:30,fwd30,close_pos,2.16835e-24,1.08922e-23,0.00398644,True,True,True,True,True,True,False,False
444,0.0018463,0.388129,0.524775,-0.0075129,0.0109157,0.00468747,-0.000358458,194,250,10:30,fwd30,ctl_tickerhash,0.698107,0.756793,0.00398644,True,False,False,False,False,False,False,False
444,-0.00398644,-0.855925,0.497748,-0.0129204,0.00502047,-0.0110891,0.00152522,194,250,10:30,fwd30,ctl_random,0.392502,0.469698,0.00398644,True,False,False,False,False,False,False,False
444,-0.0193602,-3.40719,0.452703,-0.030583,-0.00815848,-0.0150948,-0.0226701,194,250,10:30,fwd30,c37_rank_score,0.000716282,0.0014841,0.00398644,True,True,True,True,True,False,False,False
444,-0.00790064,-1.22646,0.459459,-0.0203845,0.00477917,-0.0123463,-0.00445084,194,250,10:30,fwd60,coil,0.220679,0.291543,0.00278665,True,False,False,True,True,False,False,False
444,0.00790059,1.22645,0.540541,-0.00477918,0.0203844,0.0123463,0.00445074,194,250,10:30,fwd60,dist_sess_high_pct,0.220682,0.291543,0.00278665,True,False,False,True,True,False,False,False
444,-0.00915881,-1.42372,0.472973,-0.021696,0.00354123,-0.0157544,-0.00404066,194,250,10:30,fwd60,dist_high60,0.15523,0.214934,0.00278665,True,False,False,True,False,False,False,False
444,-0.0508212,-9.09271,0.31982,-0.0614572,-0.0396949,-0.0577365,-0.0454549,194,250,10:30,fwd60,gain_now,3.26717e-18,1.37699e-17,0.00278665,True,True,True,True,True,True,False,False
444,0.00783433,1.0961,0.495495,-0.00635517,0.0217394,-0.00114795,0.0148046,194,250,10:30,fwd60,pm_gain,0.273632,0.348699,0.00278665,True,False,False,True,False,False,True,False
444,0.0074091,1.04013,0.506757,-0.00687633,0.0210428,-0.00401848,0.0162769,194,250,10:30,fwd60,gap7,0.298845,0.37584,0.00278665,True,False,False,True,False,False,True,False
444,-0.0217568,-3.69369,0.423423,-0.0332623,-0.0100449,-0.0172705,-0.0252383,194,250,10:30,fwd60,pressure30,0.000248642,0.000537068,0.00278665,True,True,True,True,True,True,False,False
444,-0.0221535,-4.32406,0.425676,-0.0320689,-0.0119639,-0.0215285,-0.0226385,194,250,10:30,fwd60,pressure30_nv,1.89396e-05,4.72943e-05,0.00278665,True,True,True,True,True,True,False,False
444,-0.031786,-6.06634,0.378378,-0.0419867,-0.0213082,-0.0342196,-0.0298975,194,250,10:30,fwd60,pressure30_bc,2.80896e-09,8.85745e-09,0.00278665,True,True,True,True,True,True,True,True
444,-0.024201,-4.80041,0.405405,-0.0337229,-0.0142794,-0.0245606,-0.0239219,194,250,10:30,fwd60,pressure30_t,2.16884e-06,5.85586e-06,0.00278665,True,True,True,True,True,True,False,False
444,-0.0225796,-4.18438,0.391892,-0.0331233,-0.0119513,-0.0235447,-0.0218308,194,250,10:30,fwd60,pressure10,3.44945e-05,8.46683e-05,0.00278665,True,True,True,True,True,True,False,False
444,-0.00537802,-0.881146,0.495495,-0.0172251,0.00638151,-0.00870772,-0.00279417,194,250,10:30,fwd60,log_dvol,0.378717,0.456362,0.00278665,True,False,False,True,False,False,False,False
444,-0.000729093,-0.116569,0.52027,-0.0127934,0.0113026,0.00376159,-0.00421386,194,250,10:30,fwd60,n_bars,0.907255,0.935403,0.00278665,True,False,False,False,False,False,True,False
444,-0.00181685,-0.339609,0.52027,-0.0123241,0.00858657,-0.00107359,-0.00239361,194,250,10:30,fwd60,stale_min,0.734312,0.791079,0.00278665,True,False,False,False,True,False,False,False
444,-9.20352e-06,-0.00156146,0.486486,-0.011518,0.0113382,-0.000408204,0.000300421,194,250,10:30,fwd60,no_trade_share,0.998755,0.998755,0.00278665,True,False,False,False,False,False,False,False
444,0.0126122,2.08449,0.513514,0.000918047,0.0245885,0.026467,0.0018608,194,250,10:30,fwd60,amihud,0.0376875,0.0614377,0.00278665,True,True,False,True,False,False,False,False
444,-0.0685131,-11.8096,0.286036,-0.0798705,-0.057039,-0.0709807,-0.0665982,194,250,10:30,fwd60,corwin_schultz,3.60312e-28,1.95792e-27,0.00278665,True,True,True,True,True,True,True,True
444,-0.0153487,-2.49361,0.45045,-0.027073,-0.00327544,-0.00774594,-0.0212484,194,250,10:30,fwd60,abdi_ranaldo,0.013009,0.0235142,0.00278665,True,True,True,True,True,False,True,False
444,-0.0127837,-2.1874,0.441441,-0.0238814,-0.00150842,-0.00711408,-0.0171833,194,250,10:30,fwd60,roll,0.0292351,0.0494308,0.00278665,True,True,True,True,True,False,True,False
444,-0.0563315,-9.99898,0.324324,-0.0672099,-0.0451641,-0.055306,-0.0571273,194,250,10:30,fwd60,bar_range,2.32052e-21,1.06081e-20,0.00278665,True,True,True,True,True,True,True,True
444,-0.00770151,-1.3792,0.47973,-0.0185571,0.00318995,-0.0189469,0.00102493,194,250,10:30,fwd60,log_price,0.168529,0.231125,0.00278665,True,False,False,True,False,False,False,False
444,-0.0740409,-13.1865,0.254505,-0.0848509,-0.062919,-0.0766041,-0.0720519,194,250,10:30,fwd60,atr_pct,9.98426e-34,6.25101e-33,0.00278665,True,True,True,True,True,True,True,True
444,0.00876573,1.53197,0.513514,-0.00247755,0.0197078,0.00367158,0.0127188,194,250,10:30,fwd60,mins_since_cross,0.126244,0.178519,0.00278665,True,False,False,True,False,False,False,False
444,-0.0477751,-8.95037,0.31982,-0.0580572,-0.0373537,-0.0661497,-0.0335164,194,250,10:30,fwd60,close_pos,9.79324e-18,4.06796e-17,0.00278665,True,True,True,True,True,True,False,False
444,-0.00278665,-0.580171,0.47973,-0.0121161,0.00663332,-0.00344056,-0.00227922,194,250,10:30,fwd60,ctl_tickerhash,0.562094,0.634836,0.00278665,True,False,False,False,True,False,False,False
444,-0.000971385,-0.213997,0.495495,-0.00985435,0.00786527,-0.0018325,-0.000303159,194,250,10:30,fwd60,ctl_random,0.830648,0.873307,0.00278665,True,False,False,False,False,False,False,False
444,-0.0083268,-1.51732,0.481982,-0.0189767,0.00265077,-0.0132898,-0.00447551,194,250,10:30,fwd60,c37_rank_score,0.129898,0.183087,0.00278665,True,False,False,True,True,False,False,False
444,0.0216787,3.28442,0.576577,0.0087409,0.034556,0.0106359,0.0302479,194,250,10:30,fwd_flat,coil,0.001103,0.00224763,0.00389994,True,True,True,True,True,True,True,True
444,-0.0216788,-3.28442,0.423423,-0.034556,-0.00874094,-0.0106359,-0.030248,194,250,10:30,fwd_flat,dist_sess_high_pct,0.00110298,0.00224763,0.00389994,True,True,True,True,True,True,True,True
444,0.0252138,3.91915,0.592342,0.0126421,0.0378694,0.0199219,0.0293204,194,250,10:30,fwd_flat,dist_high60,0.000102914,0.000230954,0.00389994,True,True,True,True,True,True,True,True
444,-0.0213091,-3.67453,0.443694,-0.0328077,-0.0100793,-0.0259968,-0.0176714,194,250,10:30,fwd_flat,gain_now,0.000267461,0.000576275,0.00389994,True,True,True,True,True,True,False,False
444,0.035258,4.77969,0.581081,0.0207159,0.0495995,0.0355984,0.0349939,194,250,10:30,fwd_flat,pm_gain,2.3925e-06,6.41962e-06,0.00389994,True,True,True,True,True,True,True,True
444,0.0296201,4.06594,0.592342,0.0151779,0.0436243,0.0269776,0.0316707,194,250,10:30,fwd_flat,gap7,5.66169e-05,0.00013513,0.00389994,True,True,True,True,True,True,True,True
444,-0.00745449,-1.2458,0.454955,-0.0192666,0.00430435,-0.0028516,-0.0110263,194,250,10:30,fwd_flat,pressure30,0.213497,0.285103,0.00389994,True,False,False,True,False,False,False,False
444,-0.0118286,-2.2848,0.443694,-0.0221092,-0.00164209,-0.012564,-0.0112579,194,250,10:30,fwd_flat,pressure30_nv,0.0227964,0.0394999,0.00389994,True,True,True,True,True,False,False,False
444,-0.0187958,-3.57152,0.432432,-0.0289967,-0.00838633,-0.0219885,-0.0163182,194,250,10:30,fwd_flat,pressure30_bc,0.000393788,0.00084008,0.00389994,True,True,True,True,True,False,True,False
444,-0.0110847,-2.1835,0.461712,-0.0208955,-0.00103312,-0.0139554,-0.00885694,194,250,10:30,fwd_flat,pressure30_t,0.0295233,0.0498206,0.00389994,True,True,True,True,True,False,False,False
444,-0.0146383,-2.86871,0.445946,-0.0245671,-0.00468258,-0.0180167,-0.0120167,194,250,10:30,fwd_flat,pressure10,0.00431853,0.00832859,0.00389994,True,True,True,True,True,False,False,False
444,0.00108107,0.177742,0.488739,-0.0105944,0.0129683,-0.00320216,0.00440485,194,250,10:30,fwd_flat,log_dvol,0.859007,0.898525,0.00389994,True,False,False,False,False,False,False,False
444,-0.00401998,-0.629442,0.5,-0.0164078,0.00851815,0.000139281,-0.00724757,194,250,10:30,fwd_flat,n_bars,0.529384,0.607421,0.00389994,True,False,False,True,False,False,True,False
444,-0.00149923,-0.284682,0.511261,-0.011832,0.00879378,-0.00171453,-0.00133216,194,250,10:30,fwd_flat,stale_min,0.776021,0.824545,0.00389994,True,False,False,False,True,False,False,False
444,9.96599e-05,0.0168838,0.484234,-0.0113065,0.0114777,0.00229485,-0.00160381,194,250,10:30,fwd_flat,no_trade_share,0.986537,0.994595,0.00389994,True,False,False,False,False,False,False,False
444,-0.0111817,-1.79351,0.466216,-0.0233026,0.000923312,0.00637941,-0.0248092,194,250,10:30,fwd_flat,amihud,0.0735736,0.110938,0.00389994,True,False,False,True,False,False,False,False
444,-0.0807685,-13.4064,0.240991,-0.0926263,-0.0690097,-0.0819623,-0.0798422,194,250,10:30,fwd_flat,corwin_schultz,1.22084e-34,7.8717e-34,0.00389994,True,True,True,True,True,True,True,True
444,-0.0311776,-5.06869,0.385135,-0.0431324,-0.0194498,-0.0242131,-0.036582,194,250,10:30,fwd_flat,abdi_ranaldo,5.89534e-07,1.65915e-06,0.00389994,True,True,True,True,True,True,True,True
444,-0.0250332,-3.97738,0.441441,-0.0373491,-0.0128397,-0.0187886,-0.029879,194,250,10:30,fwd_flat,roll,8.13712e-05,0.000186981,0.00389994,True,True,True,True,True,True,True,True
444,-0.062493,-10.4949,0.288288,-0.0739885,-0.0508995,-0.0622112,-0.0627117,194,250,10:30,fwd_flat,bar_range,3.67185e-23,1.73359e-22,0.00389994,True,True,True,True,True,True,True,True
444,-0.00429438,-0.717347,0.472973,-0.0157875,0.00747626,-0.0155184,0.00441547,194,250,10:30,fwd_flat,log_price,0.473538,0.552887,0.00389994,True,False,False,True,False,False,False,False
444,-0.0849932,-14.9554,0.240991,-0.0963846,-0.0736896,-0.0846192,-0.0852834,194,250,10:30,fwd_flat,atr_pct,3.13868e-41,2.3178e-40,0.00389994,True,True,True,True,True,True,True,True
444,0.011903,2.039,0.547297,0.000352723,0.023347,0.0136486,0.0105485,194,250,10:30,fwd_flat,mins_since_cross,0.0420433,0.0680252,0.00389994,True,True,False,True,True,False,False,False
444,-0.0215292,-4.0073,0.38964,-0.0320225,-0.0111885,-0.0359564,-0.0103337,194,250,10:30,fwd_flat,close_pos,7.20402e-05,0.00016777,0.00389994,True,True,True,True,False,True,False,False
444,0.00217879,0.44984,0.493243,-0.00729876,0.0116971,-0.00440004,0.00728396,194,250,10:30,fwd_flat,ctl_tickerhash,0.653046,0.71694,0.00389994,True,False,False,False,False,False,False,False
444,-0.00389994,-0.850914,0.52027,-0.0129504,0.0051354,0.00126092,-0.00790477,194,250,10:30,fwd_flat,ctl_random,0.395277,0.472364,0.00389994,True,False,False,False,False,False,False,False
444,0.0187725,3.2168,0.540541,0.00733895,0.0302733,0.00774595,0.0273292,194,250,10:30,fwd_flat,c37_rank_score,0.00139132,0.00279559,0.00389994,True,True,True,True,False,False,True,False
444,0.0251824,3.96679,0.574324,0.0129768,0.0377881,0.030772,0.0208448,194,250,10:30,fwd60_nx,coil,8.49421e-05,0.000193926,0.00519295,True,True,True,True,True,True,True,True
444,-0.0251824,-3.9668,0.425676,-0.0377881,-0.0129768,-0.030772,-0.0208449,194,250,10:30,fwd60_nx,dist_sess_high_pct,8.49385e-05,0.000193926,0.00519295,True,True,True,True,True,True,True,True
444,0.0272668,4.30881,0.581081,0.015089,0.039766,0.0306222,0.024663,194,250,10:30,fwd60_nx,dist_high60,2.02365e-05,5.02422e-05,0.00519295,True,True,True,True,True,True,True,True
444,-0.025744,-4.68313,0.382883,-0.0364392,-0.0148513,-0.026587,-0.0250899,194,250,10:30,fwd60_nx,gain_now,3.76282e-06,9.97264e-06,0.00519295,True,True,True,True,True,True,False,False
444,0.00765956,1.05728,0.493243,-0.00652862,0.0217504,-4.17443e-05,0.0136358,194,250,10:30,fwd60_nx,pm_gain,0.29096,0.367529,0.00519295,True,False,False,True,False,False,True,False
444,0.00764308,1.05868,0.497748,-0.00655278,0.0216764,-0.00244074,0.0154681,194,250,10:30,fwd60_nx,gap7,0.290321,0.367258,0.00519295,True,False,False,True,False,False,True,False
444,-0.0129655,-2.18245,0.448198,-0.0243085,-0.0010555,-0.00776522,-0.017001,194,250,10:30,fwd60_nx,pressure30,0.0296008,0.049854,0.00519295,True,True,True,True,True,False,False,False
444,-0.0100443,-1.959,0.466216,-0.0198657,0.000181925,-0.00533873,-0.0136958,194,250,10:30,fwd60_nx,pressure30_nv,0.0507398,0.0798528,0.00519295,True,False,False,True,True,False,False,False
444,-0.0198159,-3.72538,0.432432,-0.0301307,-0.00919625,-0.0208602,-0.0190055,194,250,10:30,fwd60_nx,pressure30_bc,0.000220225,0.000478076,0.00519295,True,True,True,True,True,False,True,False
444,-0.0107481,-2.09089,0.43018,-0.0204875,-0.000455321,-0.00839529,-0.0125738,194,250,10:30,fwd60_nx,pressure30_t,0.0371067,0.0606053,0.00519295,True,True,False,True,True,False,False,False
444,-0.00907875,-1.68437,0.472973,-0.0194472,0.00153358,-0.00840344,-0.0096028,194,250,10:30,fwd60_nx,pressure10,0.0928149,0.13708,0.00519295,True,False,False,True,True,False,False,False
444,-0.0165012,-2.7552,0.459459,-0.0280365,-0.00509693,-0.0189569,-0.0145955,194,250,10:30,fwd60_nx,log_dvol,0.00610742,0.0115719,0.00519295,True,True,True,True,True,False,False,False
444,-0.0132567,-2.12217,0.466216,-0.025183,-0.00113083,-0.00777223,-0.0175127,194,250,10:30,fwd60_nx,n_bars,0.0343779,0.0565763,0.00519295,True,True,False,True,True,False,True,False
444,0.00916058,1.75041,0.515766,-0.000950984,0.0192938,0.00425245,0.0129693,194,250,10:30,fwd60_nx,stale_min,0.0807393,0.121109,0.00519295,True,False,False,True,False,False,False,False
444,0.0111498,1.91227,0.538288,-0.000233882,0.0223425,0.00868267,0.0130643,194,250,10:30,fwd60_nx,no_trade_share,0.0564858,0.0877765,0.00519295,True,False,False,True,True,False,False,False
444,0.0111339,1.89841,0.504505,-0.000259253,0.0225321,0.0233492,0.00165486,194,250,10:30,fwd60_nx,amihud,0.0582918,0.0902583,0.00519295,True,False,False,True,False,False,False,False
444,-0.068432,-11.8147,0.290541,-0.07976,-0.0570029,-0.0732558,-0.0646888,194,250,10:30,fwd60_nx,corwin_schultz,3.44141e-28,1.88188e-27,0.00519295,True,True,True,True,True,True,True,True
444,-0.018039,-2.9596,0.443694,-0.0297706,-0.00619989,-0.0110566,-0.0234573,194,250,10:30,fwd60_nx,abdi_ranaldo,0.00324556,0.00630149,0.00519295,True,True,True,True,True,False,True,False
444,-0.014506,-2.45853,0.43018,-0.0258044,-0.00289648,-0.00959763,-0.0183149,194,250,10:30,fwd60_nx,roll,0.0143323,0.0257445,0.00519295,True,True,True,True,True,False,True,False
444,-0.0597662,-10.7032,0.306306,-0.070733,-0.0486652,-0.0607032,-0.059039,194,250,10:30,fwd60_nx,bar_range,6.21576e-24,3.01709e-23,0.00519295,True,True,True,True,True,True,True,True
444,-0.00761642,-1.31057,0.477477,-0.019089,0.00357206,-0.017698,0.000206874,194,250,10:30,fwd60_nx,log_price,0.190681,0.257419,0.00519295,True,False,False,True,False,False,False,False
444,-0.0660109,-11.934,0.263514,-0.0765487,-0.055085,-0.0747158,-0.0592559,194,250,10:30,fwd60_nx,atr_pct,1.16638e-28,6.45996e-28,0.00519295,True,True,True,True,True,True,True,True
444,-0.0017639,-0.30775,0.475225,-0.0130412,0.00918751,-0.00875386,0.0036603,194,250,10:30,fwd60_nx,mins_since_cross,0.758417,0.809978,0.00519295,True,False,False,False,False,False,False,False
444,-0.0127831,-2.42249,0.472973,-0.022974,-0.00254603,-0.0298728,0.000478519,194,250,10:30,fwd60_nx,close_pos,0.0158148,0.0282898,0.00519295,True,True,True,True,False,False,False,False
444,-0.00519295,-1.08017,0.47973,-0.0144359,0.00433211,-0.00678529,-0.00395729,194,250,10:30,fwd60_nx,ctl_tickerhash,0.280653,0.355848,0.00519295,True,False,False,False,True,False,False,False
444,0.00190974,0.411442,0.52027,-0.00710349,0.0108344,0.00315004,0.000947276,194,250,10:30,fwd60_nx,ctl_random,0.680948,0.742852,0.00519295,True,False,False,False,False,False,False,False
444,0.0121232,2.2238,0.529279,0.00160044,0.0228024,0.0157148,0.00933615,194,250,10:30,fwd60_nx,c37_rank_score,0.0266653,0.0455312,0.00519295,True,True,True,True,True,False,True,False
444,0.0447287,6.8379,0.644144,0.0319313,0.0575012,0.0383872,0.0496497,194,250,10:30,fwd_flat_nx,coil,2.6761e-11,9.17521e-11,0.00281855,True,True,True,True,True,True,True,True
444,-0.0447287,-6.8379,0.355856,-0.0575013,-0.0319313,-0.0383872,-0.0496498,194,250,10:30,fwd_flat_nx,dist_sess_high_pct,2.67608e-11,9.17521e-11,0.00281855,True,True,True,True,True,True,True,True
444,0.0507583,8.02423,0.644144,0.0385687,0.0631995,0.0508216,0.0507092,194,250,10:30,fwd_flat_nx,dist_high60,9.24317e-15,3.59734e-14,0.00281855,True,True,True,True,True,True,True,True
444,-0.00538739,-0.940542,0.477477,-0.0166033,0.00576647,-0.00651132,-0.00451521,194,250,10:30,fwd_flat_nx,gain_now,0.347452,0.425814,0.00281855,True,False,False,True,True,False,False,False
444,0.0354849,4.88452,0.587838,0.0209918,0.0493661,0.0358908,0.03517,194,250,10:30,fwd_flat_nx,pm_gain,1.45078e-06,3.94174e-06,0.00281855,True,True,True,True,True,True,True,True
444,0.0295435,4.15132,0.596847,0.01547,0.0429845,0.0269859,0.0315282,194,250,10:30,fwd_flat_nx,gap7,3.96583e-05,9.54451e-05,0.00281855,True,True,True,True,True,True,True,True
444,-0.00413952,-0.686884,0.486486,-0.0160494,0.00781518,0.000391455,-0.00765555,194,250,10:30,fwd_flat_nx,pressure30,0.492515,0.568894,0.00281855,True,False,False,True,False,False,False,False
444,-0.00560101,-1.07964,0.481982,-0.0157675,0.00449712,-0.00439267,-0.00653867,194,250,10:30,fwd_flat_nx,pressure30_nv,0.280889,0.355848,0.00281855,True,False,False,True,True,False,False,False
444,-0.0119404,-2.28452,0.45045,-0.0220516,-0.00167641,-0.0160595,-0.00874398,194,250,10:30,fwd_flat_nx,pressure30_bc,0.022813,0.0394999,0.00281855,True,True,True,True,True,False,True,False
444,-0.0024492,-0.476686,0.472973,-0.0123603,0.00767746,-0.00406822,-0.00119285,194,250,10:30,fwd_flat_nx,pressure30_t,0.633821,0.70298,0.00281855,True,False,False,False,False,False,False,False
444,-0.0059738,-1.16632,0.484234,-0.0160066,0.00401702,-0.00965276,-0.00311893,194,250,10:30,fwd_flat_nx,pressure10,0.244113,0.317641,0.00281855,True,False,False,True,False,False,False,False
444,-0.00901084,-1.47646,0.481982,-0.0209382,0.00283651,-0.0133914,-0.00561149,194,250,10:30,fwd_flat_nx,log_dvol,0.140531,0.196789,0.00281855,True,False,False,True,True,False,False,False
444,-0.0144508,-2.25025,0.459459,-0.0269142,-0.00189031,-0.0101217,-0.0178101,194,250,10:30,fwd_flat_nx,n_bars,0.024923,0.0426406,0.00281855,True,True,True,True,True,False,True,False
444,0.00976558,1.85273,0.536036,-0.000452341,0.0201414,0.00621673,0.0125195,194,250,10:30,fwd_flat_nx,stale_min,0.0645862,0.0984171,0.00281855,True,False,False,True,True,False,False,False
444,0.0113791,1.92174,0.522523,-1.18516e-05,0.0229131,0.0131152,0.0100319,194,250,10:30,fwd_flat_nx,no_trade_share,0.0552799,0.0862127,0.00281855,True,False,False,True,True,False,False,False
444,-0.0117969,-1.87887,0.459459,-0.0238735,0.00037423,0.00595226,-0.0255703,194,250,10:30,fwd_flat_nx,amihud,0.0609182,0.0936537,0.00281855,True,False,False,True,False,False,False,False
444,-0.0803971,-13.2665,0.247748,-0.0924681,-0.068763,-0.0818479,-0.0792713,194,250,10:30,fwd_flat_nx,corwin_schultz,4.65744e-34,2.93725e-33,0.00281855,True,True,True,True,True,True,True,True
444,-0.0316347,-5.10486,0.398649,-0.0436323,-0.0196418,-0.0264339,-0.0356705,194,250,10:30,fwd_flat_nx,abdi_ranaldo,4.92373e-07,1.39479e-06,0.00281855,True,True,True,True,True,True,True,True
444,-0.0252388,-3.99378,0.425676,-0.0377166,-0.0130329,-0.0195819,-0.0296285,194,250,10:30,fwd_flat_nx,roll,7.61227e-05,0.000176327,0.00281855,True,True,True,True,True,True,True,True
444,-0.06464,-10.7968,0.283784,-0.0763485,-0.052976,-0.0639434,-0.0651805,194,250,10:30,fwd_flat_nx,bar_range,2.77868e-24,1.37187e-23,0.00281855,True,True,True,True,True,True,True,True
444,-0.00496117,-0.819827,0.493243,-0.0166661,0.00696874,-0.015716,0.00338456,194,250,10:30,fwd_flat_nx,log_price,0.412756,0.490538,0.00281855,True,False,False,True,False,False,False,False
444,-0.0766687,-13.6452,0.236486,-0.0877702,-0.0654818,-0.0778689,-0.0757373,194,250,10:30,fwd_flat_nx,atr_pct,1.2264e-35,8.21404e-35,0.00281855,True,True,True,True,True,True,True,True
444,0.00540105,0.93342,0.522523,-0.00616232,0.0165479,0.00572511,0.00514957,194,250,10:30,fwd_flat_nx,mins_since_cross,0.351112,0.428475,0.00281855,True,False,False,True,True,False,False,False
444,0.00155144,0.2952,0.490991,-0.00875971,0.0116526,-0.0104447,0.0108604,194,250,10:30,fwd_flat_nx,close_pos,0.76798,0.818168,0.00281855,True,False,False,False,False,False,False,False
444,0.000302048,0.0633926,0.490991,-0.00908022,0.00961293,-0.00679185,0.00580691,194,250,10:30,fwd_flat_nx,ctl_tickerhash,0.949482,0.969146,0.00281855,True,False,False,False,False,False,False,False
444,-0.00281855,-0.62742,0.545045,-0.0117608,0.00606244,0.00345145,-0.00768407,194,250,10:30,fwd_flat_nx,ctl_random,0.530707,0.608131,0.00281855,True,False,False,False,False,False,False,False
444,0.0308642,5.30759,0.59009,0.0193482,0.0424367,0.0255344,0.0350002,194,250,10:30,fwd_flat_nx,c37_rank_score,1.75984e-07,5.15424e-07,0.00281855,True,True,True,True,True,True,True,True
444,0.0460417,6.75293,0.632883,0.0327219,0.0596982,0.0404714,0.0503644,194,250,10:30,fwd_flat_nx5,coil,4.56348e-11,1.53435e-10,0.00606454,True,True,True,True,True,True,True,True
444,-0.0460417,-6.75291,0.367117,-0.0596982,-0.0327218,-0.0404713,-0.0503642,194,250,10:30,fwd_flat_nx5,dist_sess_high_pct,4.56397e-11,1.53435e-10,0.00606454,True,True,True,True,True,True,True,True
444,0.0506053,7.68906,0.646396,0.0377979,0.0637705,0.0516453,0.0497983,194,250,10:30,fwd_flat_nx5,dist_high60,9.66611e-14,3.66295e-13,0.00606454,True,True,True,True,True,True,True,True
444,-0.00957273,-1.61816,0.470721,-0.021347,0.00187325,-0.0126309,-0.00719959,194,250,10:30,fwd_flat_nx5,gain_now,0.10634,0.15313,0.00606454,True,False,False,True,True,False,False,False
444,0.035625,4.76161,0.59009,0.0207818,0.0500337,0.0338327,0.0370158,194,250,10:30,fwd_flat_nx5,pm_gain,2.60578e-06,6.97026e-06,0.00606454,True,True,True,True,True,True,True,True
444,0.0283101,3.84161,0.583333,0.013759,0.0424069,0.0247735,0.0310545,194,250,10:30,fwd_flat_nx5,gap7,0.000140077,0.000311122,0.00606454,True,True,True,True,True,True,True,True
444,-0.00357653,-0.581758,0.477477,-0.015744,0.00854305,0.00522613,-0.0104074,194,250,10:30,fwd_flat_nx5,pressure30,0.561026,0.634836,0.00606454,True,False,False,False,False,False,False,False
444,-0.00754185,-1.37356,0.484234,-0.0183757,0.00320567,-0.00416804,-0.0101599,194,250,10:30,fwd_flat_nx5,pressure30_nv,0.170273,0.233147,0.00606454,True,False,False,True,True,False,False,False
444,-0.0119575,-2.15602,0.448198,-0.022672,-0.00122524,-0.0124824,-0.0115502,194,250,10:30,fwd_flat_nx5,pressure30_bc,0.03162,0.0526386,0.00606454,True,True,False,True,True,False,True,False
444,-0.0049574,-0.907445,0.475225,-0.0156382,0.00588744,-0.0036893,-0.00594145,194,250,10:30,fwd_flat_nx5,pressure30_t,0.364665,0.443137,0.00606454,True,False,False,False,True,False,False,False
444,-0.00751436,-1.42869,0.495495,-0.0178941,0.00262516,-0.0115608,-0.00437428,194,250,10:30,fwd_flat_nx5,pressure10,0.153797,0.213292,0.00606454,True,False,False,True,True,False,False,False
444,-0.0072773,-1.2036,0.461712,-0.0189856,0.00437174,-0.0163247,-0.000256495,194,250,10:30,fwd_flat_nx5,log_dvol,0.229385,0.301199,0.00606454,True,False,False,True,False,False,False,False
444,-0.0149231,-2.28719,0.434685,-0.0276404,-0.00242016,-0.0149147,-0.0149296,194,250,10:30,fwd_flat_nx5,n_bars,0.0226555,0.0394645,0.00606454,True,True,True,True,True,False,True,False
444,0.0107235,2.03321,0.556306,0.000626132,0.0212018,0.0184914,0.00469552,194,250,10:30,fwd_flat_nx5,stale_min,0.0426274,0.0688413,0.00606454,True,True,False,True,False,False,False,False
444,0.0105486,1.78175,0.527027,-0.000847161,0.0223397,0.020038,0.00318481,194,250,10:30,fwd_flat_nx5,no_trade_share,0.0754748,0.113607,0.00606454,True,False,False,True,False,False,False,False
444,-0.0136058,-2.20375,0.454955,-0.0256225,-0.0016722,0.00141993,-0.0252658,194,250,10:30,fwd_flat_nx5,amihud,0.0280559,0.04753,0.00606454,True,True,True,True,False,False,False,False
444,-0.0790141,-13.1425,0.25,-0.0910655,-0.0673419,-0.0798134,-0.0783938,194,250,10:30,fwd_flat_nx5,corwin_schultz,1.51846e-33,9.43851e-33,0.00606454,True,True,True,True,True,True,True,True
444,-0.0326222,-5.21718,0.400901,-0.0447891,-0.0206354,-0.0275579,-0.0365521,194,250,10:30,fwd_flat_nx5,abdi_ranaldo,2.79577e-07,8.07874e-07,0.00606454,True,True,True,True,True,True,True,True
444,-0.0267049,-4.16823,0.407658,-0.0391585,-0.0142333,-0.0218732,-0.0304543,194,250,10:30,fwd_flat_nx5,roll,3.69306e-05,8.98817e-05,0.00606454,True,True,True,True,True,True,True,True
444,-0.0676408,-11.4647,0.288288,-0.0791735,-0.0562352,-0.0724418,-0.0639153,194,250,10:30,fwd_flat_nx5,bar_range,7.96793e-27,4.19774e-26,0.00606454,True,True,True,True,True,True,True,True
444,-0.0101026,-1.61151,0.448198,-0.0224106,0.00208797,-0.0223299,-0.000614211,194,250,10:30,fwd_flat_nx5,log_price,0.10778,0.154945,0.00606454,True,False,False,True,False,False,False,False
444,-0.0803264,-13.552,0.265766,-0.0919406,-0.0688176,-0.076043,-0.0836503,194,250,10:30,fwd_flat_nx5,atr_pct,3.0136e-35,1.97254e-34,0.00606454,True,True,True,True,True,True,True,True
444,0.000230012,0.0373197,0.504505,-0.011848,0.0122149,-0.00182118,0.00182174,194,250,10:30,fwd_flat_nx5,mins_since_cross,0.970247,0.983912,0.00606454,True,False,False,False,False,False,False,False
444,0.000823561,0.147864,0.481982,-0.0101126,0.0115545,-0.0148788,0.0130086,194,250,10:30,fwd_flat_nx5,close_pos,0.882517,0.918668,0.00606454,True,False,False,False,False,False,False,False
444,0.00310323,0.605083,0.497748,-0.00683691,0.0131744,-0.0105101,0.0136672,194,250,10:30,fwd_flat_nx5,ctl_tickerhash,0.545434,0.621708,0.00606454,True,False,False,False,False,False,False,False
444,-0.00606454,-1.21804,0.497748,-0.0158957,0.00362482,-0.00145108,-0.00964459,194,250,10:30,fwd_flat_nx5,ctl_random,0.223858,0.294837,0.00606454,True,False,False,False,False,False,False,False
444,0.0310737,5.05743,0.585586,0.0189479,0.0432373,0.0232946,0.0371103,194,250,10:30,fwd_flat_nx5,c37_rank_score,6.23378e-07,1.7487e-06,0.00606454,True,True,True,True,True,True,True,True
444,-0.208888,-37.1628,0.0472973,-0.21992,-0.197694,-0.203827,-0.212816,194,250,10:30,peak60,coil,3.13463e-138,1.04166e-136,0.00905945,False,True,True,True,True,True,False,False
444,0.208888,37.1629,0.952703,0.197694,0.21992,0.203827,0.212816,194,250,10:30,peak60,dist_sess_high_pct,3.13225e-138,1.04166e-136,0.00905945,False,True,True,True,True,True,False,False
444,-0.199776,-36.0864,0.0472973,-0.210619,-0.188723,-0.195097,-0.203407,194,250,10:30,peak60,dist_high60,5.6238e-134,1.79961e-132,0.00905945,False,True,True,True,True,True,False,False
444,0.118727,22.0817,0.876126,0.108278,0.129235,0.121663,0.116448,194,250,10:30,peak60,gain_now,2.06589e-73,2.37991e-72,0.00905945,False,True,True,True,True,True,False,False
444,0.0054531,0.781217,0.52027,-0.00832798,0.0191328,0.00336914,0.00707026,194,250,10:30,peak60,pm_gain,0.435092,0.510877,0.00905945,False,False,False,False,True,False,True,False
444,0.0147193,2.15646,0.558559,0.00113825,0.0279834,0.013122,0.0159588,194,250,10:30,peak60,gap7,0.0315855,0.0526386,0.00905945,False,True,False,True,True,False,True,False
444,-0.012348,-2.25534,0.470721,-0.0229654,-0.00170987,-0.00276265,-0.0197862,194,250,10:30,peak60,pressure30,0.024599,0.0422535,0.00905945,False,True,True,True,False,False,False,False
444,-0.011993,-2.50883,0.45045,-0.0213847,-0.00269837,-0.00638459,-0.0163451,194,250,10:30,peak60,pressure30_nv,0.0124692,0.0225856,0.00905945,False,True,True,True,True,False,False,False
444,-0.0147538,-3.17558,0.439189,-0.0239062,-0.0055436,-0.00520355,-0.0221648,194,250,10:30,peak60,pressure30_bc,0.00159975,0.00319949,0.00905945,False,True,True,True,False,False,True,False
444,-0.00958144,-2.02462,0.477477,-0.0186759,-0.000279369,0.000164785,-0.0171445,194,250,10:30,peak60,pressure30_t,0.043506,0.070129,0.00905945,False,True,False,True,False,False,False,False
444,-0.0111309,-2.16155,0.466216,-0.0210857,-0.00113609,-0.00827563,-0.0133466,194,250,10:30,peak60,pressure10,0.0311882,0.0522221,0.00905945,False,True,False,True,True,False,False,False
444,0.0826392,13.7196,0.734234,0.0709815,0.0941974,0.0951241,0.072951,194,250,10:30,peak60,log_dvol,5.97584e-36,4.03369e-35,0.00905945,False,True,True,True,True,True,False,False
444,0.158382,28.4959,0.934685,0.147567,0.169169,0.173007,0.147034,194,250,10:30,peak60,n_bars,3.16359e-102,6.35661e-101,0.00905945,False,True,True,True,True,True,False,False
444,-0.121538,-22.7429,0.144144,-0.132053,-0.1112,-0.131308,-0.113957,194,250,10:30,peak60,stale_min,1.96443e-76,2.35731e-75,0.00905945,False,True,True,True,True,True,False,False
444,-0.112826,-20.1432,0.166667,-0.123843,-0.101926,-0.13178,-0.098118,194,250,10:30,peak60,no_trade_share,1.55449e-64,1.7001e-63,0.00905945,False,True,True,True,True,True,False,False
444,0.0925179,15.071,0.77027,0.0804689,0.104595,0.0915363,0.0932796,194,250,10:30,peak60,amihud,9.8888e-42,7.42949e-41,0.00905945,False,True,True,True,True,True,False,False
444,0.311714,57.5555,0.997748,0.301076,0.322423,0.322961,0.302987,194,250,10:30,peak60,corwin_schultz,9.81074e-208,8.47648e-205,0.00905945,False,True,True,True,True,True,False,False
444,0.146194,25.2261,0.885135,0.134632,0.157556,0.165145,0.131488,194,250,10:30,peak60,abdi_ranaldo,1.05949e-87,1.55153e-86,0.00905945,False,True,True,True,True,True,False,False
444,0.123788,21.7841,0.864865,0.112766,0.134949,0.128693,0.119981,194,250,10:30,peak60,roll,4.75361e-72,5.4041e-71,0.00905945,False,True,True,True,True,True,False,False
444,0.280787,53.8309,0.995495,0.270758,0.290665,0.287112,0.275879,194,250,10:30,peak60,bar_range,1.8019e-196,3.89211e-194,0.00905945,False,True,True,True,True,True,False,False
444,-0.0618999,-11.3188,0.301802,-0.0726573,-0.0512724,-0.033725,-0.0837637,194,250,10:30,peak60,log_price,2.91073e-26,1.51498e-25,0.00905945,False,True,True,True,True,True,False,False
444,0.250023,45.4976,0.981982,0.239209,0.260975,0.229126,0.266238,194,250,10:30,peak60,atr_pct,4.51819e-169,2.78837e-167,0.00905945,False,True,True,True,True,True,False,False
444,0.067641,12.0467,0.734234,0.0563982,0.0783422,0.0549736,0.0774709,194,250,10:30,peak60,mins_since_cross,4.17606e-29,2.35825e-28,0.00905945,False,True,True,True,True,True,False,False
444,-0.0513056,-9.60031,0.308559,-0.061489,-0.0411087,-0.0511351,-0.0514379,194,250,10:30,peak60,close_pos,5.94454e-20,2.64747e-19,0.00905945,False,True,True,True,True,True,False,False
444,0.0038041,0.789409,0.513514,-0.00583624,0.0131553,0.0151791,-0.00502288,194,250,10:30,peak60,ctl_tickerhash,0.430295,0.50789,0.00905945,False,False,False,False,False,False,False,False
444,-0.00905945,-1.94363,0.468468,-0.0183192,5.12043e-05,-0.010278,-0.00811383,194,250,10:30,peak60,ctl_random,0.0525732,0.0822884,0.00905945,False,False,False,False,True,False,False,False
444,-0.0987108,-18.8065,0.182432,-0.108939,-0.0882987,-0.0896977,-0.105705,194,250,10:30,peak60,c37_rank_score,1.98189e-58,2.01454e-57,0.00905945,False,True,True,True,True,True,False,False
444,-0.196596,-34.8593,0.0518018,-0.207742,-0.185366,-0.197575,-0.195836,194,250,10:30,peak_flat,coil,4.74393e-129,1.36625e-127,0.00861018,False,True,True,True,True,True,False,False
444,0.196596,34.8594,0.948198,0.185367,0.207742,0.197575,0.195836,194,250,10:30,peak_flat,dist_sess_high_pct,4.74063e-129,1.36625e-127,0.00861018,False,True,True,True,True,True,False,False
444,-0.180577,-31.9122,0.0720721,-0.191643,-0.169205,-0.176398,-0.18382,194,250,10:30,peak_flat,dist_high60,6.90672e-117,1.8083e-115,0.00861018,False,True,True,True,True,True,False,False
444,0.128444,22.9824,0.867117,0.117642,0.139558,0.130206,0.127076,194,250,10:30,peak_flat,gain_now,1.58586e-77,2.01497e-76,0.00861018,False,True,True,True,True,True,False,False
444,0.0304897,4.30202,0.592342,0.0164545,0.0443278,0.0316893,0.0295588,194,250,10:30,peak_flat,pm_gain,2.08416e-05,5.15964e-05,0.00861018,False,True,True,True,True,True,True,False
444,0.0360801,5.18983,0.583333,0.0222647,0.0495251,0.0371626,0.0352401,194,250,10:30,peak_flat,gap7,3.21182e-07,9.25004e-07,0.00861018,False,True,True,True,True,True,True,False
444,-0.00933633,-1.67118,0.475225,-0.0203037,0.00158538,0.00571912,-0.0210194,194,250,10:30,peak_flat,pressure30,0.0953915,0.140406,0.00861018,False,False,False,True,False,False,False,False
444,-0.00971252,-2.00558,0.481982,-0.0191843,-0.000200029,-0.00355852,-0.014488,194,250,10:30,peak_flat,pressure30_nv,0.0455089,0.0726796,0.00861018,False,True,False,True,False,False,False,False
444,-0.0136431,-2.88192,0.461712,-0.0227602,-0.00420575,-0.00855381,-0.0175923,194,250,10:30,peak_flat,pressure30_bc,0.00414478,0.00801139,0.00861018,False,True,True,True,True,False,True,False
444,-0.00689431,-1.44614,0.484234,-0.0160476,0.00265496,0.00478201,-0.0159551,194,250,10:30,peak_flat,pressure30_t,0.148844,0.207087,0.00861018,False,False,False,False,False,False,False,False
444,-0.0105291,-2.07284,0.466216,-0.0203442,-0.000539308,-0.0120076,-0.00938173,194,250,10:30,peak_flat,pressure10,0.0387649,0.0630751,0.00861018,False,True,False,True,True,False,False,False
444,0.0274896,4.66359,0.56982,0.0159737,0.0391552,0.040057,0.0177374,194,250,10:30,peak_flat,log_dvol,4.12008e-06,1.08529e-05,0.00861018,False,True,True,True,True,True,False,False
444,0.115673,20.5633,0.844595,0.10465,0.126965,0.133744,0.101649,194,250,10:30,peak_flat,n_bars,1.85468e-66,2.05442e-65,0.00861018,False,True,True,True,True,True,False,False
444,-0.072458,-14.6836,0.25,-0.0820744,-0.0629814,-0.0801264,-0.0665073,194,250,10:30,peak_flat,stale_min,4.69538e-40,3.43797e-39,0.00861018,False,True,True,True,True,True,False,False
444,-0.0583422,-10.6494,0.304054,-0.0691005,-0.0475123,-0.0749243,-0.0454744,194,250,10:30,peak_flat,no_trade_share,9.85612e-24,4.7048e-23,0.00861018,False,True,True,True,True,True,False,False
444,0.120611,19.3263,0.831081,0.10834,0.132906,0.123537,0.11834,194,250,10:30,peak_flat,amihud,8.44924e-61,8.90262e-60,0.00861018,False,True,True,True,True,True,False,False
444,0.287658,53.2391,0.995495,0.276979,0.298352,0.303981,0.274992,194,250,10:30,peak_flat,corwin_schultz,1.25478e-194,1.80689e-192,0.00861018,False,True,True,True,True,True,False,False
444,0.15182,25.5531,0.88964,0.139841,0.163404,0.173544,0.134962,194,250,10:30,peak_flat,abdi_ranaldo,3.58106e-89,5.42813e-88,0.00861018,False,True,True,True,True,True,False,False
444,0.134779,23.6147,0.878378,0.123581,0.145823,0.14244,0.128833,194,250,10:30,peak_flat,roll,2.09114e-80,2.82304e-79,0.00861018,False,True,True,True,True,True,False,False
444,0.238121,46.4971,0.988739,0.22818,0.24819,0.242808,0.234485,194,250,10:30,peak_flat,bar_range,1.57247e-172,1.2351e-170,0.00861018,False,True,True,True,True,True,False,False
444,-0.0693191,-12.0056,0.274775,-0.0807037,-0.0581558,-0.0327624,-0.0976871,194,250,10:30,peak_flat,log_price,6.07526e-29,3.38647e-28,0.00861018,False,True,True,True,True,True,False,False
444,0.259059,45.6579,0.977477,0.247722,0.270144,0.238308,0.275161,194,250,10:30,peak_flat,atr_pct,1.25008e-169,8.30823e-168,0.00861018,False,True,True,True,True,True,False,False
444,0.0697978,12.6037,0.754505,0.0587285,0.0803322,0.0600893,0.0773316,194,250,10:30,peak_flat,mins_since_cross,2.4349e-31,1.46094e-30,0.00861018,False,True,True,True,True,True,False,False
444,-0.0327561,-6.24294,0.38964,-0.0429152,-0.0226351,-0.033856,-0.0319026,194,250,10:30,peak_flat,close_pos,1.00642e-09,3.23185e-09,0.00861018,False,True,True,True,True,True,False,False
444,6.43977e-05,0.0134184,0.493243,-0.00944835,0.00957444,0.00307886,-0.00227483,194,250,10:30,peak_flat,ctl_tickerhash,0.9893,0.995058,0.00861018,False,False,False,False,False,False,False,False
444,-0.00861018,-1.81954,0.459459,-0.0179908,0.000604356,-0.00729695,-0.00962926,194,250,10:30,peak_flat,ctl_random,0.0695036,0.105538,0.00861018,False,False,False,False,True,False,False,False
444,-0.107844,-20.7511,0.141892,-0.118096,-0.0975831,-0.10354,-0.111184,194,250,10:30,peak_flat,c37_rank_score,2.55907e-67,2.87148e-66,0.00861018,False,True,True,True,True,True,False,False
444,-0.0227555,-3.94991,0.407658,-0.0338388,-0.0117585,-0.0527393,0.00051184,194,250,11:30,fwd30,coil,9.0938e-05,0.000205682,0.00730033,True,True,True,True,False,True,False,False
444,0.0227555,3.94991,0.592342,0.0117585,0.0338388,0.0527393,-0.00051184,194,250,11:30,fwd30,dist_sess_high_pct,9.0938e-05,0.000205682,0.00730033,True,True,True,True,False,True,False,False
444,-0.0515211,-9.44829,0.313063,-0.0621507,-0.0407326,-0.0703796,-0.0368869,194,250,11:30,fwd30,dist_high60,2.0028e-19,8.73948e-19,0.00730033,True,True,True,True,True,True,False,False
444,-0.0374101,-6.91762,0.373874,-0.0479861,-0.0268673,-0.0415973,-0.0341608,194,250,11:30,fwd30,gain_now,1.61431e-11,5.66978e-11,0.00730033,True,True,True,True,True,True,False,False
444,0.0172565,2.5558,0.551802,0.00439303,0.0307409,0.0421073,-0.00202767,194,250,11:30,fwd30,pm_gain,0.0109272,0.0199601,0.00730033,True,True,True,True,False,False,True,False
444,0.0150978,2.25124,0.531532,0.00209481,0.0284836,0.0373069,-0.00213646,194,250,11:30,fwd30,gap7,0.0248595,0.0426163,0.00730033,True,True,True,True,False,False,True,False
444,-0.0170652,-3.10009,0.445946,-0.0279831,-0.00637006,-0.0157501,-0.0180858,194,250,11:30,fwd30,pressure30,0.00205796,0.0040506,0.00730033,True,True,True,True,True,False,True,False
444,-0.0191603,-4.22912,0.414414,-0.0279394,-0.0102585,-0.0241965,-0.0152522,194,250,11:30,fwd30,pressure30_nv,2.85176e-05,7.01973e-05,0.00730033,True,True,True,True,True,False,False,False
444,-0.0231793,-4.65382,0.423423,-0.0329151,-0.0135057,-0.0268129,-0.0203596,194,250,11:30,fwd30,pressure30_bc,4.31055e-06,1.13201e-05,0.00730033,True,True,True,True,True,True,False,False
444,-0.0293313,-6.57781,0.387387,-0.0381367,-0.0206714,-0.0350071,-0.0249269,194,250,11:30,fwd30,pressure30_t,1.34873e-10,4.44822e-10,0.00730033,True,True,True,True,True,True,False,False
444,-0.0211911,-5.02924,0.418919,-0.029529,-0.0130947,-0.0233044,-0.0195512,194,250,11:30,fwd30,pressure10,7.16614e-07,1.99727e-06,0.00730033,True,True,True,True,True,True,False,False
444,0.00439127,0.763963,0.522523,-0.00678957,0.0159296,0.0152548,-0.0040388,194,250,11:30,fwd30,log_dvol,0.445296,0.522029,0.00730033,True,False,False,False,False,False,False,False
444,0.00327757,0.571362,0.518018,-0.00779756,0.0147554,0.0171917,-0.00751977,194,250,11:30,fwd30,n_bars,0.568044,0.640718,0.00730033,True,False,False,False,False,False,False,False
444,0.00356781,0.715102,0.52027,-0.00642445,0.0132473,-0.00925879,0.0135212,194,250,11:30,fwd30,stale_min,0.474923,0.55305,0.00730033,True,False,False,False,False,False,True,False
444,0.00175711,0.316682,0.502252,-0.00936603,0.0126143,-0.00756267,0.00898927,194,250,11:30,fwd30,no_trade_share,0.751634,0.803727,0.00730033,True,False,False,False,False,False,True,False
444,-0.00413188,-0.715046,0.484234,-0.0154301,0.00699786,0.0025263,-0.00929863,194,250,11:30,fwd30,amihud,0.474958,0.55305,0.00730033,True,False,False,False,False,False,False,False
444,-0.0268217,-5.14507,0.405405,-0.0369231,-0.016736,-0.0180316,-0.0336427,194,250,11:30,fwd30,corwin_schultz,4.02536e-07,1.15545e-06,0.00730033,True,True,True,True,True,True,True,True
444,-0.00707886,-1.34851,0.461712,-0.0173285,0.00330325,-0.000915256,-0.0118618,194,250,11:30,fwd30,abdi_ranaldo,0.178184,0.242061,0.00730033,True,False,False,False,False,False,True,False
444,-0.00832251,-1.56161,0.448198,-0.0188831,0.00210864,0.00155608,-0.0159883,194,250,11:30,fwd30,roll,0.119094,0.169518,0.00730033,True,False,False,True,False,False,True,False
444,-0.0248561,-4.49235,0.405405,-0.0356481,-0.0138238,-0.0196417,-0.0289025,194,250,11:30,fwd30,bar_range,8.99948e-06,2.32106e-05,0.00730033,True,True,True,True,True,True,True,True
444,-0.00654295,-1.24927,0.472973,-0.016783,0.00374971,-0.00339303,-0.00898729,194,250,11:30,fwd30,log_price,0.212225,0.283843,0.00730033,True,False,False,False,True,False,False,False
444,-0.033964,-6.96078,0.371622,-0.0434252,-0.0244378,-0.0298904,-0.037125,194,250,11:30,fwd30,atr_pct,1.22555e-11,4.32193e-11,0.00730033,True,True,True,True,True,True,True,True
444,0.0107157,2.17138,0.556306,0.00113647,0.0204783,0.0269199,-0.0018588,194,250,11:30,fwd30,mins_since_cross,0.0304323,0.0510554,0.00730033,True,True,False,True,False,False,True,False
444,-0.0557471,-12.5297,0.279279,-0.0644437,-0.0472293,-0.0527495,-0.0580732,194,250,11:30,fwd30,close_pos,4.85189e-31,2.86626e-30,0.00730033,True,True,True,True,True,True,False,False
444,0.00730033,1.7068,0.533784,-0.00107088,0.0156913,0.0122219,0.00348116,194,250,11:30,fwd30,ctl_tickerhash,0.0885597,0.131696,0.00730033,True,False,False,False,False,False,False,False
444,0.00194799,0.482293,0.522523,-0.0058733,0.00983347,0.00225085,0.00171297,194,250,11:30,fwd30,ctl_random,0.629836,0.699458,0.00730033,True,False,False,False,True,False,False,False
444,-0.0185354,-3.55032,0.412162,-0.0288051,-0.00870076,-0.0351897,-0.00561169,194,250,11:30,fwd30,c37_rank_score,0.000425942,0.000901995,0.00730033,True,True,True,True,False,False,False,False
444,-0.00619462,-1.04929,0.445946,-0.0175627,0.00576539,-0.0395796,0.0197121,194,250,11:30,fwd60,coil,0.294615,0.37106,0.00619516,True,False,False,False,False,False,False,False
444,0.00619462,1.04929,0.554054,-0.00576539,0.0175627,0.0395796,-0.0197121,194,250,11:30,fwd60,dist_sess_high_pct,0.294615,0.37106,0.00619516,True,False,False,False,False,False,False,False
444,-0.0283388,-5.10734,0.421171,-0.0389648,-0.0171683,-0.0474862,-0.0134804,194,250,11:30,fwd60,dist_high60,4.86308e-07,1.38214e-06,0.00619516,True,True,True,True,False,True,False,False
444,-0.0350629,-6.54369,0.367117,-0.0454084,-0.0245391,-0.0430435,-0.02887,194,250,11:30,fwd60,gain_now,1.66149e-10,5.41707e-10,0.00619516,True,True,True,True,True,True,False,False
444,0.0251327,3.56106,0.585586,0.0115148,0.0390194,0.0435622,0.0108314,194,250,11:30,fwd60,pm_gain,0.000409361,0.000869012,0.00619516,True,True,True,True,False,True,True,False
444,0.0218441,3.14257,0.572072,0.0082845,0.0354733,0.0383605,0.00902744,194,250,11:30,fwd60,gap7,0.00178711,0.00354957,0.00619516,True,True,True,True,False,True,True,False
444,-0.0177675,-3.25793,0.452703,-0.0284212,-0.00721775,-0.0217239,-0.0146973,194,250,11:30,fwd60,pressure30,0.00120861,0.00245127,0.00619516,True,True,True,True,True,False,True,False
444,-0.018199,-4.17708,0.425676,-0.0264662,-0.00961216,-0.0234378,-0.0141336,194,250,11:30,fwd60,pressure30_nv,3.55753e-05,8.70739e-05,0.00619516,True,True,True,True,True,False,False,False
444,-0.0212569,-4.41816,0.439189,-0.0306829,-0.0119377,-0.0215558,-0.0210249,194,250,11:30,fwd60,pressure30_bc,1.25298e-05,3.18405e-05,0.00619516,True,True,True,True,True,True,False,False
444,-0.0258631,-5.512,0.403153,-0.0350842,-0.0166451,-0.0300646,-0.0226028,194,250,11:30,fwd60,pressure30_t,6.03327e-08,1.79132e-07,0.00619516,True,True,True,True,True,True,False,False
444,-0.0223425,-5.48959,0.436937,-0.0303936,-0.0141938,-0.0194347,-0.024599,194,250,11:30,fwd60,pressure10,6.79581e-08,2.01082e-07,0.00619516,True,True,True,True,True,True,False,False
444,0.00521553,0.933708,0.513514,-0.0056974,0.01612,0.00944641,0.00193237,194,250,11:30,fwd60,log_dvol,0.350963,0.428475,0.00619516,True,False,False,False,False,False,False,False
444,-0.000878701,-0.154605,0.529279,-0.0122056,0.0103337,0.0130688,-0.0117019,194,250,11:30,fwd60,n_bars,0.877203,0.914238,0.00619516,True,False,False,False,False,False,True,False
444,0.00504931,1.0193,0.504505,-0.00469191,0.0148339,-0.0012211,0.00991515,194,250,11:30,fwd60,stale_min,0.308615,0.385323,0.00619516,True,False,False,False,False,False,True,False
444,0.00322129,0.597355,0.511261,-0.00717874,0.0137652,-0.00195693,0.00723959,194,250,11:30,fwd60,no_trade_share,0.550576,0.626742,0.00619516,True,False,False,False,False,False,True,False
444,-0.0104308,-1.81516,0.423423,-0.0215937,0.000639184,0.00866388,-0.0252483,194,250,11:30,fwd60,amihud,0.0701758,0.106185,0.00619516,True,False,False,True,False,False,False,False
444,-0.0425441,-8.376,0.358108,-0.0521484,-0.0326299,-0.0373238,-0.0465951,194,250,11:30,fwd60,corwin_schultz,7.28683e-16,2.94197e-15,0.00619516,True,True,True,True,True,True,True,True
444,-0.016275,-2.95273,0.418919,-0.0269307,-0.00521073,0.000114414,-0.0289931,194,250,11:30,fwd60,abdi_ranaldo,0.00331728,0.00642629,0.00619516,True,True,True,True,False,False,True,False
444,-0.0138448,-2.58399,0.441441,-0.0242705,-0.00322922,-0.00040041,-0.0242777,194,250,11:30,fwd60,roll,0.0100856,0.0184617,0.00619516,True,True,True,True,False,False,True,False
444,-0.0343937,-6.46366,0.405405,-0.0449232,-0.0238428,-0.0321519,-0.0361333,194,250,11:30,fwd60,bar_range,2.7008e-10,8.77252e-10,0.00619516,True,True,True,True,True,True,True,True
444,0.00279152,0.546288,0.513514,-0.00707264,0.0128136,8.03493e-05,0.0048954,194,250,11:30,fwd60,log_price,0.585143,0.657024,0.00619516,True,False,False,False,False,False,False,False
444,-0.0456286,-9.37721,0.326577,-0.0550381,-0.0361909,-0.0410132,-0.0492101,194,250,11:30,fwd60,atr_pct,3.51912e-19,1.5279e-18,0.00619516,True,True,True,True,True,True,True,True
444,0.0106176,2.06173,0.529279,0.000662928,0.0206127,0.0274096,-0.00241294,194,250,11:30,fwd60,mins_since_cross,0.0398167,0.0646647,0.00619516,True,True,False,True,False,False,True,False
444,-0.0428933,-9.17165,0.317568,-0.052087,-0.0339304,-0.0357048,-0.0484716,194,250,11:30,fwd60,close_pos,1.76856e-18,7.56453e-18,0.00619516,True,True,True,True,True,True,False,False
444,0.00264192,0.636926,0.47973,-0.0055497,0.0107847,0.00545756,0.00045698,194,250,11:30,fwd60,ctl_tickerhash,0.524502,0.60262,0.00619516,True,False,False,False,False,False,False,False
444,-0.00619516,-1.50992,0.472973,-0.0143264,0.00194086,-0.00875254,-0.00421064,194,250,11:30,fwd60,ctl_random,0.131778,0.185433,0.00619516,True,False,False,False,True,False,False,False
444,-0.00867676,-1.66541,0.445946,-0.0188361,0.00152328,-0.029267,0.00730129,194,250,11:30,fwd60,c37_rank_score,0.0965381,0.141371,0.00619516,True,False,False,True,False,False,False,False
444,-0.00107261,-0.190649,0.495495,-0.012126,0.00999762,-0.0225819,0.0156186,194,250,11:30,fwd_flat,coil,0.848888,0.889017,0.00483348,True,False,False,False,False,False,False,False
444,0.00107261,0.190649,0.504505,-0.00999762,0.012126,0.0225819,-0.0156186,194,250,11:30,fwd_flat,dist_sess_high_pct,0.848888,0.889017,0.00483348,True,False,False,False,False,False,False,False
444,-0.0122695,-2.20726,0.472973,-0.0232749,-0.00114932,-0.0273142,-0.000594782,194,250,11:30,fwd_flat,dist_high60,0.0278076,0.0472019,0.00483348,True,True,True,True,False,False,False,False
444,-0.0184942,-3.54582,0.405405,-0.0286388,-0.00835755,-0.0272628,-0.0116897,194,250,11:30,fwd_flat,gain_now,0.000433087,0.000914883,0.00483348,True,True,True,True,True,False,False,False
444,0.0350348,5.0986,0.596847,0.0214678,0.0485928,0.0462849,0.0263047,194,250,11:30,fwd_flat,pm_gain,5.07997e-07,1.43434e-06,0.00483348,True,True,True,True,True,True,True,True
444,0.0284079,4.16307,0.581081,0.0150844,0.041881,0.0385264,0.0205559,194,250,11:30,fwd_flat,gap7,3.77432e-05,9.16015e-05,0.00483348,True,True,True,True,True,True,True,True
444,-0.0167962,-3.30697,0.45045,-0.026694,-0.00668611,-0.0318454,-0.00511809,194,250,11:30,fwd_flat,pressure30,0.0010199,0.00208814,0.00483348,True,True,True,True,False,False,True,False
444,-0.0128767,-3.09249,0.448198,-0.021015,-0.00467031,-0.0265854,-0.00223867,194,250,11:30,fwd_flat,pressure30_nv,0.00211027,0.00414381,0.00483348,True,True,True,True,False,False,False,False
444,-0.0146747,-3.17342,0.472973,-0.0236261,-0.00546216,-0.0250729,-0.00660561,194,250,11:30,fwd_flat,pressure30_bc,0.00161144,0.00321543,0.00483348,True,True,True,True,False,False,False,False
444,-0.0171677,-3.8758,0.421171,-0.025927,-0.00847629,-0.0326349,-0.00516515,194,250,11:30,fwd_flat,pressure30_t,0.00012235,0.000273153,0.00483348,True,True,True,True,False,False,False,False
444,-0.0123179,-2.83069,0.43018,-0.0209634,-0.00385599,-0.014619,-0.0105323,194,250,11:30,fwd_flat,pressure10,0.00485606,0.00928237,0.00483348,True,True,True,True,True,False,False,False
444,0.00777215,1.45147,0.545045,-0.00258678,0.0182341,0.00112507,0.0129303,194,250,11:30,fwd_flat,log_dvol,0.147356,0.206012,0.00483348,True,False,False,True,False,False,False,False
444,-0.00339062,-0.623285,0.513514,-0.0141153,0.00716129,-0.00689704,-0.000669634,194,250,11:30,fwd_flat,n_bars,0.533418,0.610428,0.00483348,True,False,False,False,False,False,True,False
444,0.00571571,1.22657,0.524775,-0.00325189,0.0149949,0.00869077,0.00340708,194,250,11:30,fwd_flat,stale_min,0.220637,0.291543,0.00483348,True,False,False,True,True,False,True,False
444,0.00478962,0.933639,0.5,-0.00507553,0.0147949,0.0119688,-0.00078143,194,250,11:30,fwd_flat,no_trade_share,0.350999,0.428475,0.00483348,True,False,False,False,False,False,True,False
444,-0.0121505,-2.20941,0.448198,-0.0229528,-0.0014645,0.0012286,-0.0225327,194,250,11:30,fwd_flat,amihud,0.0276571,0.0470389,0.00483348,True,True,True,True,False,False,False,False
444,-0.0418151,-7.9907,0.371622,-0.0522911,-0.0317011,-0.0467462,-0.0379887,194,250,11:30,fwd_flat,corwin_schultz,1.17274e-14,4.50334e-14,0.00483348,True,True,True,True,True,True,True,True
444,-0.0207786,-3.94857,0.414414,-0.0310097,-0.0102255,-0.0143802,-0.0257437,194,250,11:30,fwd_flat,abdi_ranaldo,9.14333e-05,0.000206262,0.00483348,True,True,True,True,True,True,True,True
444,-0.0142269,-2.70929,0.443694,-0.0245696,-0.00383132,-0.00321073,-0.0227755,194,250,11:30,fwd_flat,roll,0.00700421,0.0131844,0.00483348,True,True,True,True,False,False,True,False
444,-0.0338885,-6.55806,0.403153,-0.0439502,-0.0239681,-0.0446503,-0.0255373,194,250,11:30,fwd_flat,bar_range,1.5219e-10,4.99971e-10,0.00483348,True,True,True,True,True,True,True,True
444,0.000374963,0.0684917,0.47973,-0.0100896,0.011052,0.000511187,0.000269254,194,250,11:30,fwd_flat,log_price,0.945425,0.966683,0.00483348,True,False,False,False,True,False,False,False
444,-0.042848,-8.0982,0.367117,-0.0531266,-0.0323597,-0.0414716,-0.0439161,194,250,11:30,fwd_flat,atr_pct,5.45283e-15,2.14148e-14,0.00483348,True,True,True,True,True,True,True,True
444,0.0209407,4.08865,0.587838,0.0109243,0.0310878,0.0298031,0.0140635,194,250,11:30,fwd_flat,mins_since_cross,5.15312e-05,0.000123332,0.00483348,True,True,True,True,True,True,True,True
444,-0.0328693,-7.06856,0.344595,-0.042096,-0.0238471,-0.0218563,-0.0414155,194,250,11:30,fwd_flat,close_pos,6.12449e-12,2.18659e-11,0.00483348,True,True,True,True,True,True,False,False
444,0.00166748,0.393476,0.484234,-0.00658686,0.00991235,-0.00307748,0.00534956,194,250,11:30,fwd_flat,ctl_tickerhash,0.694157,0.754156,0.00483348,True,False,False,False,False,False,False,False
444,0.00483348,1.17216,0.527027,-0.00317061,0.0130185,0.00439972,0.00517008,194,250,11:30,fwd_flat,ctl_random,0.241763,0.315057,0.00483348,True,False,False,False,True,False,False,False
444,0.00252282,0.4942,0.486486,-0.00764186,0.0124566,-0.0152253,0.0162954,194,250,11:30,fwd_flat,c37_rank_score,0.62141,0.692449,0.00483348,True,False,False,False,False,False,True,False
444,0.02332,4.02621,0.567568,0.0121273,0.0348069,-0.00648439,0.0464482,194,250,11:30,fwd60_nx,coil,6.6676e-05,0.000157402,0.00662733,True,True,True,True,False,True,True,False
444,-0.02332,-4.02621,0.432432,-0.0348069,-0.0121273,0.00648439,-0.0464482,194,250,11:30,fwd60_nx,dist_sess_high_pct,6.6676e-05,0.000157402,0.00662733,True,True,True,True,False,True,True,False
444,0.019427,3.51572,0.587838,0.00892137,0.0304428,0.00835302,0.0280204,194,250,11:30,fwd60_nx,dist_high60,0.000483757,0.00101695,0.00662733,True,True,True,True,False,False,True,False
444,-0.0141288,-2.67212,0.452703,-0.0244155,-0.00377514,-0.0184988,-0.0107377,194,250,11:30,fwd60_nx,gain_now,0.00781522,0.0145212,0.00662733,True,True,True,True,True,False,False,False
444,0.0223015,3.25962,0.576577,0.00914333,0.0357505,0.0421187,0.00692345,194,250,11:30,fwd60_nx,pm_gain,0.00120158,0.00244274,0.00662733,True,True,True,True,False,True,True,False
444,0.0188476,2.77799,0.567568,0.00550804,0.032247,0.0359199,0.00559951,194,250,11:30,fwd60_nx,gap7,0.0057019,0.0108512,0.00662733,True,True,True,True,False,False,True,False
444,-0.0108038,-1.98715,0.445946,-0.0215107,-0.000280599,-0.015092,-0.00747615,194,250,11:30,fwd60_nx,pressure30,0.0475212,0.0756139,0.00662733,True,True,False,True,True,False,True,False
444,-0.0105569,-2.3252,0.443694,-0.0194821,-0.00166172,-0.014888,-0.00719605,194,250,11:30,fwd60_nx,pressure30_nv,0.0205121,0.0363164,0.00662733,True,True,True,True,True,False,False,False
444,-0.0127828,-2.62629,0.463964,-0.0222583,-0.00337187,-0.0115166,-0.0137654,194,250,11:30,fwd60_nx,pressure30_bc,0.00893122,0.0164884,0.00662733,True,True,True,True,True,False,False,False
444,-0.0133989,-2.84363,0.45045,-0.0227161,-0.00421804,-0.0133188,-0.013461,194,250,11:30,fwd60_nx,pressure30_t,0.00466666,0.00894011,0.00662733,True,True,True,True,True,False,False,False
444,-0.0131898,-3.12128,0.45045,-0.0215655,-0.00477844,-0.009144,-0.0163293,194,250,11:30,fwd60_nx,pressure10,0.00191844,0.00380168,0.00662733,True,True,True,True,True,False,False,False
444,-0.00813882,-1.44642,0.468468,-0.0190487,0.00276293,-0.00733598,-0.00876182,194,250,11:30,fwd60_nx,log_dvol,0.148768,0.207087,0.00662733,True,False,False,True,True,False,False,False
444,-0.0151683,-2.70054,0.472973,-0.0262595,-0.00431443,-0.00423804,-0.0236502,194,250,11:30,fwd60_nx,n_bars,0.00718787,0.0134423,0.00662733,True,True,True,True,False,False,True,False
444,0.0186229,3.92389,0.556306,0.00947058,0.0281955,0.016575,0.0202121,194,250,11:30,fwd60_nx,stale_min,0.000100977,0.000227198,0.00662733,True,True,True,True,True,False,True,False
444,0.0163627,3.11067,0.556306,0.00637552,0.0268876,0.0148032,0.017573,194,250,11:30,fwd60_nx,no_trade_share,0.0019872,0.00392892,0.00662733,True,True,True,True,True,False,True,False
444,-0.00582284,-1.02178,0.45045,-0.0166841,0.00522593,0.0137813,-0.0210357,194,250,11:30,fwd60_nx,amihud,0.307442,0.384413,0.00662733,True,False,False,False,False,False,False,False
444,-0.0454999,-9.00525,0.342342,-0.0552444,-0.0356993,-0.035024,-0.0536292,194,250,11:30,fwd60_nx,corwin_schultz,6.42249e-18,2.68069e-17,0.00662733,True,True,True,True,True,True,True,True
444,-0.0128769,-2.30987,0.461712,-0.0236949,-0.00198126,0.00751898,-0.0287041,194,250,11:30,fwd60_nx,abdi_ranaldo,0.0213541,0.0375763,0.00662733,True,True,True,True,False,False,True,False
444,-0.010031,-1.88645,0.457207,-0.0205182,0.000308609,0.00394074,-0.0208731,194,250,11:30,fwd60_nx,roll,0.0598877,0.0925635,0.00662733,True,False,False,True,False,False,True,False
444,-0.0392845,-7.46236,0.385135,-0.0497216,-0.0289483,-0.036094,-0.0417603,194,250,11:30,fwd60_nx,bar_range,4.53562e-13,1.68913e-12,0.00662733,True,True,True,True,True,True,True,True
444,4.79287e-05,0.00917111,0.493243,-0.0100107,0.0104001,-0.00143917,0.00120192,194,250,11:30,fwd60_nx,log_price,0.992687,0.996325,0.00662733,True,False,False,False,False,False,False,False
444,-0.0357099,-7.34372,0.369369,-0.0450125,-0.026233,-0.0255459,-0.0435971,194,250,11:30,fwd60_nx,atr_pct,1.00472e-12,3.72567e-12,0.00662733,True,True,True,True,True,True,True,True
444,0.00274945,0.535739,0.495495,-0.00713059,0.0128681,0.0184045,-0.00939883,194,250,11:30,fwd60_nx,mins_since_cross,0.592408,0.663006,0.00662733,True,False,False,False,False,False,True,False
444,-0.00407764,-0.859308,0.484234,-0.0134555,0.00497063,0.00713594,-0.0127794,194,250,11:30,fwd60_nx,close_pos,0.390635,0.468112,0.00662733,True,False,False,False,False,False,False,False
444,0.00241031,0.580918,0.488739,-0.00568198,0.0104882,0.00595247,-0.000338405,194,250,11:30,fwd60_nx,ctl_tickerhash,0.561591,0.634836,0.00662733,True,False,False,False,False,False,False,False
444,-0.00662733,-1.66014,0.472973,-0.0146482,0.0012401,-0.010455,-0.00365706,194,250,11:30,fwd60_nx,ctl_random,0.0975946,0.142647,0.00662733,True,False,False,False,True,False,False,False
444,0.00882099,1.68601,0.522523,-0.00131185,0.0190486,-0.0103518,0.0236991,194,250,11:30,fwd60_nx,c37_rank_score,0.0924984,0.13708,0.00662733,True,False,False,True,False,False,True,False
444,0.0215242,3.8105,0.560811,0.0104807,0.0326178,0.00418888,0.0349765,194,250,11:30,fwd_flat_nx,coil,0.000158289,0.000349774,0.00498083,True,True,True,True,False,True,True,False
444,-0.0215242,-3.8105,0.439189,-0.0326178,-0.0104807,-0.00418888,-0.0349765,194,250,11:30,fwd_flat_nx,dist_sess_high_pct,0.000158289,0.000349774,0.00498083,True,True,True,True,False,True,True,False
444,0.0222674,3.98665,0.578829,0.0112196,0.0334265,0.0128909,0.0295436,194,250,11:30,fwd_flat_nx,dist_high60,7.83633e-05,0.000180549,0.00498083,True,True,True,True,True,True,True,True
444,-0.00155848,-0.297887,0.47973,-0.0117835,0.00875694,-0.00669132,0.00242461,194,250,11:30,fwd_flat_nx,gain_now,0.765929,0.816991,0.00498083,True,False,False,False,False,False,False,False
444,0.0318192,4.67219,0.603604,0.0186118,0.0452428,0.0439685,0.0223914,194,250,11:30,fwd_flat_nx,pm_gain,3.95888e-06,1.04602e-05,0.00498083,True,True,True,True,True,True,True,True
444,0.0255842,3.77951,0.585586,0.0124772,0.0388258,0.0362282,0.0173245,194,250,11:30,fwd_flat_nx,gap7,0.000178638,0.000391735,0.00498083,True,True,True,True,True,True,True,True
444,-0.0124003,-2.38853,0.457207,-0.0224383,-0.0020419,-0.0291203,0.000574359,194,250,11:30,fwd_flat_nx,pressure30,0.0173336,0.0308153,0.00498083,True,True,True,True,False,False,True,False
444,-0.007012,-1.65942,0.470721,-0.0152113,0.00130949,-0.0196047,0.00275989,194,250,11:30,fwd_flat_nx,pressure30_nv,0.0977396,0.142647,0.00498083,True,False,False,True,False,False,False,False
444,-0.00761819,-1.61957,0.47973,-0.0167894,0.00179735,-0.0167006,-0.000570266,194,250,11:30,fwd_flat_nx,pressure30_bc,0.106036,0.15313,0.00498083,True,False,False,True,False,False,False,False
444,-0.00647563,-1.49324,0.481982,-0.0149322,0.00204544,-0.0190003,0.00324351,194,250,11:30,fwd_flat_nx,pressure30_t,0.136085,0.191183,0.00498083,True,False,False,True,False,False,False,False
444,-0.00486466,-1.10653,0.470721,-0.0136276,0.00379847,-0.00558328,-0.00430701,194,250,11:30,fwd_flat_nx,pressure10,0.269098,0.344445,0.00498083,True,False,False,False,True,False,False,False
444,-0.0013374,-0.245457,0.490991,-0.011868,0.00926086,-0.00884065,0.00448511,194,250,11:30,fwd_flat_nx,log_dvol,0.806216,0.850514,0.00498083,True,False,False,False,False,False,False,False
444,-0.0131275,-2.40439,0.502252,-0.023919,-0.00244417,-0.0180882,-0.00927799,194,250,11:30,fwd_flat_nx,n_bars,0.016609,0.0296491,0.00498083,True,True,True,True,True,False,True,False
444,0.0149152,3.22962,0.560811,0.00603022,0.0240315,0.0207683,0.0103732,194,250,11:30,fwd_flat_nx,stale_min,0.0013318,0.00268849,0.00498083,True,True,True,True,True,False,True,False
444,0.0137814,2.67339,0.529279,0.00383108,0.0237825,0.0224487,0.00705565,194,250,11:30,fwd_flat_nx,no_trade_share,0.00778616,0.0144984,0.00498083,True,True,True,True,False,False,True,False
444,-0.0103822,-1.86319,0.459459,-0.0212289,0.000523983,0.00211421,-0.0200794,194,250,11:30,fwd_flat_nx,amihud,0.063097,0.0964882,0.00498083,True,False,False,True,False,False,False,False
444,-0.0436221,-8.34868,0.367117,-0.0540789,-0.0335008,-0.0461998,-0.0416217,194,250,11:30,fwd_flat_nx,corwin_schultz,8.90048e-16,3.57675e-15,0.00498083,True,True,True,True,True,True,True,True
444,-0.01931,-3.60612,0.427928,-0.0296897,-0.00870337,-0.0115095,-0.0253631,194,250,11:30,fwd_flat_nx,abdi_ranaldo,0.000346164,0.000743993,0.00498083,True,True,True,True,True,False,True,False
444,-0.0130144,-2.47697,0.452703,-0.023286,-0.00255102,-0.00251834,-0.0211594,194,250,11:30,fwd_flat_nx,roll,0.0136226,0.0245719,0.00498083,True,True,True,True,False,False,True,False
444,-0.0360767,-7.04459,0.387387,-0.0461668,-0.0262428,-0.0469467,-0.0276416,194,250,11:30,fwd_flat_nx,bar_range,7.15117e-12,2.54264e-11,0.00498083,True,True,True,True,True,True,True,True
444,-0.00192085,-0.351046,0.484234,-0.0123917,0.00872938,-0.0026458,-0.00135829,194,250,11:30,fwd_flat_nx,log_price,0.72572,0.7828,0.00498083,True,False,False,False,True,False,False,False
444,-0.0360702,-6.82699,0.391892,-0.0463666,-0.0256944,-0.0323416,-0.0389636,194,250,11:30,fwd_flat_nx,atr_pct,2.86665e-11,9.78967e-11,0.00498083,True,True,True,True,True,True,True,True
444,0.0157133,3.02939,0.567568,0.00564527,0.0257624,0.0237392,0.00948518,194,250,11:30,fwd_flat_nx,mins_since_cross,0.00259379,0.00505878,0.00498083,True,True,True,True,True,False,True,False
444,-0.00704717,-1.47833,0.466216,-0.0164282,0.00212927,0.0065988,-0.0176364,194,250,11:30,fwd_flat_nx,close_pos,0.14003,0.196406,0.00498083,True,False,False,True,False,False,False,False
444,0.00137059,0.324378,0.493243,-0.00706024,0.00952993,-0.00465927,0.00604977,194,250,11:30,fwd_flat_nx,ctl_tickerhash,0.745805,0.799474,0.00498083,True,False,False,False,False,False,False,False
444,0.00498083,1.24368,0.527027,-0.0027951,0.0128408,0.00536961,0.00467914,194,250,11:30,fwd_flat_nx,ctl_random,0.214276,0.285261,0.00498083,True,False,False,False,True,False,False,False
444,0.0162391,3.10007,0.545045,0.00603846,0.0263659,0.000562605,0.028404,194,250,11:30,fwd_flat_nx,c37_rank_score,0.00205812,0.0040506,0.00498083,True,True,True,True,False,False,True,False
444,0.022909,3.78672,0.551802,0.0112657,0.0347204,0.00645503,0.0356773,194,250,11:30,fwd_flat_nx5,coil,0.000173696,0.000381866,0.00368905,True,True,True,True,False,True,True,False
444,-0.022909,-3.78672,0.448198,-0.0347204,-0.0112657,-0.00645503,-0.0356773,194,250,11:30,fwd_flat_nx5,dist_sess_high_pct,0.000173696,0.000381866,0.00368905,True,True,True,True,False,True,True,False
444,0.0238847,4.02075,0.576577,0.0123602,0.0359058,0.0182782,0.0282353,194,250,11:30,fwd_flat_nx5,dist_high60,6.81839e-05,0.00016052,0.00368905,True,True,True,True,True,True,True,True
444,-0.000219778,-0.0378742,0.506757,-0.0116891,0.0110658,-0.00488292,0.00339882,194,250,11:30,fwd_flat_nx5,gain_now,0.969805,0.983912,0.00368905,True,False,False,False,False,False,False,False
444,0.0332705,4.70176,0.583333,0.0194253,0.0472099,0.0441409,0.024835,194,250,11:30,fwd_flat_nx5,pm_gain,3.45006e-06,9.20017e-06,0.00368905,True,True,True,True,True,True,True,True
444,0.0277805,3.96484,0.583333,0.0139782,0.0415693,0.0363953,0.0210954,194,250,11:30,fwd_flat_nx5,gap7,8.56125e-05,0.000194656,0.00368905,True,True,True,True,True,True,True,True
444,-0.00893552,-1.65389,0.468468,-0.0195471,0.00182873,-0.0278337,0.00572949,194,250,11:30,fwd_flat_nx5,pressure30,0.0988578,0.143793,0.00368905,True,False,False,True,False,False,True,False
444,-0.00996157,-2.15298,0.457207,-0.0190803,-0.000864849,-0.0288235,0.00467531,194,250,11:30,fwd_flat_nx5,pressure30_nv,0.0318598,0.0528347,0.00368905,True,True,False,True,False,False,False,False
444,-0.00698674,-1.44211,0.490991,-0.016483,0.00249424,-0.0221782,0.00480187,194,250,11:30,fwd_flat_nx5,pressure30_bc,0.149977,0.208329,0.00368905,True,False,False,True,False,False,False,False
444,-0.00711348,-1.53249,0.486486,-0.0162166,0.00196897,-0.0264169,0.007866,194,250,11:30,fwd_flat_nx5,pressure30_t,0.126116,0.178519,0.00368905,True,False,False,True,False,False,False,False
444,-0.00338373,-0.718218,0.495495,-0.0127624,0.00571305,-0.0103286,0.00200551,194,250,11:30,fwd_flat_nx5,pressure10,0.473001,0.552887,0.00368905,True,False,False,False,False,False,False,False
444,0.0108589,1.95646,0.547297,0.000193121,0.0216124,0.0025683,0.0172925,194,250,11:30,fwd_flat_nx5,log_dvol,0.0510388,0.0800319,0.00368905,True,True,False,True,False,False,False,False
444,-0.00334479,-0.589506,0.515766,-0.0144007,0.0075274,-0.0104901,0.00219998,194,250,11:30,fwd_flat_nx5,n_bars,0.555822,0.631052,0.00368905,True,False,False,False,False,False,True,False
444,0.00795462,1.64492,0.536036,-0.00132057,0.0175998,0.0174823,0.000561133,194,250,11:30,fwd_flat_nx5,stale_min,0.100695,0.145974,0.00368905,True,False,False,True,False,False,True,False
444,0.00367465,0.705612,0.509009,-0.00634559,0.0137645,0.0152644,-0.00531903,194,250,11:30,fwd_flat_nx5,no_trade_share,0.4808,0.558349,0.00368905,True,False,False,False,False,False,True,False
444,-0.0195333,-3.44873,0.421171,-0.0304097,-0.00848235,-0.00548332,-0.030436,194,250,11:30,fwd_flat_nx5,amihud,0.000617101,0.00128167,0.00368905,True,True,True,True,False,False,False,False
444,-0.0394809,-7.24128,0.38964,-0.0504892,-0.0288672,-0.047033,-0.0336205,194,250,11:30,fwd_flat_nx5,corwin_schultz,1.98118e-12,7.1621e-12,0.00368905,True,True,True,True,True,True,True,True
444,-0.0241395,-4.41874,0.405405,-0.034727,-0.0132426,-0.0197467,-0.0275482,194,250,11:30,fwd_flat_nx5,abdi_ranaldo,1.24974e-05,3.18405e-05,0.00368905,True,True,True,True,True,True,True,True
444,-0.0189112,-3.50076,0.432432,-0.0296077,-0.00817211,-0.0116361,-0.0245568,194,250,11:30,fwd_flat_nx5,roll,0.000510956,0.00106892,0.00368905,True,True,True,True,True,False,True,False
444,-0.032066,-5.93822,0.416667,-0.0426947,-0.0216263,-0.0459659,-0.0212797,194,250,11:30,fwd_flat_nx5,bar_range,5.82794e-09,1.80478e-08,0.00368905,True,True,True,True,True,True,True,True
444,-0.00400435,-0.703653,0.448198,-0.0149576,0.00698646,-0.00464119,-0.00351016,194,250,11:30,fwd_flat_nx5,log_price,0.482018,0.559012,0.00368905,True,False,False,True,True,False,False,False
444,-0.0410914,-7.16725,0.387387,-0.0522715,-0.0297745,-0.0404602,-0.0415812,194,250,11:30,fwd_flat_nx5,atr_pct,3.2218e-12,1.15503e-11,0.00368905,True,True,True,True,True,True,True,True
444,0.0129671,2.27826,0.551802,0.001868,0.0241423,0.0216543,0.00622578,194,250,11:30,fwd_flat_nx5,mins_since_cross,0.0231862,0.0400658,0.00368905,True,True,True,True,False,False,True,False
444,-0.0035986,-0.699646,0.488739,-0.0137615,0.00661336,0.00891283,-0.0133075,194,250,11:30,fwd_flat_nx5,close_pos,0.484516,0.561155,0.00368905,True,False,False,False,False,False,False,False
444,0.00220129,0.466033,0.511261,-0.00697778,0.0114754,-0.00497445,0.00776967,194,250,11:30,fwd_flat_nx5,ctl_tickerhash,0.641421,0.707019,0.00368905,True,False,False,False,False,False,False,False
444,0.00368905,0.848934,0.511261,-0.00488067,0.0122756,0.00682096,0.0012587,194,250,11:30,fwd_flat_nx5,ctl_random,0.396377,0.473024,0.00368905,True,False,False,False,False,False,False,False
444,0.0210264,3.7287,0.56982,0.00990623,0.0320766,0.00327713,0.0347998,194,250,11:30,fwd_flat_nx5,c37_rank_score,0.000217435,0.000474403,0.00368905,True,True,True,True,False,True,True,False
444,-0.206771,-39.2594,0.0292793,-0.217031,-0.19642,-0.211224,-0.203316,194,250,11:30,peak60,coil,2.46397e-146,1.01375e-144,0.00240727,False,True,True,True,True,True,False,False
444,0.206771,39.2594,0.970721,0.19642,0.217031,0.211224,0.203316,194,250,11:30,peak60,dist_sess_high_pct,2.46397e-146,1.01375e-144,0.00240727,False,True,True,True,True,True,False,False
444,-0.26939,-51.7027,0.00900901,-0.2795,-0.259098,-0.279021,-0.261915,194,250,11:30,peak60,dist_high60,8.97515e-190,8.61614e-188,0.00240727,False,True,True,True,True,True,False,False
444,0.111078,23.5579,0.891892,0.102073,0.120591,0.114467,0.108448,194,250,11:30,peak60,gain_now,3.79005e-80,5.03785e-79,0.00240727,False,True,True,True,True,True,False,False
444,0.00780809,1.19351,0.536036,-0.00484719,0.0203433,0.0138983,0.00308209,194,250,11:30,peak60,pm_gain,0.233309,0.305423,0.00240727,False,False,False,True,False,False,True,False
444,0.0119231,1.86895,0.563063,-0.000276275,0.024057,0.017221,0.00781199,194,250,11:30,peak60,gap7,0.0622901,0.0955926,0.00240727,False,False,False,True,True,False,True,False
444,-0.00908947,-1.64764,0.436937,-0.0197474,0.00135321,0.00294388,-0.0184273,194,250,11:30,peak60,pressure30,0.100135,0.145406,0.00240727,False,False,False,True,False,False,True,False
444,-0.00921625,-1.99838,0.454955,-0.0182994,-0.000235775,-0.00345441,-0.0136874,194,250,11:30,peak60,pressure30_nv,0.0462865,0.0737851,0.00240727,False,True,False,True,False,False,False,False
444,-0.0106994,-2.27541,0.47973,-0.0200107,-0.0014775,0.00135479,-0.0200534,194,250,11:30,peak60,pressure30_bc,0.0233584,0.0402828,0.00240727,False,True,True,True,False,False,False,False
444,-0.0115235,-2.53148,0.466216,-0.020235,-0.0024611,-0.0085777,-0.0138094,194,250,11:30,peak60,pressure30_t,0.0117029,0.021287,0.00240727,False,True,True,True,True,False,False,False
444,-0.00837851,-2.02185,0.463964,-0.0163758,-0.000125227,-0.00732983,-0.00919228,194,250,11:30,peak60,pressure10,0.0437922,0.0704589,0.00240727,False,True,False,True,True,False,False,False
444,0.066699,12.57,0.711712,0.0563616,0.0768883,0.0767522,0.0588977,194,250,11:30,peak60,log_dvol,3.33446e-31,1.98688e-30,0.00240727,False,True,True,True,True,True,False,False
444,0.129225,25.7012,0.887387,0.119313,0.138866,0.139946,0.120905,194,250,11:30,peak60,n_bars,7.74873e-90,1.19552e-88,0.00240727,False,True,True,True,True,True,False,False
444,-0.107617,-22.1623,0.137387,-0.117133,-0.0981905,-0.116037,-0.101083,194,250,11:30,peak60,stale_min,8.83745e-74,1.03183e-72,0.00240727,False,True,True,True,True,True,False,False
444,-0.113621,-22.7944,0.123874,-0.123185,-0.103997,-0.121797,-0.107277,194,250,11:30,peak60,no_trade_share,1.14318e-76,1.39114e-75,0.00240727,False,True,True,True,True,True,False,False
444,0.0698891,12.1471,0.745495,0.0587919,0.0810058,0.0733444,0.0672077,194,250,11:30,peak60,amihud,1.66555e-29,9.53003e-29,0.00240727,False,True,True,True,True,True,False,False
444,0.288381,56.6789,0.997748,0.278562,0.298318,0.293792,0.284182,194,250,11:30,peak60,corwin_schultz,3.9104e-205,1.68929e-202,0.00240727,False,True,True,True,True,True,False,False
444,0.16202,29.8529,0.945946,0.151755,0.172437,0.181382,0.146994,194,250,11:30,peak60,abdi_ranaldo,4.05419e-108,8.75705e-107,0.00240727,False,True,True,True,True,True,False,False
444,0.129054,25.0908,0.914414,0.119132,0.139021,0.145133,0.116576,194,250,11:30,peak60,roll,4.30995e-87,6.20634e-86,0.00240727,False,True,True,True,True,True,False,False
444,0.247245,50.2212,0.986486,0.237506,0.256952,0.245795,0.24837,194,250,11:30,peak60,bar_range,5.4075e-185,4.67208e-183,0.00240727,False,True,True,True,True,True,False,False
444,-0.0542891,-10.0128,0.29955,-0.0648102,-0.043565,-0.0137212,-0.0857698,194,250,11:30,peak60,log_price,2.07096e-21,9.51762e-21,0.00240727,False,True,True,True,False,True,False,False
444,0.255594,52.8885,0.990991,0.24626,0.264835,0.244969,0.263839,194,250,11:30,peak60,atr_pct,1.57467e-193,1.94359e-191,0.00240727,False,True,True,True,True,True,False,False
444,0.0606976,11.608,0.709459,0.0504,0.0708195,0.0552597,0.0649174,194,250,11:30,peak60,mins_since_cross,2.21428e-27,1.18095e-26,0.00240727,False,True,True,True,True,True,True,False
444,-0.0542891,-11.7656,0.272523,-0.0635013,-0.0452325,-0.0488845,-0.058483,194,250,11:30,peak60,close_pos,5.36516e-28,2.89719e-27,0.00240727,False,True,True,True,True,True,False,False
444,0.00240727,0.569797,0.490991,-0.00593021,0.0105733,0.00814304,-0.00204368,194,250,11:30,peak60,ctl_tickerhash,0.569104,0.641077,0.00240727,False,False,False,False,False,False,False,False
444,-0.0014979,-0.356672,0.481982,-0.00999151,0.00692743,0.00398952,-0.00575614,194,250,11:30,peak60,ctl_random,0.721507,0.779227,0.00240727,False,False,False,False,False,False,False,False
444,-0.115432,-22.9705,0.119369,-0.125038,-0.105581,-0.113403,-0.117006,194,250,11:30,peak60,c37_rank_score,1.79804e-77,2.25145e-76,0.00240727,False,True,True,True,True,True,False,False
444,-0.206081,-38.5566,0.045045,-0.216425,-0.195592,-0.213562,-0.200276,194,250,11:30,peak_flat,coil,1.20698e-143,4.34513e-142,0.00418396,False,True,True,True,True,True,False,False
444,0.206081,38.5566,0.954955,0.195592,0.216425,0.213562,0.200276,194,250,11:30,peak_flat,dist_sess_high_pct,1.20698e-143,4.34513e-142,0.00418396,False,True,True,True,True,True,False,False
444,-0.245201,-46.4401,0.027027,-0.255513,-0.23491,-0.255947,-0.236862,194,250,11:30,peak_flat,dist_high60,2.46805e-172,1.77699e-170,0.00418396,False,True,True,True,True,True,False,False
444,0.115241,22.5972,0.853604,0.105169,0.125206,0.112427,0.117424,194,250,11:30,peak_flat,gain_now,9.08885e-76,1.07572e-74,0.00418396,False,True,True,True,True,True,False,False
444,0.0235642,3.50896,0.567568,0.0103339,0.0366526,0.0360457,0.0138786,194,250,11:30,peak_flat,pm_gain,0.000495877,0.0010399,0.00418396,False,True,True,True,True,True,True,False
444,0.0258578,3.99743,0.560811,0.0131531,0.0382842,0.0361567,0.0178659,194,250,11:30,peak_flat,gap7,7.49985e-05,0.00017419,0.00418396,False,True,True,True,True,True,True,False
444,-0.000888716,-0.16716,0.461712,-0.0113273,0.00945693,-0.000536339,-0.00116216,194,250,11:30,peak_flat,pressure30,0.86732,0.906124,0.00418396,False,False,False,False,True,False,True,False
444,-0.00178637,-0.397866,0.511261,-0.010529,0.00690733,-0.00488687,0.000619623,194,250,11:30,peak_flat,pressure30_nv,0.690921,0.751833,0.00418396,False,False,False,False,False,False,False,False
444,-0.00530311,-1.13295,0.504505,-0.0143448,0.0038546,-0.00351394,-0.0066915,194,250,11:30,peak_flat,pressure30_bc,0.257848,0.332013,0.00418396,False,False,False,True,True,False,False,False
444,-0.00521746,-1.16438,0.481982,-0.0140958,0.00362458,-0.0095542,-0.00185216,194,250,11:30,peak_flat,pressure30_t,0.244895,0.31818,0.00418396,False,False,False,True,False,False,False,False
444,-0.00157681,-0.392604,0.486486,-0.00940916,0.00623058,-0.00108838,-0.00195583,194,250,11:30,peak_flat,pressure10,0.694801,0.754156,0.00418396,False,False,False,False,True,False,False,False
444,0.021072,4.0262,0.578829,0.0109101,0.0312684,0.0225953,0.0198899,194,250,11:30,peak_flat,log_dvol,6.66773e-05,0.000157402,0.00418396,False,True,True,True,True,True,False,False
444,0.0898463,18.0233,0.783784,0.0800652,0.0995873,0.0919399,0.0882216,194,250,11:30,peak_flat,n_bars,7.1615e-55,7.03129e-54,0.00418396,False,True,True,True,True,True,False,False
444,-0.0601867,-12.3169,0.272523,-0.0696293,-0.050579,-0.0603908,-0.0600283,194,250,11:30,peak_flat,stale_min,3.48907e-30,2.02319e-29,0.00418396,False,True,True,True,True,True,False,False
444,-0.0643187,-12.9385,0.272523,-0.073969,-0.0546614,-0.0637715,-0.0647433,194,250,11:30,peak_flat,no_trade_share,1.04954e-32,6.43121e-32,0.00418396,False,True,True,True,True,True,False,False
444,0.101592,17.935,0.804054,0.0905861,0.112497,0.10782,0.096759,194,250,11:30,peak_flat,amihud,1.7981e-54,1.72618e-53,0.00418396,False,True,True,True,True,True,False,False
444,0.270595,53.6553,0.993243,0.260624,0.280327,0.272583,0.269052,194,250,11:30,peak_flat,corwin_schultz,6.32219e-196,1.09247e-193,0.00418396,False,True,True,True,True,True,False,False
444,0.17184,31.6423,0.948198,0.161324,0.182348,0.187665,0.15956,194,250,11:30,peak_flat,abdi_ranaldo,9.46764e-116,2.4059e-114,0.00418396,False,True,True,True,True,True,False,False
444,0.144101,27.9733,0.923423,0.134201,0.154062,0.158329,0.133061,194,250,11:30,peak_flat,roll,6.19294e-100,1.13845e-98,0.00418396,False,True,True,True,True,True,False,False
444,0.212158,42.4964,0.97973,0.202452,0.221823,0.202374,0.21975,194,250,11:30,peak_flat,bar_range,2.19221e-158,1.11416e-156,0.00418396,False,True,True,True,True,True,False,False
444,-0.0626062,-11.39,0.297297,-0.0732287,-0.0519652,-0.0205009,-0.0952799,194,250,11:30,peak_flat,log_price,1.54883e-26,8.11021e-26,0.00418396,False,True,True,True,False,True,False,False
444,0.277356,55.4493,0.990991,0.267661,0.287008,0.264632,0.28723,194,250,11:30,peak_flat,atr_pct,1.95738e-201,5.63726e-199,0.00418396,False,True,True,True,True,True,False,False
444,0.0669673,12.8027,0.718468,0.0566998,0.0772061,0.064534,0.0688555,194,250,11:30,peak_flat,mins_since_cross,3.772e-32,2.27903e-31,0.00418396,False,True,True,True,True,True,True,False
444,-0.0367364,-8.19993,0.344595,-0.045745,-0.0279966,-0.0276684,-0.0437733,194,250,11:30,peak_flat,close_pos,2.62392e-15,1.03994e-14,0.00418396,False,True,True,True,True,True,False,False
444,-0.00058207,-0.138,0.504505,-0.00875709,0.00752588,-0.00164057,0.000239329,194,250,11:30,peak_flat,ctl_tickerhash,0.890304,0.921614,0.00418396,False,False,False,False,False,False,False,False
444,0.00418396,0.973708,0.518018,-0.00443046,0.0127964,0.00709953,0.00192147,194,250,11:30,peak_flat,ctl_random,0.330733,0.409976,0.00418396,False,False,False,False,False,False,False,False
444,-0.124651,-24.7133,0.112613,-0.134375,-0.11486,-0.128041,-0.12202,194,250,11:30,peak_flat,c37_rank_score,2.18057e-85,3.08854e-84,0.00418396,False,True,True,True,True,True,False,False
