n_days,mean_ic,t,frac_pos,ci_lo,ci_hi,ic_y2025,ic_year,n_y2025,n_year,dt,target,feature,p,q_bh,ctl_bar,s0,s1,s2,s3,s4,s5,s6,survives
444,-0.0873309,-8.89474,0.313063,-0.106732,-0.0686003,-0.100254,-0.0773027,194,250,07:30,fwd30,coil,1.4994e-17,4.75115e-17,0.0138413,True,True,True,True,True,True,False,False
444,0.0873309,8.89474,0.684685,0.0686003,0.106732,0.100254,0.0773027,194,250,07:30,fwd30,dist_sess_high_pct,1.4994e-17,4.75115e-17,0.0138413,True,True,True,True,True,True,False,False
444,-0.0532332,-5.5233,0.376126,-0.0718682,-0.0344383,-0.0867409,-0.0272312,194,250,07:30,fwd30,dist_high60,5.68138e-08,1.1953e-07,0.0138413,True,True,True,True,False,True,False,False
444,-0.19971,-20.9816,0.15991,-0.218111,-0.180968,-0.206447,-0.194482,194,250,07:30,fwd30,gain_now,2.24963e-68,2.17576e-67,0.0138413,True,True,True,True,True,True,True,True
444,-0.107535,-10.5262,0.301802,-0.127165,-0.0876835,-0.106554,-0.108296,194,250,07:30,fwd30,pm_gain,2.81666e-23,1.02252e-22,0.0138413,True,True,True,True,True,True,True,True
444,-0.115017,-11.7945,0.279279,-0.133856,-0.0959576,-0.113528,-0.116173,194,250,07:30,fwd30,gap7,4.12981e-28,1.66219e-27,0.0138413,True,True,True,True,True,True,True,True
438,-0.0817011,-6.04615,0.358447,-0.108154,-0.0552092,-0.0984112,-0.0690176,189,249,07:30,fwd30,pressure30,3.18506e-09,7.11696e-09,0.0138413,True,True,True,True,True,True,True,True
444,-0.0751278,-7.75383,0.342342,-0.0939041,-0.0561207,-0.0835156,-0.0686188,194,250,07:30,fwd30,pressure30_nv,6.17579e-14,1.75522e-13,0.0138413,True,True,True,True,True,True,True,True
444,-0.0657586,-6.81973,0.364865,-0.0848225,-0.0471448,-0.0703064,-0.0622294,194,250,07:30,fwd30,pressure30_bc,3.00091e-11,7.45053e-11,0.0138413,True,True,True,True,True,True,True,True
444,-0.0875247,-9.29181,0.304054,-0.105912,-0.0690054,-0.103552,-0.0750872,194,250,07:30,fwd30,pressure30_t,6.902e-19,2.27608e-18,0.0138413,True,True,True,True,True,True,True,True
444,-0.0939842,-9.92368,0.306306,-0.112267,-0.0761336,-0.116724,-0.0763379,194,250,07:30,fwd30,pressure10,4.3087e-21,1.5011e-20,0.0138413,True,True,True,True,True,True,True,True
444,-0.133898,-14.5513,0.263514,-0.151859,-0.115728,-0.137618,-0.131012,194,250,07:30,fwd30,log_dvol,1.74087e-39,8.91765e-39,0.0138413,True,True,True,True,True,True,True,True
444,-0.0779412,-7.84845,0.351351,-0.0970955,-0.058635,-0.0870725,-0.0708554,194,250,07:30,fwd30,n_bars,3.19438e-14,9.13888e-14,0.0138413,True,True,True,True,True,True,True,True
444,0.0983648,10.5196,0.691441,0.0798128,0.116939,0.0994493,0.0975232,194,250,07:30,fwd30,stale_min,2.9789e-23,1.07839e-22,0.0138413,True,True,True,True,True,True,True,True
444,0.119306,12.6311,0.738739,0.100797,0.138026,0.120431,0.118433,194,250,07:30,fwd30,no_trade_share,1.88492e-31,8.0357e-31,0.0138413,True,True,True,True,True,True,True,True
444,0.142147,13.2317,0.736486,0.120866,0.163213,0.156678,0.130871,194,250,07:30,fwd30,amihud,6.48876e-34,2.8998e-33,0.0138413,True,True,True,True,True,True,True,True
444,-0.117938,-9.80011,0.315315,-0.141525,-0.0935282,-0.121503,-0.115171,194,250,07:30,fwd30,corwin_schultz,1.18212e-20,4.09634e-20,0.0138413,True,True,True,True,True,True,True,True
444,0.0548112,4.33733,0.574324,0.0297689,0.0795443,0.0635771,0.0480088,194,250,07:30,fwd30,abdi_ranaldo,1.78757e-05,3.18227e-05,0.0138413,True,True,True,True,True,True,False,False
444,0.044709,3.7711,0.574324,0.0216415,0.0680189,0.0580653,0.0343446,194,250,07:30,fwd30,roll,0.000184577,0.000301654,0.0138413,True,True,True,True,True,True,True,True
444,-0.128322,-12.5624,0.27027,-0.148492,-0.108083,-0.125833,-0.130253,194,250,07:30,fwd30,bar_range,3.57808e-31,1.51542e-30,0.0138413,True,True,True,True,True,True,True,True
444,-0.0326008,-3.50094,0.445946,-0.050966,-0.0144977,-0.0393293,-0.0273795,194,250,07:30,fwd30,log_price,0.000510617,0.00080506,0.0138413,True,True,True,True,True,True,True,True
444,-0.0184028,-1.97902,0.463964,-0.0365907,0.000114488,-0.0154389,-0.0207027,194,250,07:30,fwd30,atr_pct,0.0484324,0.0634666,0.0138413,True,False,False,True,True,False,True,False
444,0.0180953,1.69816,0.529279,-0.00233831,0.0387384,0.00172204,0.0308009,194,250,07:30,fwd30,mins_since_cross,0.0901799,0.114245,0.0138413,True,False,False,True,False,False,False,False
444,-0.0704871,-7.18368,0.349099,-0.0894464,-0.0511683,-0.0838746,-0.0600984,194,250,07:30,fwd30,close_pos,2.89326e-12,7.6368e-12,0.0138413,True,True,True,True,True,True,False,False
444,0.0138413,1.52109,0.513514,-0.00387852,0.0319362,0.0273671,0.00334535,194,250,07:30,fwd30,ctl_tickerhash,0.12895,0.159465,0.0138413,True,False,False,False,False,False,False,False
444,0.00956269,0.99606,0.529279,-0.0089327,0.0288252,0.00404666,0.0138431,194,250,07:30,fwd30,ctl_random,0.319765,0.366739,0.0138413,True,False,False,False,False,False,False,False
444,-0.128902,-13.4349,0.240991,-0.147805,-0.110177,-0.152891,-0.110287,194,250,07:30,fwd30,c37_rank_score,9.2917e-35,4.27023e-34,0.0138413,True,True,True,True,True,True,True,True
444,-0.00680489,-0.66058,0.468468,-0.0266655,0.0132032,-0.0212558,0.00440901,194,250,07:30,fwd60,coil,0.509225,0.554119,0.0119148,True,False,False,False,False,False,False,False
444,0.00680489,0.66058,0.531532,-0.0132032,0.0266655,0.0212558,-0.00440901,194,250,07:30,fwd60,dist_sess_high_pct,0.509225,0.554119,0.0119148,True,False,False,False,False,False,False,False
444,0.01381,1.3013,0.502252,-0.00675007,0.0341221,-0.00409578,0.0277048,194,250,07:30,fwd60,dist_high60,0.193832,0.231954,0.0119148,True,False,False,True,False,False,True,False
444,-0.206758,-21.4028,0.150901,-0.225807,-0.18773,-0.23416,-0.185494,194,250,07:30,fwd60,gain_now,2.64803e-70,2.61973e-69,0.0119148,True,True,True,True,True,True,True,True
444,-0.118655,-11.4427,0.286036,-0.138767,-0.0982449,-0.13524,-0.105785,194,250,07:30,fwd60,pm_gain,9.68796e-27,3.75916e-26,0.0119148,True,True,True,True,True,True,True,True
444,-0.129137,-12.8512,0.261261,-0.149061,-0.109357,-0.143777,-0.117776,194,250,07:30,fwd60,gap7,2.39032e-32,1.03262e-31,0.0119148,True,True,True,True,True,True,True,True
438,-0.0466386,-3.39274,0.431507,-0.0731372,-0.0194153,-0.070386,-0.0286134,189,249,07:30,fwd60,pressure30,0.000754987,0.00117181,0.0119148,True,True,True,True,True,True,True,True
444,-0.0611965,-6.39067,0.373874,-0.0799087,-0.0417934,-0.0781577,-0.0480345,194,250,07:30,fwd60,pressure30_nv,4.18921e-10,9.84253e-10,0.0119148,True,True,True,True,True,True,True,True
444,-0.0439973,-4.46866,0.40991,-0.0629942,-0.0244549,-0.0460407,-0.0424116,194,250,07:30,fwd60,pressure30_bc,1.00075e-05,1.81648e-05,0.0119148,True,True,True,True,True,True,True,True
444,-0.0669964,-7.04384,0.349099,-0.0855332,-0.0479058,-0.0788542,-0.0577947,194,250,07:30,fwd60,pressure30_t,7.18582e-12,1.85514e-11,0.0119148,True,True,True,True,True,True,True,True
444,-0.0597889,-6.423,0.396396,-0.0777753,-0.0418267,-0.0710877,-0.051021,194,250,07:30,fwd60,pressure10,3.45071e-10,8.16081e-10,0.0119148,True,True,True,True,True,True,True,True
444,-0.105122,-11.0413,0.286036,-0.124033,-0.0865435,-0.107676,-0.10314,194,250,07:30,fwd60,log_dvol,3.33415e-25,1.25612e-24,0.0119148,True,True,True,True,True,True,True,True
444,-0.0802506,-8.07342,0.353604,-0.0997138,-0.0609547,-0.082681,-0.0783647,194,250,07:30,fwd60,n_bars,6.50984e-15,1.89165e-14,0.0119148,True,True,True,True,True,True,True,True
444,0.0909959,10.2827,0.677928,0.0737727,0.10851,0.086068,0.0948199,194,250,07:30,fwd60,stale_min,2.19742e-22,7.88881e-22,0.0119148,True,True,True,True,True,True,True,True
444,0.116456,12.2246,0.711712,0.0979984,0.135717,0.114916,0.11765,194,250,07:30,fwd60,no_trade_share,8.16849e-30,3.36075e-29,0.0119148,True,True,True,True,True,True,True,True
444,0.0947241,8.46168,0.644144,0.0723943,0.116752,0.105792,0.0861358,194,250,07:30,fwd60,amihud,3.87953e-16,1.18582e-15,0.0119148,True,True,True,True,True,True,True,True
444,-0.178643,-14.8705,0.22973,-0.202359,-0.154651,-0.178631,-0.178652,194,250,07:30,fwd60,corwin_schultz,7.32017e-41,3.85648e-40,0.0119148,True,True,True,True,True,True,True,True
444,0.00526631,0.419187,0.536036,-0.0193,0.030073,0.0107242,0.00103101,194,250,07:30,fwd60,abdi_ranaldo,0.675283,0.709211,0.0119148,True,False,False,False,False,False,False,False
444,0.00360622,0.321963,0.484234,-0.0182885,0.0254206,0.0120441,-0.0029416,194,250,07:30,fwd60,roll,0.747633,0.774285,0.0119148,True,False,False,False,False,False,True,False
444,-0.154688,-14.1969,0.247748,-0.175956,-0.133331,-0.151462,-0.157192,194,250,07:30,fwd60,bar_range,5.71189e-38,2.80402e-37,0.0119148,True,True,True,True,True,True,True,True
444,-0.00794304,-0.807545,0.470721,-0.0270171,0.0108669,-0.0371222,0.0147,194,250,07:30,fwd60,log_price,0.419786,0.47125,0.0119148,True,False,False,False,False,False,True,False
444,-0.0962207,-9.86462,0.317568,-0.114766,-0.0769489,-0.0922031,-0.0993384,194,250,07:30,fwd60,atr_pct,6.98663e-21,2.42753e-20,0.0119148,True,True,True,True,True,True,True,True
444,-0.031941,-3.03054,0.454955,-0.052851,-0.0118235,-0.0388653,-0.0265677,194,250,07:30,fwd60,mins_since_cross,0.00258415,0.00378424,0.0119148,True,True,True,True,True,True,True,True
444,-0.0535523,-5.47079,0.362613,-0.0732058,-0.0343621,-0.0504138,-0.0559877,194,250,07:30,fwd60,close_pos,7.50681e-08,1.56412e-07,0.0119148,True,True,True,True,True,True,False,False
444,0.0119148,1.32833,0.511261,-0.00574728,0.030106,0.0161143,0.00865606,194,250,07:30,fwd60,ctl_tickerhash,0.184752,0.22175,0.0119148,True,False,False,False,True,False,False,False
444,0.00719158,0.766579,0.486486,-0.0111274,0.0260229,-0.00218066,0.0144644,194,250,07:30,fwd60,ctl_random,0.44374,0.494486,0.0119148,True,False,False,False,False,False,False,False
444,-0.0488928,-5.20454,0.36036,-0.0667801,-0.0301771,-0.0755724,-0.0281895,194,250,07:30,fwd60,c37_rank_score,2.9812e-07,5.99944e-07,0.0119148,True,True,True,True,True,True,True,True
444,-0.00261149,-0.243034,0.493243,-0.0238482,0.0181635,0.0138412,-0.0153788,194,250,07:30,fwd_flat,coil,0.808092,0.829206,0.0162092,True,False,False,False,False,False,False,False
444,0.00261149,0.243034,0.506757,-0.0181635,0.0238482,-0.0138412,0.0153788,194,250,07:30,fwd_flat,dist_sess_high_pct,0.808092,0.829206,0.0162092,True,False,False,False,False,False,False,False
444,0.0758844,7.41217,0.626126,0.0557965,0.0956113,0.0958203,0.0604142,194,250,07:30,fwd_flat,dist_high60,6.35725e-13,1.74186e-12,0.0162092,True,True,True,True,True,True,True,True
444,-0.258251,-24.9001,0.119369,-0.278555,-0.237756,-0.294429,-0.230177,194,250,07:30,fwd_flat,gain_now,3.12613e-86,3.93346e-85,0.0162092,True,True,True,True,True,True,True,True
444,-0.169193,-16.4904,0.211712,-0.189075,-0.149456,-0.193897,-0.150023,194,250,07:30,fwd_flat,pm_gain,5.56384e-48,3.58743e-47,0.0162092,True,True,True,True,True,True,True,True
444,-0.192533,-18.8464,0.186937,-0.212204,-0.172897,-0.216988,-0.173556,194,250,07:30,fwd_flat,gap7,1.30371e-58,1.09007e-57,0.0162092,True,True,True,True,True,True,True,True
438,-0.0511232,-3.80915,0.401826,-0.0777397,-0.0246313,-0.0396529,-0.0598296,189,249,07:30,fwd_flat,pressure30,0.00015941,0.000263178,0.0162092,True,True,True,True,True,True,True,True
444,-0.0622589,-6.52921,0.342342,-0.0808836,-0.0436361,-0.0457617,-0.0750607,194,250,07:30,fwd_flat,pressure30_nv,1.81476e-10,4.34737e-10,0.0162092,True,True,True,True,True,True,True,True
444,-0.0447408,-4.5038,0.394144,-0.063951,-0.0253014,-0.0168169,-0.0664097,194,250,07:30,fwd_flat,pressure30_bc,8.54792e-06,1.5603e-05,0.0162092,True,True,True,True,False,True,True,False
444,-0.0707528,-7.21254,0.371622,-0.0897738,-0.0520144,-0.0715138,-0.0701622,194,250,07:30,fwd_flat,pressure30_t,2.39388e-12,6.34452e-12,0.0162092,True,True,True,True,True,True,True,True
444,-0.0496331,-5.10844,0.380631,-0.0685256,-0.03036,-0.0443102,-0.0537636,194,250,07:30,fwd_flat,pressure10,4.83633e-07,9.62809e-07,0.0162092,True,True,True,True,True,True,True,True
444,-0.177191,-18.0617,0.18018,-0.196316,-0.158342,-0.199224,-0.160093,194,250,07:30,fwd_flat,log_dvol,4.79752e-55,3.72311e-54,0.0162092,True,True,True,True,True,True,True,True
444,-0.116209,-11.6923,0.279279,-0.1352,-0.0969237,-0.132392,-0.103651,194,250,07:30,fwd_flat,n_bars,1.0388e-27,4.1297e-27,0.0162092,True,True,True,True,True,True,True,True
444,0.143841,16.592,0.781532,0.126809,0.160499,0.156733,0.133836,194,250,07:30,fwd_flat,stale_min,1.96174e-48,1.29715e-47,0.0162092,True,True,True,True,True,True,True,True
444,0.17128,17.6727,0.801802,0.15277,0.190301,0.201367,0.147933,194,250,07:30,fwd_flat,no_trade_share,2.76033e-53,2.05597e-52,0.0162092,True,True,True,True,True,True,True,True
444,0.183996,15.3594,0.763514,0.160875,0.207472,0.228507,0.149455,194,250,07:30,fwd_flat,amihud,5.47353e-43,3.03149e-42,0.0162092,True,True,True,True,True,True,True,True
444,-0.201938,-16.151,0.22973,-0.226048,-0.177058,-0.253247,-0.162122,194,250,07:30,fwd_flat,corwin_schultz,1.79184e-46,1.10582e-45,0.0162092,True,True,True,True,True,True,True,True
444,0.0231362,1.7622,0.554054,-0.00246269,0.0488139,0.0222056,0.0238583,194,250,07:30,fwd_flat,abdi_ranaldo,0.078725,0.100718,0.0162092,True,False,False,True,True,True,False,False
444,0.0270208,2.1414,0.542793,0.00229596,0.0514447,0.0397705,0.0171271,194,250,07:30,fwd_flat,roll,0.0327868,0.0440328,0.0162092,True,True,True,True,True,True,True,True
444,-0.193665,-17.5853,0.189189,-0.214833,-0.172502,-0.233565,-0.162703,194,250,07:30,fwd_flat,bar_range,6.84196e-53,4.92621e-52,0.0162092,True,True,True,True,True,True,True,True
444,-0.072985,-7.448,0.331081,-0.0919619,-0.0538676,-0.0730493,-0.072935,194,250,07:30,fwd_flat,log_price,4.99654e-13,1.37484e-12,0.0162092,True,True,True,True,True,True,True,True
444,-0.0853941,-8.46621,0.34009,-0.105138,-0.0658311,-0.119932,-0.0585926,194,250,07:30,fwd_flat,atr_pct,3.75203e-16,1.14956e-15,0.0162092,True,True,True,True,True,True,True,True
444,-0.0408546,-3.94965,0.418919,-0.0614495,-0.0207201,-0.0338292,-0.0463062,194,250,07:30,fwd_flat,mins_since_cross,9.10326e-05,0.000152034,0.0162092,True,True,True,True,True,True,True,True
444,-0.0187806,-1.83396,0.45045,-0.0390881,0.00138345,-0.00113909,-0.0324704,194,250,07:30,fwd_flat,close_pos,0.0673304,0.0870861,0.0162092,True,False,False,True,False,False,False,False
444,-0.000299427,-0.0330344,0.495495,-0.0184162,0.0173104,-0.00660722,0.00459542,194,250,07:30,fwd_flat,ctl_tickerhash,0.973662,0.980046,0.0162092,True,False,False,False,False,False,False,False
444,0.0162092,1.80022,0.540541,-0.00157163,0.0337803,0.0328801,0.00327259,194,250,07:30,fwd_flat,ctl_random,0.0725056,0.0933141,0.0162092,True,False,False,False,False,False,False,False
444,-0.071332,-7.21744,0.328829,-0.0910037,-0.0518582,-0.0767938,-0.0670936,194,250,07:30,fwd_flat,c37_rank_score,2.31804e-12,6.15611e-12,0.0162092,True,True,True,True,True,True,True,True
444,0.0362618,3.43347,0.567568,0.0157157,0.0570067,0.0212762,0.0478907,194,250,07:30,fwd60_nx,coil,0.000651948,0.00101798,0.00743586,True,True,True,True,True,True,False,False
444,-0.0362618,-3.43347,0.43018,-0.0570067,-0.0157157,-0.0212762,-0.0478907,194,250,07:30,fwd60_nx,dist_sess_high_pct,0.000651948,0.00101798,0.00743586,True,True,True,True,True,True,False,False
444,0.0509507,4.78495,0.578829,0.0302683,0.0713846,0.0461039,0.0547118,194,250,07:30,fwd60_nx,dist_high60,2.33372e-06,4.42826e-06,0.00743586,True,True,True,True,True,True,True,True
444,-0.167351,-16.5887,0.222973,-0.187242,-0.147453,-0.197204,-0.144186,194,250,07:30,fwd60_nx,gain_now,2.02875e-48,1.33465e-47,0.00743586,True,True,True,True,True,True,True,True
444,-0.105844,-9.9829,0.308559,-0.126072,-0.0845268,-0.129295,-0.0876452,194,250,07:30,fwd60_nx,pm_gain,2.64897e-21,9.25356e-21,0.00743586,True,True,True,True,True,True,True,True
444,-0.114903,-11.0859,0.301802,-0.134842,-0.0942497,-0.139581,-0.0957533,194,250,07:30,fwd60_nx,gap7,2.25856e-25,8.53381e-25,0.00743586,True,True,True,True,True,True,True,True
438,-0.0482834,-3.51952,0.431507,-0.0749484,-0.0210901,-0.07841,-0.0254163,189,249,07:30,fwd60_nx,pressure30,0.000477695,0.000754991,0.00743586,True,True,True,True,False,True,True,False
444,-0.0536276,-5.43396,0.398649,-0.0728753,-0.03428,-0.0740694,-0.0377648,194,250,07:30,fwd60_nx,pressure30_nv,9.115e-08,1.88106e-07,0.00743586,True,True,True,True,True,True,True,True
444,-0.0335277,-3.35997,0.448198,-0.0531664,-0.0138625,-0.0381283,-0.0299577,194,250,07:30,fwd60_nx,pressure30_bc,0.000846947,0.00130207,0.00743586,True,True,True,True,True,True,True,True
444,-0.0528983,-5.3329,0.394144,-0.072354,-0.0333129,-0.0625279,-0.0454257,194,250,07:30,fwd60_nx,pressure30_t,1.54412e-07,3.14651e-07,0.00743586,True,True,True,True,True,True,True,True
444,-0.0468621,-4.79315,0.414414,-0.0658374,-0.0279377,-0.0567321,-0.039203,194,250,07:30,fwd60_nx,pressure10,2.24481e-06,4.27205e-06,0.00743586,True,True,True,True,True,True,True,True
444,-0.088758,-9.1822,0.335586,-0.107544,-0.0700773,-0.0943989,-0.0843808,194,250,07:30,fwd60_nx,log_dvol,1.62889e-18,5.30414e-18,0.00743586,True,True,True,True,True,True,True,True
444,-0.0618314,-6.11905,0.382883,-0.0817335,-0.0425706,-0.0627476,-0.0611205,194,250,07:30,fwd60_nx,n_bars,2.07281e-09,4.69643e-09,0.00743586,True,True,True,True,True,True,True,True
444,0.0677318,7.33858,0.648649,0.049399,0.0861259,0.0665527,0.0686467,194,250,07:30,fwd60_nx,stale_min,1.03968e-12,2.81298e-12,0.00743586,True,True,True,True,True,True,True,True
444,0.093601,9.79245,0.675676,0.0747418,0.112522,0.097389,0.0906616,194,250,07:30,fwd60_nx,no_trade_share,1.25814e-20,4.34813e-20,0.00743586,True,True,True,True,True,True,True,True
444,0.0839184,7.29289,0.630631,0.0609258,0.106526,0.0969901,0.0737748,194,250,07:30,fwd60_nx,amihud,1.40847e-12,3.79498e-12,0.00743586,True,True,True,True,True,True,True,True
444,-0.162139,-13.3178,0.27027,-0.186032,-0.138161,-0.163924,-0.160754,194,250,07:30,fwd60_nx,corwin_schultz,2.85169e-34,1.28773e-33,0.00743586,True,True,True,True,True,True,True,True
444,0.0101276,0.803818,0.533784,-0.0141227,0.0347206,0.0123814,0.00837874,194,250,07:30,fwd60_nx,abdi_ranaldo,0.421933,0.473032,0.00743586,True,False,False,True,True,False,False,False
444,0.000837046,0.0747343,0.490991,-0.0210372,0.0223675,0.00390825,-0.00154621,194,250,07:30,fwd60_nx,roll,0.94046,0.94851,0.00743586,True,False,False,False,False,False,True,False
444,-0.141041,-12.9182,0.281532,-0.162185,-0.119255,-0.145859,-0.137303,194,250,07:30,fwd60_nx,bar_range,1.27056e-32,5.50719e-32,0.00743586,True,True,True,True,True,True,True,True
444,-0.00365811,-0.37099,0.515766,-0.0231242,0.0151424,-0.0265546,0.0141095,194,250,07:30,fwd60_nx,log_price,0.710822,0.742325,0.00743586,True,False,False,False,False,False,True,False
444,-0.115102,-11.3793,0.313063,-0.134308,-0.0954844,-0.109245,-0.119648,194,250,07:30,fwd60_nx,atr_pct,1.70296e-26,6.58816e-26,0.00743586,True,True,True,True,True,True,True,True
444,-0.0343231,-3.10911,0.445946,-0.0561492,-0.0131522,-0.0360727,-0.0329655,194,250,07:30,fwd60_nx,mins_since_cross,0.00199751,0.00295185,0.00743586,True,True,True,True,True,True,True,True
444,-0.0214067,-2.13431,0.457207,-0.0412311,-0.00165736,-0.0118915,-0.0287906,194,250,07:30,fwd60_nx,close_pos,0.0333658,0.0446716,0.00743586,True,True,True,True,True,True,False,False
444,0.00743586,0.786292,0.524775,-0.0114388,0.0264636,-0.000108791,0.0132905,194,250,07:30,fwd60_nx,ctl_tickerhash,0.432117,0.483195,0.00743586,True,False,False,False,False,False,False,False
444,0.00349731,0.377982,0.5,-0.0145132,0.0219215,0.00605704,0.00151096,194,250,07:30,fwd60_nx,ctl_random,0.705625,0.737492,0.00743586,True,False,False,False,False,False,False,False
444,-0.00945194,-0.991153,0.454955,-0.0277515,0.0092246,-0.0358624,0.0110426,194,250,07:30,fwd60_nx,c37_rank_score,0.322152,0.36915,0.00743586,True,False,False,True,False,False,True,False
444,0.0161128,1.51264,0.509009,-0.00481308,0.0367728,0.0333013,0.00277448,194,250,07:30,fwd_flat_nx,coil,0.131084,0.161488,0.0183902,True,False,False,False,False,False,False,False
444,-0.0161128,-1.51264,0.488739,-0.0367728,0.00481308,-0.0333013,-0.00277448,194,250,07:30,fwd_flat_nx,dist_sess_high_pct,0.131084,0.161488,0.0183902,True,False,False,False,False,False,False,False
444,0.0897604,8.81307,0.657658,0.0697327,0.109451,0.115698,0.0696329,194,250,07:30,fwd_flat_nx,dist_high60,2.79274e-17,8.74248e-17,0.0183902,True,True,True,True,True,True,True,True
444,-0.240917,-23.0675,0.130631,-0.261228,-0.220414,-0.27942,-0.211039,194,250,07:30,fwd_flat_nx,gain_now,6.49037e-78,6.95167e-77,0.0183902,True,True,True,True,True,True,True,True
444,-0.164913,-15.8677,0.218468,-0.184902,-0.144923,-0.190688,-0.144912,194,250,07:30,fwd_flat_nx,pm_gain,3.20696e-45,1.89782e-44,0.0183902,True,True,True,True,True,True,True,True
444,-0.18621,-18.0961,0.191441,-0.206213,-0.166394,-0.212497,-0.165812,194,250,07:30,fwd_flat_nx,gap7,3.34954e-55,2.61506e-54,0.0183902,True,True,True,True,True,True,True,True
438,-0.056561,-4.24771,0.410959,-0.0827791,-0.030487,-0.0471613,-0.0636957,189,249,07:30,fwd_flat_nx,pressure30,2.64074e-05,4.6437e-05,0.0183902,True,True,True,True,True,True,True,True
444,-0.0603656,-6.25567,0.373874,-0.0793488,-0.0413272,-0.0453858,-0.0719899,194,250,07:30,fwd_flat_nx,pressure30_nv,9.33831e-10,2.16115e-09,0.0183902,True,True,True,True,True,True,True,True
444,-0.0417583,-4.1821,0.412162,-0.061036,-0.022185,-0.0179587,-0.0602268,194,250,07:30,fwd_flat_nx,pressure30_bc,3.48284e-05,6.08324e-05,0.0183902,True,True,True,True,False,True,True,False
444,-0.0656679,-6.59645,0.378378,-0.0851541,-0.0464094,-0.0650047,-0.0661826,194,250,07:30,fwd_flat_nx,pressure30_t,1.20305e-10,2.91431e-10,0.0183902,True,True,True,True,True,True,True,True
444,-0.0429141,-4.42673,0.391892,-0.0616485,-0.0235513,-0.0396518,-0.0454456,194,250,07:30,fwd_flat_nx,pressure10,1.20625e-05,2.18034e-05,0.0183902,True,True,True,True,True,True,True,True
444,-0.172143,-17.2437,0.182432,-0.191728,-0.153091,-0.197067,-0.152802,194,250,07:30,fwd_flat_nx,log_dvol,2.3654e-51,1.66606e-50,0.0183902,True,True,True,True,True,True,True,True
444,-0.112845,-11.3503,0.301802,-0.131891,-0.0933383,-0.130613,-0.0990578,194,250,07:30,fwd_flat_nx,n_bars,2.20163e-26,8.492e-26,0.0183902,True,True,True,True,True,True,True,True
444,0.138258,15.5435,0.765766,0.120727,0.155415,0.156173,0.124355,194,250,07:30,fwd_flat_nx,stale_min,8.54795e-44,4.83762e-43,0.0183902,True,True,True,True,True,True,True,True
444,0.163576,16.6092,0.797297,0.14455,0.182843,0.198201,0.136708,194,250,07:30,fwd_flat_nx,no_trade_share,1.64335e-48,1.09219e-47,0.0183902,True,True,True,True,True,True,True,True
444,0.183566,15.2403,0.772523,0.160169,0.207314,0.227385,0.149563,194,250,07:30,fwd_flat_nx,amihud,1.81089e-42,9.90259e-42,0.0183902,True,True,True,True,True,True,True,True
444,-0.199086,-16.0191,0.234234,-0.223328,-0.174718,-0.252893,-0.157331,194,250,07:30,fwd_flat_nx,corwin_schultz,6.87594e-46,4.16412e-45,0.0183902,True,True,True,True,True,True,True,True
444,0.0242002,1.82722,0.547297,-0.00147323,0.0502716,0.0225856,0.0254532,194,250,07:30,fwd_flat_nx,abdi_ranaldo,0.0683398,0.0883035,0.0183902,True,False,False,True,True,True,False,False
444,0.0291722,2.29445,0.545045,0.00427474,0.0537487,0.043144,0.01833,194,250,07:30,fwd_flat_nx,roll,0.0222318,0.0305216,0.0183902,True,True,True,True,True,True,True,True
444,-0.188332,-17.1979,0.184685,-0.209479,-0.167072,-0.232255,-0.154248,194,250,07:30,fwd_flat_nx,bar_range,3.79906e-51,2.64709e-50,0.0183902,True,True,True,True,True,True,True,True
444,-0.0699002,-7.07857,0.344595,-0.0890757,-0.0505696,-0.0681454,-0.0712619,194,250,07:30,fwd_flat_nx,log_price,5.73998e-12,1.4878e-11,0.0183902,True,True,True,True,True,True,True,True
444,-0.0879798,-8.71171,0.346847,-0.107711,-0.068523,-0.123769,-0.0602071,194,250,07:30,fwd_flat_nx,atr_pct,6.0106e-17,1.87253e-16,0.0183902,True,True,True,True,True,True,True,True
444,-0.043412,-4.19624,0.405405,-0.0639359,-0.0232372,-0.0342353,-0.0505331,194,250,07:30,fwd_flat_nx,mins_since_cross,3.28035e-05,5.7373e-05,0.0183902,True,True,True,True,True,True,True,True
444,-0.00730115,-0.716762,0.477477,-0.0272097,0.0127629,0.0139331,-0.023779,194,250,07:30,fwd_flat_nx,close_pos,0.473899,0.523918,0.0183902,True,False,False,False,False,False,False,False
444,-0.00189496,-0.207576,0.470721,-0.0201503,0.0159675,-0.011509,0.00556552,194,250,07:30,fwd_flat_nx,ctl_tickerhash,0.835656,0.854783,0.0183902,True,False,False,False,False,False,False,False
444,0.0183902,2.06455,0.551802,0.000895413,0.035611,0.0353059,0.00526369,194,250,07:30,fwd_flat_nx,ctl_random,0.0395467,0.0524591,0.0183902,True,True,False,False,False,False,False,False
444,-0.0542927,-5.45104,0.369369,-0.0738114,-0.0348483,-0.0582722,-0.0512046,194,250,07:30,fwd_flat_nx,c37_rank_score,8.3311e-08,1.72478e-07,0.0183902,True,True,True,True,True,True,True,True
444,0.0392203,3.16521,0.581081,0.0154689,0.0636008,0.0585352,0.024232,194,250,07:30,fwd_flat_nx5,coil,0.00165659,0.00247343,0.0248397,True,True,True,True,True,True,False,False
444,-0.0392203,-3.16521,0.418919,-0.0636008,-0.0154689,-0.0585352,-0.024232,194,250,07:30,fwd_flat_nx5,dist_sess_high_pct,0.00165659,0.00247343,0.0248397,True,True,True,True,True,True,False,False
444,0.0955442,8.09089,0.655405,0.0722528,0.118019,0.136929,0.0634294,194,250,07:30,fwd_flat_nx5,dist_high60,5.7453e-15,1.67324e-14,0.0248397,True,True,True,True,True,True,True,True
444,-0.268053,-22.9734,0.128378,-0.290888,-0.245395,-0.314182,-0.232256,194,250,07:30,fwd_flat_nx5,gain_now,1.74285e-77,1.85142e-76,0.0248397,True,True,True,True,True,True,True,True
444,-0.18577,-15.5663,0.220721,-0.209357,-0.162631,-0.220555,-0.158776,194,250,07:30,fwd_flat_nx5,pm_gain,6.79258e-44,3.86104e-43,0.0248397,True,True,True,True,True,True,True,True
444,-0.207857,-17.7753,0.193694,-0.230896,-0.185245,-0.241136,-0.182032,194,250,07:30,fwd_flat_nx5,gap7,9.49193e-54,7.27902e-53,0.0248397,True,True,True,True,True,True,True,True
434,-0.057888,-4.02955,0.400922,-0.0861035,-0.0291567,-0.0475606,-0.0657067,187,247,07:30,fwd_flat_nx5,pressure30,6.60111e-05,0.000111685,0.0248397,True,True,True,True,True,True,True,True
444,-0.068878,-5.92619,0.385135,-0.0919704,-0.046039,-0.0597033,-0.0759975,194,250,07:30,fwd_flat_nx5,pressure30_nv,6.23718e-09,1.36775e-08,0.0248397,True,True,True,True,True,True,True,True
444,-0.0384839,-3.31972,0.43018,-0.0605762,-0.0156584,-0.0135073,-0.0578657,194,250,07:30,fwd_flat_nx5,pressure30_bc,0.000975517,0.00149264,0.0248397,True,True,True,True,False,True,True,False
444,-0.0772488,-6.71318,0.391892,-0.0997427,-0.0547856,-0.0787792,-0.0760613,194,250,07:30,fwd_flat_nx5,pressure30_t,5.84743e-11,1.43256e-10,0.0248397,True,True,True,True,True,True,True,True
444,-0.0452427,-4.029,0.416667,-0.0671571,-0.0233416,-0.047836,-0.0432303,194,250,07:30,fwd_flat_nx5,pressure10,6.59167e-05,0.000111671,0.0248397,True,True,True,True,True,True,True,True
444,-0.189631,-17.0106,0.177928,-0.210824,-0.168118,-0.224764,-0.162367,194,250,07:30,fwd_flat_nx5,log_dvol,2.63406e-50,1.81582e-49,0.0248397,True,True,True,True,True,True,True,True
444,-0.123502,-10.7817,0.283784,-0.145376,-0.101147,-0.138468,-0.111888,194,250,07:30,fwd_flat_nx5,n_bars,3.16601e-24,1.17233e-23,0.0248397,True,True,True,True,True,True,True,True
441,0.138482,13.5236,0.770975,0.118611,0.158451,0.165446,0.117303,194,247,07:30,fwd_flat_nx5,stale_min,4.29886e-35,1.98976e-34,0.0248397,True,True,True,True,True,True,True,True
444,0.18509,15.7265,0.786036,0.162484,0.208207,0.233687,0.147378,194,250,07:30,fwd_flat_nx5,no_trade_share,1.34245e-44,7.80186e-44,0.0248397,True,True,True,True,True,True,True,True
444,0.1657,13.2676,0.72973,0.14135,0.18999,0.209142,0.131989,194,250,07:30,fwd_flat_nx5,amihud,4.60709e-34,2.07319e-33,0.0248397,True,True,True,True,True,True,True,True
444,-0.200592,-15.092,0.243243,-0.226569,-0.17405,-0.257578,-0.156371,194,250,07:30,fwd_flat_nx5,corwin_schultz,8.00896e-42,4.34293e-41,0.0248397,True,True,True,True,True,True,True,True
444,0.0119553,0.859899,0.529279,-0.0154823,0.0393914,0.00118002,0.020317,194,250,07:30,fwd_flat_nx5,abdi_ranaldo,0.39031,0.441013,0.0248397,True,False,False,False,False,False,False,False
444,0.0153937,1.16505,0.531532,-0.0104879,0.0411458,0.0238128,0.00886045,194,250,07:30,fwd_flat_nx5,roll,0.244626,0.288477,0.0248397,True,False,False,False,True,False,True,False
444,-0.199897,-16.4592,0.211712,-0.223501,-0.176364,-0.254669,-0.157393,194,250,07:30,fwd_flat_nx5,bar_range,7.6589e-48,4.84192e-47,0.0248397,True,True,True,True,True,True,True,True
444,-0.0737078,-6.21843,0.346847,-0.0967585,-0.0508005,-0.0934475,-0.0583897,194,250,07:30,fwd_flat_nx5,log_price,1.16213e-09,2.67516e-09,0.0248397,True,True,True,True,True,True,True,True
444,-0.138028,-11.8341,0.272523,-0.160988,-0.115633,-0.183189,-0.102983,194,250,07:30,fwd_flat_nx5,atr_pct,2.88614e-28,1.16525e-27,0.0248397,True,True,True,True,True,True,True,True
444,-0.0477928,-3.95416,0.405405,-0.0711468,-0.0242638,-0.0432892,-0.0512876,194,250,07:30,fwd_flat_nx5,mins_since_cross,8.93911e-05,0.000149485,0.0248397,True,True,True,True,True,True,True,True
444,0.000648489,0.0567025,0.506757,-0.021505,0.0229192,0.0252129,-0.0184135,194,250,07:30,fwd_flat_nx5,close_pos,0.954808,0.962232,0.0248397,True,False,False,False,False,False,False,False
444,0.00136692,0.127898,0.518018,-0.0198386,0.022672,-0.00632334,0.00733455,194,250,07:30,fwd_flat_nx5,ctl_tickerhash,0.898287,0.911653,0.0248397,True,False,False,False,False,False,False,False
444,0.0248397,2.42177,0.545045,0.00490775,0.0447239,0.0408961,0.0123799,194,250,07:30,fwd_flat_nx5,ctl_random,0.0158458,0.0220582,0.0248397,True,True,True,False,False,True,False,False
444,-0.0375514,-3.37837,0.421171,-0.0593615,-0.0155567,-0.0385746,-0.0367573,194,250,07:30,fwd_flat_nx5,c37_rank_score,0.000793608,0.00122588,0.0248397,True,True,True,True,True,True,True,True
444,-0.649078,-62.8031,0.0112613,-0.66917,-0.62845,-0.648987,-0.649149,194,250,07:30,peak60,coil,1.08305e-222,4.67877e-220,0.0116602,False,True,True,True,True,True,False,False
444,0.649078,62.8031,0.988739,0.62845,0.66917,0.648987,0.649149,194,250,07:30,peak60,dist_sess_high_pct,1.08305e-222,4.67877e-220,0.0116602,False,True,True,True,True,True,False,False
444,-0.563931,-64.7078,0.00675676,-0.580674,-0.546413,-0.599758,-0.536129,194,250,07:30,peak60,dist_high60,7.08575e-228,9.18314e-225,0.0116602,False,True,True,True,True,True,False,False
444,0.0668842,6.99271,0.641892,0.0479661,0.0857563,0.0996358,0.0414691,194,250,07:30,peak60,gain_now,9.98771e-12,2.55812e-11,0.0116602,False,True,True,True,True,True,False,False
444,0.080065,7.9309,0.63964,0.0601604,0.0995937,0.110846,0.0561793,194,250,07:30,peak60,pm_gain,1.78998e-14,5.15515e-14,0.0116602,False,True,True,True,True,True,False,False
444,0.0991367,9.75768,0.677928,0.0792656,0.118994,0.134917,0.0713712,194,250,07:30,peak60,gap7,1.66878e-20,5.72154e-20,0.0116602,False,True,True,True,True,True,False,False
438,-0.157179,-11.1089,0.30137,-0.184638,-0.129313,-0.154496,-0.159216,189,249,07:30,peak60,pressure30,2.01161e-25,7.62294e-25,0.0116602,False,True,True,True,True,True,True,False
444,-0.151408,-14.149,0.234234,-0.172544,-0.130498,-0.156298,-0.147614,194,250,07:30,peak60,pressure30_nv,9.12742e-38,4.44705e-37,0.0116602,False,True,True,True,True,True,True,False
444,-0.161045,-15.6874,0.213964,-0.181273,-0.140565,-0.154933,-0.165787,194,250,07:30,peak60,pressure30_bc,1.99622e-44,1.15496e-43,0.0116602,False,True,True,True,True,True,True,False
444,-0.124064,-12.4733,0.268018,-0.143592,-0.104541,-0.113927,-0.13193,194,250,07:30,peak60,pressure30_t,8.20107e-31,3.43967e-30,0.0116602,False,True,True,True,True,True,True,False
444,-0.114901,-11.6336,0.281532,-0.134566,-0.095612,-0.123036,-0.108588,194,250,07:30,peak60,pressure10,1.76047e-27,6.93485e-27,0.0116602,False,True,True,True,True,True,True,False
444,0.32351,31.2117,0.925676,0.303004,0.34337,0.404212,0.260886,194,250,07:30,peak60,log_dvol,6.27804e-114,1.35606e-112,0.0116602,False,True,True,True,True,True,False,False
444,0.396158,42.0202,0.961712,0.377706,0.41437,0.448961,0.355183,194,250,07:30,peak60,n_bars,1.1996e-156,5.01512e-155,0.0116602,False,True,True,True,True,True,False,False
444,-0.338668,-35.9356,0.0540541,-0.357012,-0.320116,-0.414938,-0.279484,194,250,07:30,peak60,stale_min,2.24422e-133,6.46335e-132,0.0116602,False,True,True,True,True,True,False,False
444,-0.417184,-43.2775,0.0337838,-0.435582,-0.398002,-0.498471,-0.354105,194,250,07:30,peak60,no_trade_share,3.27726e-161,1.69893e-159,0.0116602,False,True,True,True,True,True,False,False
444,0.0508414,3.65829,0.574324,0.0233592,0.0780357,-0.0495316,0.128731,194,250,07:30,peak60,amihud,0.000284457,0.000459099,0.0116602,False,True,True,True,False,True,True,False
444,0.471066,45.8401,0.968468,0.451202,0.491079,0.526378,0.428145,194,250,07:30,peak60,corwin_schultz,2.91268e-170,2.22049e-168,0.0116602,False,True,True,True,True,True,False,False
444,0.141806,10.9839,0.725225,0.11717,0.167425,0.111247,0.165519,194,250,07:30,peak60,abdi_ranaldo,5.49735e-25,2.06509e-24,0.0116602,False,True,True,True,True,True,False,False
444,0.150697,12.5371,0.745495,0.127179,0.174504,0.11381,0.179322,194,250,07:30,peak60,roll,4.53064e-31,1.91261e-30,0.0116602,False,True,True,True,True,True,True,False
444,0.436823,47.6454,0.986486,0.4187,0.454789,0.506123,0.383045,194,250,07:30,peak60,bar_range,1.92082e-176,1.65959e-174,0.0116602,False,True,True,True,True,True,False,False
444,-0.145122,-14.476,0.243243,-0.164744,-0.125642,-0.0979851,-0.181701,194,250,07:30,peak60,log_price,3.66223e-39,1.84679e-38,0.0116602,False,True,True,True,True,True,True,False
444,0.302032,30.6899,0.923423,0.282714,0.320743,0.281093,0.318282,194,250,07:30,peak60,atr_pct,1.04225e-111,2.14406e-110,0.0116602,False,True,True,True,True,True,False,False
444,0.154337,15.003,0.774775,0.134215,0.174101,0.170414,0.141861,194,250,07:30,peak60,mins_since_cross,1.95214e-41,1.04544e-40,0.0116602,False,True,True,True,True,True,False,False
444,-0.0767013,-8.18411,0.331081,-0.0952499,-0.0578788,-0.0875154,-0.0683096,194,250,07:30,peak60,close_pos,2.94117e-15,8.66309e-15,0.0116602,False,True,True,True,True,True,False,False
444,0.0116602,1.24183,0.490991,-0.00665353,0.030166,0.0184085,0.0064235,194,250,07:30,peak60,ctl_tickerhash,0.214956,0.255815,0.0116602,False,False,False,False,True,False,False,False
444,0.00267957,0.285973,0.540541,-0.0155481,0.0209442,-0.000697387,0.00530009,194,250,07:30,peak60,ctl_random,0.775033,0.799715,0.0116602,False,False,False,False,False,False,False,False
444,-0.352802,-31.1187,0.0855856,-0.374767,-0.33018,-0.309533,-0.386378,194,250,07:30,peak60,c37_rank_score,1.55729e-113,3.3086e-112,0.0116602,False,True,True,True,True,True,True,False
444,-0.516043,-54.5598,0.0157658,-0.534515,-0.497169,-0.490747,-0.535672,194,250,07:30,peak_flat,coil,1.01521e-198,1.87959e-196,0.0134004,False,True,True,True,True,True,False,False
444,0.516043,54.5598,0.984234,0.497169,0.534515,0.490747,0.535672,194,250,07:30,peak_flat,dist_sess_high_pct,1.01521e-198,1.87959e-196,0.0134004,False,True,True,True,True,True,False,False
444,-0.388188,-42.0754,0.0405405,-0.405951,-0.369804,-0.392033,-0.385205,194,250,07:30,peak_flat,dist_high60,7.53225e-157,3.25393e-155,0.0134004,False,True,True,True,True,True,False,False
444,-0.00108028,-0.108689,0.5,-0.0209422,0.0188198,-0.000919044,-0.0012054,194,250,07:30,peak_flat,gain_now,0.913499,0.92564,0.0134004,False,False,False,False,True,False,True,False
444,0.0240036,2.40447,0.531532,0.00381758,0.0435322,0.0174344,0.0291014,194,250,07:30,peak_flat,pm_gain,0.0166056,0.0230416,0.0134004,False,True,True,True,True,True,False,False
444,0.0318669,3.20941,0.563063,0.0120214,0.0519183,0.0297939,0.0334755,194,250,07:30,peak_flat,gap7,0.00142673,0.00215004,0.0134004,False,True,True,True,True,True,False,False
438,-0.12333,-8.87989,0.340183,-0.150512,-0.0962949,-0.106838,-0.135847,189,249,07:30,peak_flat,pressure30,1.74724e-17,5.52298e-17,0.0134004,False,True,True,True,True,True,True,False
444,-0.130632,-13.3877,0.265766,-0.149764,-0.111802,-0.121356,-0.137831,194,250,07:30,peak_flat,pressure30_nv,1.46113e-34,6.66768e-34,0.0134004,False,True,True,True,True,True,True,False
444,-0.133311,-13.4229,0.252252,-0.152511,-0.114051,-0.108939,-0.152223,194,250,07:30,peak_flat,pressure30_bc,1.04282e-34,4.77558e-34,0.0134004,False,True,True,True,True,True,True,False
444,-0.102218,-10.1505,0.308559,-0.121987,-0.082463,-0.0910111,-0.110915,194,250,07:30,peak_flat,pressure30_t,6.61971e-22,2.35691e-21,0.0134004,False,True,True,True,True,True,True,False
444,-0.080758,-8.32005,0.326577,-0.0996378,-0.0619191,-0.0870554,-0.0758711,194,250,07:30,peak_flat,pressure10,1.09716e-15,3.31449e-15,0.0134004,False,True,True,True,True,True,True,False
444,0.134318,13.3339,0.725225,0.114406,0.15411,0.163936,0.111335,194,250,07:30,peak_flat,log_dvol,2.44568e-34,1.11156e-33,0.0134004,False,True,True,True,True,True,False,False
444,0.246484,28.0619,0.891892,0.229318,0.263938,0.248067,0.245255,194,250,07:30,peak_flat,n_bars,2.52704e-100,4.04327e-99,0.0134004,False,True,True,True,True,True,False,False
444,-0.175637,-19.0562,0.155405,-0.19357,-0.157394,-0.20602,-0.15206,194,250,07:30,peak_flat,stale_min,1.44328e-59,1.23059e-58,0.0134004,False,True,True,True,True,True,False,False
444,-0.229748,-24.5012,0.130631,-0.248031,-0.211003,-0.251336,-0.212995,194,250,07:30,peak_flat,no_trade_share,1.98476e-84,2.38171e-83,0.0134004,False,True,True,True,True,True,False,False
444,0.154209,12.2939,0.720721,0.129353,0.179015,0.103957,0.193205,194,250,07:30,peak_flat,amihud,4.31512e-30,1.78102e-29,0.0134004,False,True,True,True,True,True,True,False
444,0.326424,27.9867,0.898649,0.30361,0.348891,0.32794,0.325248,194,250,07:30,peak_flat,corwin_schultz,5.40983e-100,8.55018e-99,0.0134004,False,True,True,True,True,True,False,False
444,0.143391,10.8283,0.707207,0.117566,0.169197,0.130848,0.153125,194,250,07:30,peak_flat,abdi_ranaldo,2.11765e-24,7.86384e-24,0.0134004,False,True,True,True,True,True,False,False
444,0.157241,13.1444,0.738739,0.133862,0.180657,0.147514,0.164789,194,250,07:30,peak_flat,roll,1.49068e-33,6.61615e-33,0.0134004,False,True,True,True,True,True,True,False
444,0.262127,26.4358,0.90991,0.242148,0.281338,0.277606,0.250115,194,250,07:30,peak_flat,bar_range,4.00186e-93,5.63741e-92,0.0134004,False,True,True,True,True,True,False,False
444,-0.153268,-14.8341,0.243243,-0.173137,-0.13261,-0.100188,-0.194459,194,250,07:30,peak_flat,log_price,1.05216e-40,5.52066e-40,0.0134004,False,True,True,True,True,True,True,False
444,0.266574,26.952,0.891892,0.247237,0.285885,0.244889,0.283401,194,250,07:30,peak_flat,atr_pct,2.01921e-95,2.97375e-94,0.0134004,False,True,True,True,True,True,False,False
444,0.119246,12.4227,0.702703,0.100413,0.138035,0.108381,0.127677,194,250,07:30,peak_flat,mins_since_cross,1.31125e-30,5.46426e-30,0.0134004,False,True,True,True,True,True,False,False
444,-0.054847,-5.89266,0.400901,-0.0729475,-0.0365014,-0.0667637,-0.0455996,194,250,07:30,peak_flat,close_pos,7.53201e-09,1.64059e-08,0.0134004,False,True,True,True,True,True,False,False
444,-0.0020043,-0.206101,0.454955,-0.020826,0.0168132,0.00650102,-0.00860443,194,250,07:30,peak_flat,ctl_tickerhash,0.836807,0.855285,0.0134004,False,False,False,False,False,False,False,False
444,0.0134004,1.5184,0.540541,-0.00379243,0.0304574,0.0174241,0.0102779,194,250,07:30,peak_flat,ctl_random,0.129628,0.159998,0.0134004,False,False,False,False,True,False,False,False
444,-0.330153,-33.7719,0.0698198,-0.349588,-0.311168,-0.297251,-0.355685,194,250,07:30,peak_flat,c37_rank_score,1.2881e-124,3.2733e-123,0.0134004,False,True,True,True,True,True,True,False
444,-0.02788,-2.96186,0.443694,-0.0463012,-0.00882707,-0.0201014,-0.0339161,194,250,08:30,fwd30,coil,0.00322231,0.00469226,0.00475759,True,True,True,True,True,True,False,False
444,0.02788,2.96186,0.556306,0.00882707,0.0463012,0.0201014,0.0339161,194,250,08:30,fwd30,dist_sess_high_pct,0.00322231,0.00469226,0.00475759,True,True,True,True,True,True,False,False
444,-0.0310941,-3.28567,0.414414,-0.049957,-0.0120597,-0.0244121,-0.0362794,194,250,08:30,fwd30,dist_high60,0.00109823,0.00167251,0.00475759,True,True,True,True,True,True,False,False
444,-0.125703,-14.4437,0.225225,-0.142788,-0.10855,-0.140911,-0.113901,194,250,08:30,fwd30,gain_now,5.03949e-39,2.53147e-38,0.00475759,True,True,True,True,True,True,True,True
444,-0.0105709,-1.10719,0.472973,-0.0293412,0.00826948,-0.0140674,-0.00785757,194,250,08:30,fwd30,pm_gain,0.268812,0.314706,0.00475759,True,False,False,True,True,False,True,False
444,-0.0133887,-1.43389,0.484234,-0.031809,0.0049439,-0.0231385,-0.00582285,194,250,08:30,fwd30,gap7,0.152308,0.186394,0.00475759,True,False,False,True,False,False,True,False
444,-0.0112383,-1.06622,0.477477,-0.0320272,0.00949411,0.000384444,-0.0202575,194,250,08:30,fwd30,pressure30,0.286906,0.333528,0.00475759,True,False,False,True,False,False,True,False
444,-0.0231296,-2.64897,0.445946,-0.0402538,-0.00626716,-0.0308151,-0.0171657,194,250,08:30,fwd30,pressure30_nv,0.00836224,0.0119093,0.00475759,True,True,True,True,True,True,True,True
444,-0.0449445,-5.19799,0.414414,-0.0620196,-0.0279756,-0.0443771,-0.0453849,194,250,08:30,fwd30,pressure30_bc,3.08178e-07,6.19223e-07,0.00475759,True,True,True,True,True,True,True,True
444,-0.0293402,-3.27851,0.427928,-0.0472431,-0.0116838,-0.0336228,-0.0260168,194,250,08:30,fwd30,pressure30_t,0.0011258,0.00171249,0.00475759,True,True,True,True,True,True,True,True
444,-0.0381462,-4.66111,0.40991,-0.054061,-0.0220981,-0.0374705,-0.0386706,194,250,08:30,fwd30,pressure10,4.16757e-06,7.76029e-06,0.00475759,True,True,True,True,True,True,True,True
444,-0.0192576,-2.01945,0.454955,-0.0376219,-0.000644522,-0.00869599,-0.0274534,194,250,08:30,fwd30,log_dvol,0.0440426,0.0578648,0.00475759,True,True,False,True,False,False,True,False
444,-0.0168792,-1.82435,0.468468,-0.035254,0.00107567,-0.00834448,-0.0235022,194,250,08:30,fwd30,n_bars,0.068772,0.0887735,0.00475759,True,False,False,True,True,False,True,False
444,0.0261878,3.16385,0.56982,0.0100443,0.0428648,0.024822,0.0272478,194,250,08:30,fwd30,stale_min,0.00166417,0.0024819,0.00475759,True,True,True,True,True,True,True,True
444,0.0393556,4.30525,0.56982,0.0215543,0.0572145,0.0404187,0.0385306,194,250,08:30,fwd30,no_trade_share,2.05519e-05,3.63373e-05,0.00475759,True,True,True,True,True,True,True,True
444,0.00734233,0.740533,0.551802,-0.0116619,0.0265089,0.00780471,0.00698352,194,250,08:30,fwd30,amihud,0.459369,0.509711,0.00475759,True,False,False,True,True,False,True,False
444,-0.0841887,-8.17869,0.353604,-0.104113,-0.0641836,-0.111451,-0.0630331,194,250,08:30,fwd30,corwin_schultz,3.05846e-15,8.98812e-15,0.00475759,True,True,True,True,True,True,True,True
444,-0.0474301,-4.17653,0.425676,-0.0696179,-0.0256304,-0.064081,-0.034509,194,250,08:30,fwd30,abdi_ranaldo,3.5659e-05,6.19121e-05,0.00475759,True,True,True,True,True,True,False,False
444,-0.0118565,-1.15046,0.477477,-0.0322158,0.00879138,-0.0297445,0.00202466,194,250,08:30,fwd30,roll,0.250574,0.295221,0.00475759,True,False,False,True,False,False,False,False
444,-0.0617353,-6.25668,0.396396,-0.0809753,-0.0424467,-0.0850449,-0.0436471,194,250,08:30,fwd30,bar_range,9.28274e-10,2.15213e-09,0.00475759,True,True,True,True,True,True,True,True
444,-0.0110415,-1.2697,0.468468,-0.027741,0.00604168,0.00101207,-0.0203951,194,250,08:30,fwd30,log_price,0.204858,0.244022,0.00475759,True,False,False,True,False,False,True,False
444,-0.0606356,-7.11728,0.353604,-0.0776375,-0.0438473,-0.0838026,-0.042658,194,250,08:30,fwd30,atr_pct,4.46379e-12,1.164e-11,0.00475759,True,True,True,True,True,True,True,True
444,0.00811695,0.887511,0.509009,-0.00986671,0.0262029,0.029657,-0.00859812,194,250,08:30,fwd30,mins_since_cross,0.375285,0.425889,0.00475759,True,False,False,True,False,False,False,False
444,-0.0742383,-9.12895,0.328829,-0.0899111,-0.0583246,-0.0648639,-0.0815129,194,250,08:30,fwd30,close_pos,2.4661e-18,8.01019e-18,0.00475759,True,True,True,True,True,True,False,False
444,0.00475759,0.560945,0.52027,-0.0118624,0.021523,0.00564303,0.00407049,194,250,08:30,fwd30,ctl_tickerhash,0.575118,0.617754,0.00475759,True,False,False,False,True,False,False,False
444,-0.00361695,-0.443473,0.5,-0.0197018,0.0121754,-0.0153182,0.00546326,194,250,08:30,fwd30,ctl_random,0.65764,0.691894,0.00475759,True,False,False,False,False,False,False,False
444,-0.0420532,-4.82561,0.394144,-0.0591152,-0.0248377,-0.0362523,-0.0465547,194,250,08:30,fwd30,c37_rank_score,1.92386e-06,3.6993e-06,0.00475759,True,True,True,True,True,True,True,True
444,-0.0593929,-6.78411,0.364865,-0.0763121,-0.0423126,-0.0567924,-0.0614109,194,250,08:30,fwd60,coil,3.75397e-11,9.24932e-11,0.00580708,True,True,True,True,True,True,False,False
444,0.0593929,6.78411,0.635135,0.0423126,0.0763121,0.0567924,0.0614109,194,250,08:30,fwd60,dist_sess_high_pct,3.75397e-11,9.24932e-11,0.00580708,True,True,True,True,True,True,False,False
444,-0.0554923,-6.39055,0.36036,-0.0720103,-0.0383223,-0.0557009,-0.0553305,194,250,08:30,fwd60,dist_high60,4.19219e-10,9.84253e-10,0.00580708,True,True,True,True,True,True,False,False
444,-0.179017,-21.6567,0.135135,-0.195223,-0.162959,-0.200199,-0.16258,194,250,08:30,fwd60,gain_now,1.8212e-71,1.82967e-70,0.00580708,True,True,True,True,True,True,True,True
444,-0.0521881,-5.92476,0.391892,-0.0693247,-0.034914,-0.0499938,-0.0538909,194,250,08:30,fwd60,pm_gain,6.28795e-09,1.37655e-08,0.00580708,True,True,True,True,True,True,True,True
444,-0.0544256,-6.08913,0.398649,-0.0718191,-0.0366871,-0.0518271,-0.0564421,194,250,08:30,fwd60,gap7,2.46367e-09,5.55291e-09,0.00580708,True,True,True,True,True,True,True,True
444,-0.031961,-3.08803,0.484234,-0.0525221,-0.0120204,-0.0156827,-0.0445929,194,250,08:30,fwd60,pressure30,0.00214148,0.0031574,0.00580708,True,True,True,True,True,True,True,True
444,-0.0605215,-7.63717,0.353604,-0.0759627,-0.045129,-0.0597412,-0.061127,194,250,08:30,fwd60,pressure30_nv,1.38106e-13,3.87414e-13,0.00580708,True,True,True,True,True,True,True,True
444,-0.0551344,-6.46463,0.380631,-0.0718938,-0.0382907,-0.0559101,-0.0545324,194,250,08:30,fwd60,pressure30_bc,2.6849e-10,6.38465e-10,0.00580708,True,True,True,True,True,True,True,True
444,-0.0547345,-6.75352,0.358108,-0.0706448,-0.0390037,-0.0647663,-0.0469498,194,250,08:30,fwd60,pressure30_t,4.54667e-11,1.11812e-10,0.00580708,True,True,True,True,True,True,True,True
444,-0.053693,-7.11575,0.358108,-0.0684827,-0.0389689,-0.049806,-0.0567093,194,250,08:30,fwd60,pressure10,4.50862e-12,1.17333e-11,0.00580708,True,True,True,True,True,True,True,True
444,-0.0152176,-1.69861,0.47973,-0.0329406,0.00258862,0.00659511,-0.0321443,194,250,08:30,fwd60,log_dvol,0.0900955,0.114245,0.00580708,True,False,False,True,False,False,True,False
444,0.009296,1.09992,0.506757,-0.00727563,0.0256007,0.0188719,0.0018651,194,250,08:30,fwd60,n_bars,0.271966,0.318112,0.00580708,True,False,False,True,False,False,False,False
444,0.00822922,1.02535,0.529279,-0.00764794,0.0240058,-0.000612834,0.0150906,194,250,08:30,fwd60,stale_min,0.305756,0.352544,0.00580708,True,False,False,True,False,False,True,False
444,0.0141936,1.62404,0.5,-0.00288485,0.0315172,0.0077509,0.0191932,194,250,08:30,fwd60,no_trade_share,0.105079,0.132088,0.00580708,True,False,False,True,True,False,True,False
444,0.0616041,6.13028,0.626126,0.0421805,0.0808758,0.0569213,0.0652379,194,250,08:30,fwd60,amihud,1.94233e-09,4.40852e-09,0.00580708,True,True,True,True,True,True,True,True
444,-0.07803,-7.54872,0.358108,-0.0987664,-0.0579032,-0.108866,-0.0541011,194,250,08:30,fwd60,corwin_schultz,2.52712e-13,7.01317e-13,0.00580708,True,True,True,True,True,True,True,True
444,-0.022916,-2.19876,0.466216,-0.0436455,-0.00240286,-0.034057,-0.0142706,194,250,08:30,fwd60,abdi_ranaldo,0.0284112,0.0385559,0.00580708,True,True,True,True,True,True,False,False
444,0.0124275,1.20552,0.538288,-0.00789314,0.0324236,0.015712,0.00987867,194,250,08:30,fwd60,roll,0.228645,0.271111,0.00580708,True,False,False,True,True,False,True,False
444,-0.0694921,-7.01117,0.369369,-0.0892627,-0.0498902,-0.0821996,-0.0596311,194,250,08:30,fwd60,bar_range,8.87008e-12,2.28541e-11,0.00580708,True,True,True,True,True,True,True,True
444,-0.0318884,-4.02696,0.434685,-0.0474134,-0.0162286,-0.0169055,-0.0435152,194,250,08:30,fwd60,log_price,6.64704e-05,0.000112315,0.00580708,True,True,True,True,True,True,True,True
444,-0.0703607,-8.71779,0.331081,-0.0862241,-0.054704,-0.104346,-0.0439879,194,250,08:30,fwd60,atr_pct,5.74176e-17,1.79309e-16,0.00580708,True,True,True,True,True,True,True,True
444,0.018894,2.13616,0.547297,0.00177374,0.0360857,0.0359971,0.00562211,194,250,08:30,fwd60,mins_since_cross,0.0332138,0.044514,0.00580708,True,True,True,True,False,False,False,False
444,-0.0600896,-7.61799,0.355856,-0.0753697,-0.0444571,-0.0666838,-0.0549725,194,250,08:30,fwd60,close_pos,1.5751e-13,4.40892e-13,0.00580708,True,True,True,True,True,True,False,False
444,-0.00494648,-0.570814,0.490991,-0.0218049,0.0119677,-0.0061516,-0.00401131,194,250,08:30,fwd60,ctl_tickerhash,0.568415,0.611341,0.00580708,True,False,False,False,True,False,False,False
444,-0.00580708,-0.693572,0.477477,-0.0219098,0.0106944,9.60346e-05,-0.0103879,194,250,08:30,fwd60,ctl_random,0.488314,0.534958,0.00580708,True,False,False,False,False,False,False,False
444,-0.0584054,-7.08869,0.367117,-0.0742397,-0.0421991,-0.0492299,-0.0655255,194,250,08:30,fwd60,c37_rank_score,5.37522e-12,1.39605e-11,0.00580708,True,True,True,True,True,True,True,True
444,-0.019749,-2.21857,0.463964,-0.037112,-0.00232438,0.00540814,-0.0392709,194,250,08:30,fwd_flat,coil,0.0270218,0.0368247,0.00746661,True,True,True,True,False,False,False,False
444,0.019749,2.21857,0.536036,0.00232438,0.037112,-0.00540814,0.0392709,194,250,08:30,fwd_flat,dist_sess_high_pct,0.0270218,0.0368247,0.00746661,True,True,True,True,False,False,False,False
444,0.0214261,2.48043,0.556306,0.00459805,0.0387055,0.0536115,-0.00354973,194,250,08:30,fwd_flat,dist_high60,0.0134929,0.0189047,0.00746661,True,True,True,True,False,True,True,False
444,-0.25293,-28.9033,0.103604,-0.270029,-0.235732,-0.28553,-0.227633,194,250,08:30,fwd_flat,gain_now,5.27277e-104,9.23447e-103,0.00746661,True,True,True,True,True,True,True,True
444,-0.102017,-11.5568,0.288288,-0.119332,-0.0852124,-0.113563,-0.0930568,194,250,08:30,fwd_flat,pm_gain,3.5016e-27,1.37517e-26,0.00746661,True,True,True,True,True,True,True,True
444,-0.11708,-13.3336,0.27027,-0.134129,-0.0999458,-0.127063,-0.109333,194,250,08:30,fwd_flat,gap7,2.45298e-34,1.11156e-33,0.00746661,True,True,True,True,True,True,True,True
444,-0.0366914,-3.45279,0.418919,-0.0574071,-0.0159094,-0.0447709,-0.0304217,194,250,08:30,fwd_flat,pressure30,0.000608131,0.000951858,0.00746661,True,True,True,True,True,True,True,True
444,-0.0502798,-6.26611,0.367117,-0.06622,-0.0345852,-0.0508047,-0.0498724,194,250,08:30,fwd_flat,pressure30_nv,8.78096e-10,2.04311e-09,0.00746661,True,True,True,True,True,True,True,True
444,-0.031131,-3.82101,0.407658,-0.0470975,-0.015021,-0.0207111,-0.0392169,194,250,08:30,fwd_flat,pressure30_bc,0.000151898,0.000251096,0.00746661,True,True,True,True,True,True,True,True
444,-0.0481825,-5.75931,0.387387,-0.064285,-0.0316538,-0.0521282,-0.0451207,194,250,08:30,fwd_flat,pressure30_t,1.58132e-08,3.40431e-08,0.00746661,True,True,True,True,True,True,True,True
444,-0.0380032,-4.962,0.421171,-0.0528201,-0.0229309,-0.0291661,-0.0448608,194,250,08:30,fwd_flat,pressure10,9.96635e-07,1.95112e-06,0.00746661,True,True,True,True,True,True,True,True
444,-0.16235,-19.5253,0.153153,-0.178418,-0.146147,-0.175845,-0.151879,194,250,08:30,fwd_flat,log_dvol,1.04164e-61,9.18342e-61,0.00746661,True,True,True,True,True,True,True,True
444,-0.102716,-12.591,0.27027,-0.118288,-0.0863772,-0.114849,-0.0933014,194,250,08:30,fwd_flat,n_bars,2.73968e-31,1.16414e-30,0.00746661,True,True,True,True,True,True,True,True
444,0.118147,16.4924,0.765766,0.103908,0.132099,0.125384,0.112532,194,250,08:30,fwd_flat,stale_min,5.45098e-48,3.53224e-47,0.00746661,True,True,True,True,True,True,True,True
444,0.142962,18.1128,0.801802,0.127545,0.158487,0.164781,0.12603,194,250,08:30,fwd_flat,no_trade_share,2.81578e-55,2.21166e-54,0.00746661,True,True,True,True,True,True,True,True
444,0.162724,16.0728,0.781532,0.143067,0.182107,0.18379,0.146377,194,250,08:30,fwd_flat,amihud,3.97589e-46,2.43055e-45,0.00746661,True,True,True,True,True,True,True,True
444,-0.15419,-15.3857,0.225225,-0.174055,-0.134553,-0.222014,-0.101559,194,250,08:30,fwd_flat,corwin_schultz,4.19632e-43,2.33409e-42,0.00746661,True,True,True,True,True,True,True,True
444,-0.0143618,-1.31415,0.459459,-0.0356268,0.00681753,-0.0401613,0.00565853,194,250,08:30,fwd_flat,abdi_ranaldo,0.189476,0.226951,0.00746661,True,False,False,True,False,False,False,False
444,0.0322688,3.22606,0.578829,0.0131152,0.0518789,0.040659,0.0257579,194,250,08:30,fwd_flat,roll,0.00134809,0.00203628,0.00746661,True,True,True,True,True,True,True,True
444,-0.158208,-17.734,0.20045,-0.175945,-0.140381,-0.191776,-0.132159,194,250,08:30,fwd_flat,bar_range,1.45852e-53,1.11191e-52,0.00746661,True,True,True,True,True,True,True,True
444,-0.077047,-8.98755,0.326577,-0.0935067,-0.0603856,-0.0596216,-0.0905691,194,250,08:30,fwd_flat,log_price,7.36029e-18,2.35529e-17,0.00746661,True,True,True,True,True,True,True,True
444,-0.0379017,-4.24222,0.40991,-0.0552403,-0.0204162,-0.0723709,-0.0111537,194,250,08:30,fwd_flat,atr_pct,2.69643e-05,4.73519e-05,0.00746661,True,True,True,True,False,True,True,False
444,-0.0213148,-2.51081,0.470721,-0.0378352,-0.00508009,-0.0105878,-0.0296389,194,250,08:30,fwd_flat,mins_since_cross,0.0124007,0.0174498,0.00746661,True,True,True,True,True,True,True,True
444,-0.0329918,-3.90402,0.468468,-0.0495245,-0.0164644,-0.0277488,-0.0370604,194,250,08:30,fwd_flat,close_pos,0.000109338,0.000181903,0.00746661,True,True,True,True,True,True,False,False
444,0.000773726,0.102514,0.497748,-0.0140237,0.0154423,-0.00579412,0.00587038,194,250,08:30,fwd_flat,ctl_tickerhash,0.918395,0.929875,0.00746661,True,False,False,False,False,False,False,False
444,-0.00746661,-0.953968,0.459459,-0.0225399,0.00788164,0.0159067,-0.0256043,194,250,08:30,fwd_flat,ctl_random,0.34062,0.38928,0.00746661,True,False,False,False,False,False,False,False
444,-0.08564,-10.564,0.34009,-0.101593,-0.069535,-0.0733646,-0.0951658,194,250,08:30,fwd_flat,c37_rank_score,2.04254e-23,7.43576e-23,0.00746661,True,True,True,True,True,True,True,True
444,-0.019463,-2.16219,0.457207,-0.0366171,-0.00196867,-0.0124741,-0.0248863,194,250,08:30,fwd60_nx,coil,0.0311384,0.0419059,0.00719483,True,True,True,True,True,False,False,False
444,0.019463,2.16219,0.542793,0.00196867,0.0366171,0.0124741,0.0248863,194,250,08:30,fwd60_nx,dist_sess_high_pct,0.0311384,0.0419059,0.00719483,True,True,True,True,True,False,False,False
444,-0.0146611,-1.67379,0.481982,-0.0317865,0.00264282,-0.00911298,-0.0189664,194,250,08:30,fwd60_nx,dist_high60,0.0948782,0.12008,0.00719483,True,False,False,True,True,False,False,False
444,-0.137235,-15.6532,0.231982,-0.154669,-0.120177,-0.164855,-0.115802,194,250,08:30,fwd60_nx,gain_now,2.82084e-44,1.6248e-43,0.00719483,True,True,True,True,True,True,True,True
444,-0.0577721,-6.25438,0.387387,-0.0758336,-0.0394336,-0.0629737,-0.0537357,194,250,08:30,fwd60_nx,pm_gain,9.40936e-10,2.17371e-09,0.00719483,True,True,True,True,True,True,True,True
444,-0.060631,-6.48736,0.380631,-0.0788267,-0.0422059,-0.0668494,-0.0558055,194,250,08:30,fwd60_nx,gap7,2.34003e-10,5.58505e-10,0.00719483,True,True,True,True,True,True,True,True
444,-0.0278238,-2.7889,0.470721,-0.0473206,-0.00841938,-0.0154346,-0.0374377,194,250,08:30,fwd60_nx,pressure30,0.00551654,0.00792621,0.00719483,True,True,True,True,True,True,True,True
444,-0.0430598,-5.52145,0.382883,-0.0581255,-0.0277633,-0.0403915,-0.0451305,194,250,08:30,fwd60_nx,pressure30_nv,5.73755e-08,1.20516e-07,0.00719483,True,True,True,True,True,True,True,True
444,-0.0326072,-3.7847,0.445946,-0.0492655,-0.0151204,-0.0294298,-0.0350729,194,250,08:30,fwd60_nx,pressure30_bc,0.000175068,0.000286837,0.00719483,True,True,True,True,True,True,True,True
444,-0.0329276,-4.15521,0.423423,-0.0484334,-0.0173611,-0.037271,-0.029557,194,250,08:30,fwd60_nx,pressure30_t,3.90136e-05,6.75056e-05,0.00719483,True,True,True,True,True,True,True,True
444,-0.0334263,-4.39615,0.421171,-0.0484659,-0.0185098,-0.029607,-0.0363901,194,250,08:30,fwd60_nx,pressure10,1.38103e-05,2.4824e-05,0.00719483,True,True,True,True,True,True,True,True
444,-0.024551,-2.69495,0.459459,-0.0427005,-0.00651386,-0.00973227,-0.0360503,194,250,08:30,fwd60_nx,log_dvol,0.0073076,0.0104417,0.00719483,True,True,True,True,False,True,True,False
444,-0.000993449,-0.112812,0.475225,-0.018163,0.0159963,0.003671,-0.00461306,194,250,08:30,fwd60_nx,n_bars,0.91023,0.923051,0.00719483,True,False,False,False,False,False,True,False
444,0.0141424,1.73901,0.547297,-0.00210484,0.0300973,0.00770649,0.0191367,194,250,08:30,fwd60_nx,stale_min,0.0827276,0.105423,0.00719483,True,False,False,True,True,False,True,False
444,0.0195137,2.17372,0.540541,0.002009,0.037165,0.0168767,0.0215601,194,250,08:30,fwd60_nx,no_trade_share,0.0302548,0.0408866,0.00719483,True,True,True,True,True,False,True,False
444,0.0609267,6.03776,0.623874,0.0415428,0.080389,0.0589352,0.0624722,194,250,08:30,fwd60_nx,amihud,3.30907e-09,7.36864e-09,0.00719483,True,True,True,True,True,True,True,True
444,-0.0678236,-6.57159,0.391892,-0.0883054,-0.0474607,-0.0974431,-0.0448389,194,250,08:30,fwd60_nx,corwin_schultz,1.40108e-10,3.38139e-10,0.00719483,True,True,True,True,True,True,True,True
444,-0.0149147,-1.4142,0.497748,-0.0357125,0.00574474,-0.0299271,-0.00326516,194,250,08:30,fwd60_nx,abdi_ranaldo,0.158006,0.192821,0.00719483,True,False,False,True,False,False,False,False
444,0.0165812,1.59078,0.533784,-0.00372967,0.0369853,0.0145675,0.0181438,194,250,08:30,fwd60_nx,roll,0.112371,0.140709,0.00719483,True,False,False,True,True,False,True,False
444,-0.059201,-5.97342,0.373874,-0.078903,-0.0399567,-0.0682622,-0.0521695,194,250,08:30,fwd60_nx,bar_range,4.77499e-09,1.05245e-08,0.00719483,True,True,True,True,True,True,True,True
444,-0.0368347,-4.56194,0.405405,-0.0527211,-0.0210722,-0.0259595,-0.0452738,194,250,08:30,fwd60_nx,log_price,6.57036e-06,1.20954e-05,0.00719483,True,True,True,True,True,True,True,True
444,-0.0573224,-6.97478,0.367117,-0.0733469,-0.0414469,-0.0870958,-0.0342183,194,250,08:30,fwd60_nx,atr_pct,1.12047e-11,2.84731e-11,0.00719483,True,True,True,True,True,True,True,True
444,0.00315523,0.350284,0.502252,-0.0142592,0.0207246,0.0126061,-0.00417869,194,250,08:30,fwd60_nx,mins_since_cross,0.726292,0.756044,0.00719483,True,False,False,False,False,False,False,False
444,-0.0113474,-1.40593,0.475225,-0.0269328,0.00438161,-0.0210032,-0.0038544,194,250,08:30,fwd60_nx,close_pos,0.160446,0.195247,0.00719483,True,False,False,True,False,False,False,False
444,-0.00719483,-0.838169,0.506757,-0.0242106,0.00939419,-0.0100434,-0.00498436,194,250,08:30,fwd60_nx,ctl_tickerhash,0.402388,0.453474,0.00719483,True,False,False,False,True,False,False,False
444,0.00131742,0.152717,0.484234,-0.0154125,0.018414,0.00610151,-0.00239504,194,250,08:30,fwd60_nx,ctl_random,0.878691,0.892849,0.00719483,True,False,False,False,False,False,False,False
444,-0.0262715,-3.17665,0.439189,-0.0423851,-0.010199,-0.0150692,-0.0349645,194,250,08:30,fwd60_nx,c37_rank_score,0.00159399,0.00239653,0.00719483,True,True,True,True,True,True,True,True
444,-0.000118915,-0.0132855,0.52027,-0.0174268,0.0174946,0.0272751,-0.0213767,194,250,08:30,fwd_flat_nx,coil,0.989406,0.990935,0.00680123,True,False,False,False,False,False,False,False
444,0.000118915,0.0132855,0.47973,-0.0174946,0.0174268,-0.0272751,0.0213767,194,250,08:30,fwd_flat_nx,dist_sess_high_pct,0.989406,0.990935,0.00680123,True,False,False,False,False,False,False,False
444,0.0428322,4.9053,0.599099,0.0259943,0.0600899,0.0766516,0.0165884,194,250,08:30,fwd_flat_nx,dist_high60,1.31244e-06,2.5463e-06,0.00680123,True,True,True,True,False,True,True,False
444,-0.229447,-25.5698,0.105856,-0.246956,-0.211987,-0.260813,-0.205106,194,250,08:30,fwd_flat_nx,gain_now,3.01369e-89,4.02654e-88,0.00680123,True,True,True,True,True,True,True,True
444,-0.105218,-11.6338,0.306306,-0.122875,-0.0879671,-0.118423,-0.0949714,194,250,08:30,fwd_flat_nx,pm_gain,1.75677e-27,6.93485e-27,0.00680123,True,True,True,True,True,True,True,True
444,-0.119538,-13.2435,0.279279,-0.137184,-0.101994,-0.131889,-0.109953,194,250,08:30,fwd_flat_nx,gap7,5.80272e-34,2.60219e-33,0.00680123,True,True,True,True,True,True,True,True
444,-0.036649,-3.47219,0.412162,-0.0571945,-0.015863,-0.0413693,-0.0329859,194,250,08:30,fwd_flat_nx,pressure30,0.000566908,0.000889483,0.00680123,True,True,True,True,True,True,True,True
444,-0.0399868,-4.97679,0.400901,-0.0554772,-0.0241255,-0.0374048,-0.0419904,194,250,08:30,fwd_flat_nx,pressure30_nv,9.27166e-07,1.81786e-06,0.00680123,True,True,True,True,True,True,True,True
444,-0.017291,-2.11167,0.468468,-0.0333029,-0.00100147,-0.0059163,-0.0261177,194,250,08:30,fwd_flat_nx,pressure30_bc,0.0352743,0.0470324,0.00680123,True,True,True,True,False,False,True,False
444,-0.03848,-4.55325,0.403153,-0.0546812,-0.0218951,-0.0362288,-0.0402269,194,250,08:30,fwd_flat_nx,pressure30_t,6.8352e-06,1.2552e-05,0.00680123,True,True,True,True,True,True,True,True
444,-0.0261531,-3.43042,0.457207,-0.0409381,-0.0112751,-0.0170494,-0.0332175,194,250,08:30,fwd_flat_nx,pressure10,0.000659115,0.0010267,0.00680123,True,True,True,True,True,True,True,True
444,-0.167105,-20.0539,0.155405,-0.18327,-0.151078,-0.183785,-0.154161,194,250,08:30,fwd_flat_nx,log_dvol,3.98442e-64,3.61106e-63,0.00680123,True,True,True,True,True,True,True,True
444,-0.107406,-13.0387,0.261261,-0.123157,-0.0909385,-0.12112,-0.0967648,194,250,08:30,fwd_flat_nx,n_bars,4.06517e-33,1.77989e-32,0.00680123,True,True,True,True,True,True,True,True
444,0.122387,17.4532,0.779279,0.108493,0.136017,0.12911,0.117169,194,250,08:30,fwd_flat_nx,stale_min,2.69673e-52,1.93092e-51,0.00680123,True,True,True,True,True,True,True,True
444,0.144494,18.2645,0.810811,0.129255,0.159887,0.167109,0.126945,194,250,08:30,fwd_flat_nx,no_trade_share,5.77567e-56,4.62053e-55,0.00680123,True,True,True,True,True,True,True,True
444,0.163025,15.8298,0.781532,0.143091,0.18277,0.187169,0.144289,194,250,08:30,fwd_flat_nx,amihud,4.70895e-45,2.774e-44,0.00680123,True,True,True,True,True,True,True,True
444,-0.14756,-14.5085,0.236486,-0.16769,-0.127884,-0.213107,-0.0966948,194,250,08:30,fwd_flat_nx,corwin_schultz,2.65709e-39,1.35043e-38,0.00680123,True,True,True,True,True,True,True,True
444,-0.0109063,-1.00111,0.477477,-0.0322427,0.0101343,-0.0354164,0.00811361,194,250,08:30,fwd_flat_nx,abdi_ranaldo,0.317322,0.36426,0.00680123,True,False,False,True,False,False,False,False
444,0.035357,3.52374,0.578829,0.0162724,0.0547682,0.0436049,0.0289566,194,250,08:30,fwd_flat_nx,roll,0.000469737,0.000743321,0.00680123,True,True,True,True,True,True,True,True
444,-0.152736,-16.8829,0.220721,-0.170416,-0.134729,-0.182199,-0.129872,194,250,08:30,fwd_flat_nx,bar_range,9.83384e-50,6.74321e-49,0.00680123,True,True,True,True,True,True,True,True
444,-0.0788598,-9.25238,0.34009,-0.095226,-0.0623999,-0.0585782,-0.0945983,194,250,08:30,fwd_flat_nx,log_price,9.40752e-19,3.09445e-18,0.00680123,True,True,True,True,True,True,True,True
444,-0.0310613,-3.54695,0.427928,-0.0479924,-0.0137833,-0.0619871,-0.00706288,194,250,08:30,fwd_flat_nx,atr_pct,0.000431281,0.000684138,0.00680123,True,True,True,True,False,True,True,False
444,-0.0275635,-3.27497,0.454955,-0.0440188,-0.011283,-0.0191029,-0.034129,194,250,08:30,fwd_flat_nx,mins_since_cross,0.00113964,0.00172948,0.00680123,True,True,True,True,True,True,True,True
444,-0.00897114,-1.05812,0.5,-0.0255731,0.0076161,-0.00524916,-0.0118594,194,250,08:30,fwd_flat_nx,close_pos,0.290577,0.33704,0.00680123,True,False,False,True,True,False,False,False
444,0.00244036,0.319688,0.504505,-0.0123586,0.0170832,-0.00718606,0.00991046,194,250,08:30,fwd_flat_nx,ctl_tickerhash,0.749355,0.775072,0.00680123,True,False,False,False,False,False,False,False
444,-0.00680123,-0.878102,0.463964,-0.022042,0.00850612,0.0177778,-0.0258745,194,250,08:30,fwd_flat_nx,ctl_random,0.380364,0.430902,0.00680123,True,False,False,False,False,False,False,False
444,-0.0709733,-8.85313,0.387387,-0.0867638,-0.0553144,-0.0560283,-0.0825706,194,250,08:30,fwd_flat_nx,c37_rank_score,2.05937e-17,6.49376e-17,0.00680123,True,True,True,True,True,True,True,True
444,0.015156,1.54406,0.529279,-0.00375364,0.0346357,0.0430775,-0.00651104,194,250,08:30,fwd_flat_nx5,coil,0.123288,0.153636,0.00867589,True,False,False,True,False,False,False,False
444,-0.015156,-1.54406,0.468468,-0.0346357,0.00375364,-0.0430775,0.00651104,194,250,08:30,fwd_flat_nx5,dist_sess_high_pct,0.123288,0.153636,0.00867589,True,False,False,True,False,False,False,False
444,0.0530649,5.4516,0.612613,0.034098,0.0726243,0.089066,0.0251281,194,250,08:30,fwd_flat_nx5,dist_high60,8.30678e-08,1.72249e-07,0.00867589,True,True,True,True,False,True,True,False
444,-0.239157,-23.7169,0.135135,-0.258786,-0.219282,-0.282232,-0.205731,194,250,08:30,fwd_flat_nx5,gain_now,7.17269e-81,8.01363e-80,0.00867589,True,True,True,True,True,True,True,True
444,-0.111173,-10.6998,0.326577,-0.131383,-0.0912934,-0.131063,-0.0957385,194,250,08:30,fwd_flat_nx5,pm_gain,6.40245e-24,2.35059e-23,0.00867589,True,True,True,True,True,True,True,True
444,-0.124529,-11.9495,0.308559,-0.145109,-0.104167,-0.14494,-0.10869,194,250,08:30,fwd_flat_nx5,gap7,1.01301e-28,4.14151e-28,0.00867589,True,True,True,True,True,True,True,True
444,-0.0375836,-3.40503,0.441441,-0.0589901,-0.016024,-0.0470285,-0.0302544,194,250,08:30,fwd_flat_nx5,pressure30,0.000721826,0.00112169,0.00867589,True,True,True,True,True,True,True,True
444,-0.0533188,-5.851,0.380631,-0.0708635,-0.0352794,-0.0609544,-0.0473935,194,250,08:30,fwd_flat_nx5,pressure30_nv,9.51028e-09,2.05422e-08,0.00867589,True,True,True,True,True,True,True,True
444,-0.0194969,-2.14057,0.457207,-0.0375823,-0.00164967,-0.0125897,-0.0248568,194,250,08:30,fwd_flat_nx5,pressure30_bc,0.0328544,0.044078,0.00867589,True,True,True,True,True,False,True,False
444,-0.0519683,-5.63397,0.387387,-0.0692594,-0.033818,-0.0594801,-0.0461391,194,250,08:30,fwd_flat_nx5,pressure30_t,3.13575e-08,6.67313e-08,0.00867589,True,True,True,True,True,True,True,True
444,-0.0321148,-3.65941,0.452703,-0.0491845,-0.0146033,-0.0336727,-0.0309058,194,250,08:30,fwd_flat_nx5,pressure10,0.000283256,0.00045773,0.00867589,True,True,True,True,True,True,True,True
444,-0.165201,-17.6948,0.195946,-0.183576,-0.147552,-0.192695,-0.143865,194,250,08:30,fwd_flat_nx5,log_dvol,2.19148e-53,1.64171e-52,0.00867589,True,True,True,True,True,True,True,True
444,-0.0895606,-9.79197,0.308559,-0.106802,-0.0718202,-0.0992967,-0.0820055,194,250,08:30,fwd_flat_nx5,n_bars,1.26303e-20,4.35342e-20,0.00867589,True,True,True,True,True,True,True,True
444,0.108728,13.461,0.745495,0.0927643,0.124608,0.112472,0.105822,194,250,08:30,fwd_flat_nx5,stale_min,7.23079e-35,3.33491e-34,0.00867589,True,True,True,True,True,True,True,True
444,0.142383,16.4872,0.786036,0.125761,0.159384,0.170489,0.120573,194,250,08:30,fwd_flat_nx5,no_trade_share,5.74762e-48,3.68758e-47,0.00867589,True,True,True,True,True,True,True,True
444,0.159069,15.0736,0.783784,0.138969,0.179208,0.185763,0.138354,194,250,08:30,fwd_flat_nx5,amihud,9.6282e-42,5.17765e-41,0.00867589,True,True,True,True,True,True,True,True
444,-0.14651,-13.9795,0.240991,-0.167198,-0.126411,-0.21425,-0.0939431,194,250,08:30,fwd_flat_nx5,corwin_schultz,4.78246e-37,2.30411e-36,0.00867589,True,True,True,True,True,True,True,True
444,-0.0148876,-1.35724,0.457207,-0.0362797,0.00632574,-0.0429248,0.00686921,194,250,08:30,fwd_flat_nx5,abdi_ranaldo,0.175397,0.211849,0.00867589,True,False,False,True,False,False,False,False
444,0.027501,2.59407,0.56982,0.0074888,0.0481263,0.0338761,0.022554,194,250,08:30,fwd_flat_nx5,roll,0.00979894,0.0139096,0.00867589,True,True,True,True,True,True,True,True
444,-0.148454,-14.9845,0.25,-0.168084,-0.128734,-0.179433,-0.124414,194,250,08:30,fwd_flat_nx5,bar_range,2.34775e-41,1.25213e-40,0.00867589,True,True,True,True,True,True,True,True
444,-0.0851646,-9.07001,0.328829,-0.103349,-0.0668694,-0.0828642,-0.0869496,194,250,08:30,fwd_flat_nx5,log_price,3.89551e-18,1.25586e-17,0.00867589,True,True,True,True,True,True,True,True
444,-0.076427,-7.79961,0.335586,-0.0956867,-0.0574844,-0.113798,-0.0474272,194,250,08:30,fwd_flat_nx5,atr_pct,4.49261e-14,1.28247e-13,0.00867589,True,True,True,True,True,True,True,True
444,-0.0224046,-2.31758,0.463964,-0.0414259,-0.00368969,-0.0100692,-0.0319768,194,250,08:30,fwd_flat_nx5,mins_since_cross,0.0209272,0.0287611,0.00867589,True,True,True,True,False,True,True,False
444,-0.0107088,-1.14314,0.497748,-0.0293293,0.00812543,-0.00498909,-0.0151473,194,250,08:30,fwd_flat_nx5,close_pos,0.253598,0.298365,0.00867589,True,False,False,True,False,False,False,False
444,0.00394352,0.462035,0.522523,-0.0129677,0.0205649,-0.00782409,0.0130752,194,250,08:30,fwd_flat_nx5,ctl_tickerhash,0.644283,0.681625,0.00867589,True,False,False,False,False,False,False,False
444,-0.00867589,-1.00845,0.468468,-0.025679,0.00835763,0.0165287,-0.0282347,194,250,08:30,fwd_flat_nx5,ctl_random,0.313787,0.360841,0.00867589,True,False,False,False,False,False,False,False
444,-0.0469644,-5.40468,0.423423,-0.0638674,-0.0299734,-0.0314685,-0.0589893,194,250,08:30,fwd_flat_nx5,c37_rank_score,1.0628e-07,2.18634e-07,0.00867589,True,True,True,True,True,True,True,True
444,-0.283042,-32.0628,0.0608108,-0.30026,-0.265427,-0.276803,-0.287884,194,250,08:30,peak60,coil,1.60895e-117,3.59518e-116,0.01152,False,True,True,True,True,True,False,False
444,0.283042,32.0628,0.939189,0.265427,0.30026,0.276803,0.287884,194,250,08:30,peak60,dist_sess_high_pct,1.60895e-117,3.59518e-116,0.01152,False,True,True,True,True,True,False,False
444,-0.303664,-35.993,0.0540541,-0.320336,-0.286996,-0.315068,-0.294813,194,250,08:30,peak60,dist_high60,1.32433e-133,3.90077e-132,0.01152,False,True,True,True,True,True,False,False
444,0.0358144,4.44042,0.567568,0.0202163,0.0516095,0.0383496,0.033847,194,250,08:30,peak60,gain_now,1.13506e-05,2.05452e-05,0.01152,False,True,True,True,True,True,False,False
444,-0.00442867,-0.479894,0.477477,-0.0227589,0.0135414,-0.00446536,-0.0044002,194,250,08:30,peak60,pm_gain,0.63154,0.669784,0.01152,False,False,False,False,True,False,True,False
444,0.00511213,0.579864,0.497748,-0.0121214,0.0225048,0.0086542,0.00236349,194,250,08:30,peak60,gap7,0.562301,0.605771,0.01152,False,False,False,False,False,False,False,False
444,-0.0442432,-4.13931,0.43018,-0.0658296,-0.0236918,-0.0182908,-0.0643823,194,250,08:30,peak60,pressure30,4.17106e-05,7.19799e-05,0.01152,False,True,True,True,False,True,True,False
444,-0.0587257,-7.26515,0.362613,-0.0743076,-0.0433502,-0.0473733,-0.0675352,194,250,08:30,peak60,pressure30_nv,1.69236e-12,4.541e-12,0.01152,False,True,True,True,True,True,True,False
444,-0.0632744,-7.56651,0.36036,-0.079398,-0.0467377,-0.0506516,-0.0730696,194,250,08:30,peak60,pressure30_bc,2.23879e-13,6.23972e-13,0.01152,False,True,True,True,True,True,True,False
444,-0.0521147,-6.48351,0.387387,-0.0678935,-0.036382,-0.0517874,-0.0523687,194,250,08:30,peak60,pressure30_t,2.3952e-10,5.70622e-10,0.01152,False,True,True,True,True,True,True,False
444,-0.042989,-5.68473,0.421171,-0.0581818,-0.0283038,-0.0401699,-0.0451767,194,250,08:30,peak60,pressure10,2.38001e-08,5.08153e-08,0.01152,False,True,True,True,True,True,True,False
444,0.178787,19.5127,0.822072,0.161115,0.1968,0.205054,0.158404,194,250,08:30,peak60,log_dvol,1.18955e-61,1.04166e-60,0.01152,False,True,True,True,True,True,False,False
444,0.182023,21.8997,0.837838,0.165568,0.198451,0.19083,0.175188,194,250,08:30,peak60,n_bars,1.4061e-72,1.45785e-71,0.01152,False,True,True,True,True,True,False,False
444,-0.209941,-25.3431,0.0923423,-0.22601,-0.19356,-0.226342,-0.197213,194,250,08:30,peak60,stale_min,3.15003e-88,4.12368e-87,0.01152,False,True,True,True,True,True,False,False
444,-0.227176,-26.93,0.112613,-0.243645,-0.210552,-0.237954,-0.218812,194,250,08:30,peak60,no_trade_share,2.52902e-95,3.68271e-94,0.01152,False,True,True,True,True,True,False,False
444,0.016894,1.65836,0.531532,-0.00336918,0.036537,-0.00730083,0.0356692,194,250,08:30,peak60,amihud,0.0979524,0.123609,0.01152,False,False,False,True,False,False,True,False
444,0.275976,29.2669,0.907658,0.257483,0.293951,0.267881,0.282259,194,250,08:30,peak60,corwin_schultz,1.38624e-105,2.53037e-104,0.01152,False,True,True,True,True,True,False,False
444,0.108164,11.1804,0.727477,0.0890539,0.127055,0.089996,0.122263,194,250,08:30,peak60,abdi_ranaldo,9.86373e-26,3.77091e-25,0.01152,False,True,True,True,True,True,False,False
444,0.0780257,7.68709,0.662162,0.058247,0.0973684,0.0562223,0.0949451,194,250,08:30,peak60,roll,9.79823e-14,2.76055e-13,0.01152,False,True,True,True,True,True,True,False
444,0.265653,29.7333,0.907658,0.247985,0.28261,0.25335,0.275199,194,250,08:30,peak60,bar_range,1.32914e-107,2.60995e-106,0.01152,False,True,True,True,True,True,False,False
444,-0.0915125,-10.3923,0.297297,-0.108717,-0.0743378,-0.0376983,-0.133272,194,250,08:30,peak60,log_price,8.74826e-23,3.15815e-22,0.01152,False,True,True,True,False,True,True,False
444,0.150817,18.8038,0.835586,0.135015,0.166526,0.124889,0.170938,194,250,08:30,peak60,atr_pct,2.03962e-58,1.69445e-57,0.01152,False,True,True,True,True,True,False,False
444,0.041729,4.83406,0.587838,0.0248669,0.0586707,0.0541956,0.032055,194,250,08:30,peak60,mins_since_cross,1.84784e-06,3.56369e-06,0.01152,False,True,True,True,True,True,False,False
444,-0.0591374,-7.64252,0.371622,-0.0740299,-0.0440127,-0.0528568,-0.0640111,194,250,08:30,peak60,close_pos,1.3313e-13,3.74265e-13,0.01152,False,True,True,True,True,True,False,False
444,-0.00792943,-0.96491,0.457207,-0.02378,0.00776381,-0.00497526,-0.0102219,194,250,08:30,peak60,ctl_tickerhash,0.335117,0.383328,0.01152,False,False,False,False,True,False,False,False
444,-0.01152,-1.45259,0.448198,-0.027146,0.00407902,-0.00308154,-0.0180683,194,250,08:30,peak60,ctl_random,0.147047,0.180466,0.01152,False,False,False,False,False,False,False,False
444,-0.138416,-16.5226,0.225225,-0.154759,-0.121465,-0.131071,-0.144115,194,250,08:30,peak60,c37_rank_score,4.00038e-48,2.60527e-47,0.01152,False,True,True,True,True,True,True,False
444,-0.307449,-34.5091,0.0585586,-0.324696,-0.289791,-0.287294,-0.323089,194,250,08:30,peak_flat,coil,1.25085e-127,3.24219e-126,0.00417178,False,True,True,True,True,True,False,False
444,0.307449,34.5091,0.941441,0.289791,0.324696,0.287294,0.323089,194,250,08:30,peak_flat,dist_sess_high_pct,1.25085e-127,3.24219e-126,0.00417178,False,True,True,True,True,True,False,False
444,-0.273031,-32.2479,0.0653153,-0.289163,-0.256569,-0.25965,-0.283414,194,250,08:30,peak_flat,dist_high60,2.69559e-118,6.35178e-117,0.00417178,False,True,True,True,True,True,False,False
444,-0.0939248,-11.6927,0.279279,-0.109687,-0.0783158,-0.11214,-0.07979,194,250,08:30,peak_flat,gain_now,1.03473e-27,4.12618e-27,0.00417178,False,True,True,True,True,True,True,False
444,-0.0683671,-8.14286,0.353604,-0.0850869,-0.0517046,-0.0792368,-0.0599323,194,250,08:30,peak_flat,pm_gain,3.95836e-15,1.15802e-14,0.00417178,False,True,True,True,True,True,True,False
444,-0.0674287,-8.00566,0.364865,-0.0837864,-0.0508978,-0.0706781,-0.0649071,194,250,08:30,peak_flat,gap7,1.05465e-14,3.05778e-14,0.00417178,False,True,True,True,True,True,True,False
444,-0.0918036,-8.81791,0.344595,-0.112228,-0.0715462,-0.0861848,-0.0961637,194,250,08:30,peak_flat,pressure30,2.692e-17,8.44755e-17,0.00417178,False,True,True,True,True,True,True,False
444,-0.0879744,-11.15,0.277027,-0.103347,-0.0726636,-0.0737331,-0.0990257,194,250,08:30,peak_flat,pressure30_nv,1.28746e-25,4.9075e-25,0.00417178,False,True,True,True,True,True,True,False
444,-0.0657052,-8.15515,0.367117,-0.0814057,-0.0500136,-0.040433,-0.0853163,194,250,08:30,peak_flat,pressure30_bc,3.62347e-15,1.06245e-14,0.00417178,False,True,True,True,True,True,True,False
444,-0.0761151,-9.31748,0.326577,-0.0920349,-0.0604797,-0.0795504,-0.0734494,194,250,08:30,peak_flat,pressure30_t,5.63942e-19,1.87884e-18,0.00417178,False,True,True,True,True,True,True,False
444,-0.0529397,-6.9906,0.378378,-0.0676308,-0.0384088,-0.0465612,-0.0578894,194,250,08:30,peak_flat,pressure10,1.01239e-11,2.58278e-11,0.00417178,False,True,True,True,True,True,True,False
444,-0.0029645,-0.356116,0.481982,-0.019763,0.0130378,0.0152666,-0.0171119,194,250,08:30,peak_flat,log_dvol,0.721923,0.752705,0.00417178,False,False,False,False,False,False,True,False
444,0.0853119,10.8754,0.702703,0.0701126,0.100604,0.0947772,0.0779668,194,250,08:30,peak_flat,n_bars,1.40948e-24,5.24911e-24,0.00417178,False,True,True,True,True,True,False,False
444,-0.0723015,-9.61948,0.322072,-0.0872486,-0.057663,-0.0804808,-0.0659544,194,250,08:30,peak_flat,stale_min,5.09566e-20,1.73333e-19,0.00417178,False,True,True,True,True,True,False,False
444,-0.0861817,-11.1995,0.286036,-0.101194,-0.0708916,-0.0912767,-0.0822281,194,250,08:30,peak_flat,no_trade_share,8.33462e-26,3.19576e-25,0.00417178,False,True,True,True,True,True,False,False
444,0.168036,16.1929,0.797297,0.147655,0.188591,0.148744,0.183007,194,250,08:30,peak_flat,amihud,1.16789e-46,7.24205e-46,0.00417178,False,True,True,True,True,True,True,False
444,0.200823,20.4773,0.826577,0.181278,0.219477,0.164149,0.229282,194,250,08:30,peak_flat,corwin_schultz,4.59007e-66,4.27967e-65,0.00417178,False,True,True,True,True,True,False,False
444,0.14546,14.3212,0.745495,0.125056,0.165087,0.111829,0.171558,194,250,08:30,peak_flat,abdi_ranaldo,1.68438e-38,8.33192e-38,0.00417178,False,True,True,True,True,True,False,False
444,0.13271,14.075,0.759009,0.113966,0.151006,0.12303,0.140222,194,250,08:30,peak_flat,roll,1.88283e-37,9.13915e-37,0.00417178,False,True,True,True,True,True,True,False
444,0.15404,17.6158,0.797297,0.136748,0.171105,0.137732,0.166696,194,250,08:30,peak_flat,bar_range,4.98274e-53,3.62788e-52,0.00417178,False,True,True,True,True,True,False,False
444,-0.144005,-15.3086,0.222973,-0.162416,-0.125367,-0.0782757,-0.19501,194,250,08:30,peak_flat,log_price,9.11697e-43,5.02791e-42,0.00417178,False,True,True,True,True,True,True,False
444,0.203215,23.779,0.867117,0.186101,0.219918,0.166818,0.231458,194,250,08:30,peak_flat,atr_pct,3.74243e-81,4.25455e-80,0.00417178,False,True,True,True,True,True,False,False
444,0.0400901,4.72711,0.574324,0.0233261,0.0567287,0.0518781,0.0309425,194,250,08:30,peak_flat,mins_since_cross,3.06441e-06,5.74744e-06,0.00417178,False,True,True,True,True,True,False,False
444,-0.0332481,-4.16718,0.421171,-0.0486958,-0.0175743,-0.0389558,-0.0288189,194,250,08:30,peak_flat,close_pos,3.70952e-05,6.42718e-05,0.00417178,False,True,True,True,True,True,False,False
444,-0.00417178,-0.535728,0.472973,-0.0192435,0.0110336,0.00381372,-0.0103685,194,250,08:30,peak_flat,ctl_tickerhash,0.592415,0.634521,0.00417178,False,False,False,False,False,False,False,False
444,-0.00138002,-0.165711,0.513514,-0.0176863,0.0148322,0.0218407,-0.0193993,194,250,08:30,peak_flat,ctl_random,0.86846,0.883457,0.00417178,False,False,False,False,False,False,False,False
444,-0.239068,-28.5172,0.0878378,-0.25586,-0.222401,-0.226381,-0.248914,194,250,08:30,peak_flat,c37_rank_score,2.55292e-102,4.24177e-101,0.00417178,False,True,True,True,True,True,True,False
444,-0.0440159,-6.1769,0.380631,-0.058045,-0.0301075,-0.0391729,-0.0477742,194,250,09:35,fwd30,coil,1.48136e-09,3.38001e-09,0.0110079,True,True,True,True,True,True,True,True
444,0.0440159,6.1769,0.619369,0.0301075,0.058045,0.0391729,0.0477742,194,250,09:35,fwd30,dist_sess_high_pct,1.48136e-09,3.38001e-09,0.0110079,True,True,True,True,True,True,True,True
444,-0.00723938,-1.01055,0.457207,-0.0212568,0.0068637,-0.0108119,-0.0044671,194,250,09:35,fwd30,dist_high60,0.312783,0.360006,0.0110079,True,False,False,False,True,False,False,False
444,-0.163628,-24.4735,0.0990991,-0.176492,-0.150112,-0.184102,-0.14774,194,250,09:35,fwd30,gain_now,2.6484e-84,3.14892e-83,0.0110079,True,True,True,True,True,True,True,True
444,-0.0349725,-4.71212,0.412162,-0.0491817,-0.0204091,-0.0322597,-0.0370777,194,250,09:35,fwd30,pm_gain,3.28719e-06,6.14747e-06,0.0110079,True,True,True,True,True,True,True,True
444,-0.0393328,-5.34043,0.403153,-0.0533643,-0.0249355,-0.0376407,-0.0406458,194,250,09:35,fwd30,gap7,1.48509e-07,3.03099e-07,0.0110079,True,True,True,True,True,True,True,True
444,-0.0302734,-3.6305,0.436937,-0.0465368,-0.0140841,-0.0557267,-0.0105217,194,250,09:35,fwd30,pressure30,0.000315908,0.000507961,0.0110079,True,True,True,True,False,True,True,False
444,-0.0355539,-5.13385,0.40991,-0.0490879,-0.0224006,-0.0483215,-0.0256461,194,250,09:35,fwd30,pressure30_nv,4.25873e-07,8.50434e-07,0.0110079,True,True,True,True,True,True,True,True
444,-0.0365945,-5.97554,0.407658,-0.0487159,-0.0245721,-0.0401746,-0.0338164,194,250,09:35,fwd30,pressure30_bc,4.71777e-09,1.04161e-08,0.0110079,True,True,True,True,True,True,True,True
444,-0.0356367,-5.26595,0.407658,-0.0487386,-0.022507,-0.0503193,-0.024243,194,250,09:35,fwd30,pressure30_t,2.17981e-07,4.42102e-07,0.0110079,True,True,True,True,True,True,True,True
444,-0.0319663,-4.64557,0.425676,-0.0454733,-0.0188998,-0.0459459,-0.0211182,194,250,09:35,fwd30,pressure10,4.47823e-06,8.31488e-06,0.0110079,True,True,True,True,True,True,True,True
444,-0.0651084,-9.78931,0.324324,-0.0780318,-0.0519776,-0.0655781,-0.0647438,194,250,09:35,fwd30,log_dvol,1.29068e-20,4.43694e-20,0.0110079,True,True,True,True,True,True,True,True
444,-0.0270039,-3.87012,0.43018,-0.0402192,-0.0134555,-0.0363274,-0.0197688,194,250,09:35,fwd30,n_bars,0.00012514,0.000207393,0.0110079,True,True,True,True,True,True,True,True
444,0.0150559,2.61999,0.547297,0.00393476,0.0262451,0.00306818,0.0243584,194,250,09:35,fwd30,stale_min,0.00909524,0.012939,0.0110079,True,True,True,True,False,False,True,False
444,0.0558499,8.47347,0.668919,0.0429039,0.0685319,0.0608834,0.051944,194,250,09:35,fwd30,no_trade_share,3.55602e-16,1.09209e-15,0.0110079,True,True,True,True,True,True,True,True
444,0.104372,13.1391,0.722973,0.0887849,0.119779,0.107689,0.101798,194,250,09:35,fwd30,amihud,1.56852e-33,6.9379e-33,0.0110079,True,True,True,True,True,True,True,True
444,-0.119379,-14.9382,0.236486,-0.135194,-0.103223,-0.15021,-0.0954536,194,250,09:35,fwd30,corwin_schultz,3.72588e-41,1.97091e-40,0.0110079,True,True,True,True,True,True,True,True
444,0.0110508,1.36142,0.524775,-0.00462795,0.0270599,0.0164547,0.00685738,194,250,09:35,fwd30,abdi_ranaldo,0.174072,0.210838,0.0110079,True,False,False,True,True,False,True,False
444,0.0262702,3.30965,0.565315,0.0108244,0.0419119,0.033092,0.0209764,194,250,09:35,fwd30,roll,0.00101041,0.0015424,0.0110079,True,True,True,True,True,True,True,True
444,-0.127538,-17.6056,0.213964,-0.141769,-0.113413,-0.142048,-0.116278,194,250,09:35,fwd30,bar_range,5.54388e-53,4.01389e-52,0.0110079,True,True,True,True,True,True,True,True
444,-0.0431254,-6.50957,0.387387,-0.056306,-0.0298717,-0.0396169,-0.045848,194,250,09:35,fwd30,log_price,2.04495e-10,4.88976e-10,0.0110079,True,True,True,True,True,True,True,True
444,-0.0967357,-13.767,0.256757,-0.110484,-0.0830392,-0.113553,-0.0836853,194,250,09:35,fwd30,atr_pct,3.77441e-36,1.77233e-35,0.0110079,True,True,True,True,True,True,True,True
444,0.0265424,3.93652,0.563063,0.0135721,0.039711,0.0299589,0.0238912,194,250,09:35,fwd30,mins_since_cross,9.59815e-05,0.000159887,0.0110079,True,True,True,True,True,True,True,True
444,-0.04453,-6.87533,0.380631,-0.0572037,-0.0314429,-0.0625405,-0.0305538,194,250,09:35,fwd30,close_pos,2.11194e-11,5.30441e-11,0.0110079,True,True,True,True,True,True,True,True
444,-0.00296426,-0.490931,0.493243,-0.0148022,0.00893183,-0.00437389,-0.00187038,194,250,09:35,fwd30,ctl_tickerhash,0.623718,0.663116,0.0110079,True,False,False,False,True,False,False,False
444,-0.0110079,-1.75239,0.470721,-0.0232128,0.00143923,-0.00547278,-0.0153032,194,250,09:35,fwd30,ctl_random,0.0803987,0.102657,0.0110079,True,False,False,False,True,False,False,False
444,-0.0633597,-8.82565,0.31982,-0.0775731,-0.0493021,-0.0699049,-0.0582805,194,250,09:35,fwd30,c37_rank_score,2.53831e-17,7.98459e-17,0.0110079,True,True,True,True,True,True,True,True
444,-0.0592243,-8.31817,0.313063,-0.0728866,-0.0454102,-0.0569065,-0.0610229,194,250,09:35,fwd60,coil,1.1123e-15,3.34463e-15,0.0160679,True,True,True,True,True,True,True,True
444,0.0592243,8.31817,0.686937,0.0454102,0.0728866,0.0569065,0.0610229,194,250,09:35,fwd60,dist_sess_high_pct,1.1123e-15,3.34463e-15,0.0160679,True,True,True,True,True,True,True,True
444,-0.00323615,-0.464451,0.470721,-0.016927,0.0101625,-0.0102451,0.00220283,194,250,09:35,fwd60,dist_high60,0.642553,0.680906,0.0160679,True,False,False,False,False,False,False,False
444,-0.19105,-28.3587,0.0833333,-0.204461,-0.177739,-0.215787,-0.171854,194,250,09:35,fwd60,gain_now,1.26024e-101,2.06743e-100,0.0160679,True,True,True,True,True,True,True,True
444,-0.0380172,-5.0151,0.416667,-0.0528396,-0.0236042,-0.0304422,-0.0438954,194,250,09:35,fwd60,pm_gain,7.68301e-07,1.50866e-06,0.0160679,True,True,True,True,True,True,True,True
444,-0.0437759,-5.75296,0.385135,-0.0585648,-0.0291688,-0.0371748,-0.0488983,194,250,09:35,fwd60,gap7,1.63761e-08,3.51963e-08,0.0160679,True,True,True,True,True,True,True,True
444,-0.0377722,-4.57414,0.405405,-0.0535405,-0.0218093,-0.060474,-0.0201557,194,250,09:35,fwd60,pressure30,6.21539e-06,1.14583e-05,0.0160679,True,True,True,True,False,True,True,False
444,-0.0468811,-6.95859,0.351351,-0.0599799,-0.0338426,-0.0617666,-0.0353299,194,250,09:35,fwd60,pressure30_nv,1.2429e-11,3.15225e-11,0.0160679,True,True,True,True,True,True,True,True
444,-0.0449464,-7.14724,0.362613,-0.057267,-0.0327527,-0.0552837,-0.0369246,194,250,09:35,fwd60,pressure30_bc,3.6721e-12,9.61423e-12,0.0160679,True,True,True,True,True,True,True,True
444,-0.0481396,-7.38968,0.382883,-0.0606146,-0.0354678,-0.0657899,-0.0344429,194,250,09:35,fwd60,pressure30_t,7.39109e-13,2.0166e-12,0.0160679,True,True,True,True,True,True,True,True
444,-0.0441102,-6.56777,0.367117,-0.0571041,-0.0310193,-0.062085,-0.0301618,194,250,09:35,fwd60,pressure10,1.43423e-10,3.45494e-10,0.0160679,True,True,True,True,True,True,True,True
444,-0.0828324,-11.9368,0.283784,-0.0960652,-0.0695426,-0.0809218,-0.084315,194,250,09:35,fwd60,log_dvol,1.13722e-28,4.6347e-28,0.0160679,True,True,True,True,True,True,True,True
444,-0.0294596,-4.08694,0.416667,-0.0433034,-0.0153394,-0.0313644,-0.0279815,194,250,09:35,fwd60,n_bars,5.18985e-05,8.92049e-05,0.0160679,True,True,True,True,True,True,True,True
444,0.0187977,3.08095,0.515766,0.00673126,0.0309767,0.00232623,0.0315795,194,250,09:35,fwd60,stale_min,0.00219198,0.00322819,0.0160679,True,True,True,True,False,False,True,False
444,0.0672543,10.1188,0.684685,0.0542556,0.0802035,0.065865,0.0683323,194,250,09:35,fwd60,no_trade_share,8.61544e-22,3.05071e-21,0.0160679,True,True,True,True,True,True,True,True
444,0.136331,16.8782,0.804054,0.120378,0.151963,0.143255,0.130958,194,250,09:35,fwd60,amihud,1.03206e-49,7.03973e-49,0.0160679,True,True,True,True,True,True,True,True
444,-0.135622,-16.4466,0.222973,-0.15154,-0.119339,-0.170451,-0.108594,194,250,09:35,fwd60,corwin_schultz,8.72034e-48,5.45969e-47,0.0160679,True,True,True,True,True,True,True,True
444,0.0281573,3.31675,0.547297,0.0112234,0.0447042,0.0248593,0.0307165,194,250,09:35,fwd60,abdi_ranaldo,0.00098572,0.00150648,0.0160679,True,True,True,True,True,True,True,True
444,0.0398567,4.82255,0.581081,0.0237003,0.0562654,0.042655,0.0376851,194,250,09:35,fwd60,roll,1.9521e-06,3.74803e-06,0.0160679,True,True,True,True,True,True,True,True
444,-0.15371,-20.6638,0.18018,-0.168208,-0.139087,-0.1633,-0.146269,194,250,09:35,fwd60,bar_range,6.42323e-67,6.07628e-66,0.0160679,True,True,True,True,True,True,True,True
444,-0.0522131,-7.93743,0.371622,-0.064885,-0.0395691,-0.0504284,-0.0535981,194,250,09:35,fwd60,log_price,1.70933e-14,4.93384e-14,0.0160679,True,True,True,True,True,True,True,True
444,-0.112459,-15.8904,0.227477,-0.126264,-0.0985827,-0.131332,-0.0978144,194,250,09:35,fwd60,atr_pct,2.54426e-45,1.51952e-44,0.0160679,True,True,True,True,True,True,True,True
444,0.0352953,5.10021,0.592342,0.0220757,0.0488333,0.0415435,0.0304467,194,250,09:35,fwd60,mins_since_cross,5.03925e-07,1.00013e-06,0.0160679,True,True,True,True,True,True,True,True
444,-0.0456664,-7.01059,0.337838,-0.0581324,-0.0328901,-0.0642544,-0.0312421,194,250,09:35,fwd60,close_pos,8.90326e-12,2.28941e-11,0.0160679,True,True,True,True,True,True,True,True
444,-0.00371747,-0.657973,0.493243,-0.0147291,0.00750587,0.00280027,-0.00877524,194,250,09:35,fwd60,ctl_tickerhash,0.510897,0.555007,0.0160679,True,False,False,False,False,False,False,False
444,-0.0160679,-2.56467,0.45045,-0.028411,-0.00374389,-0.0127816,-0.018618,194,250,09:35,fwd60,ctl_random,0.0106558,0.0150763,0.0160679,True,True,True,False,True,False,False,False
444,-0.0805442,-11.4581,0.292793,-0.0941853,-0.0670329,-0.0862464,-0.0761192,194,250,09:35,fwd60,c37_rank_score,8.44854e-27,3.28808e-26,0.0160679,True,True,True,True,True,True,True,True
444,-0.0646118,-9.22471,0.353604,-0.078558,-0.0508855,-0.07557,-0.0561082,194,250,09:35,fwd_flat,coil,1.16846e-18,3.81442e-18,0.0146765,True,True,True,True,True,True,True,True
444,0.0646118,9.22471,0.646396,0.0508855,0.078558,0.07557,0.0561082,194,250,09:35,fwd_flat,dist_sess_high_pct,1.16846e-18,3.81442e-18,0.0146765,True,True,True,True,True,True,True,True
444,0.0110562,1.5383,0.536036,-0.00293969,0.0248138,0.00541776,0.0154317,194,250,09:35,fwd_flat,dist_high60,0.124689,0.154786,0.0146765,True,False,False,False,True,False,True,False
444,-0.20164,-29.4565,0.0968468,-0.215107,-0.188454,-0.228939,-0.180455,194,250,09:35,fwd_flat,gain_now,2.0906e-106,3.8706e-105,0.0146765,True,True,True,True,True,True,True,True
444,-0.0197457,-2.54324,0.43018,-0.0347738,-0.00495833,-0.0154701,-0.0230635,194,250,09:35,fwd_flat,pm_gain,0.0113221,0.0159842,0.0146765,True,True,True,True,True,False,True,False
444,-0.0290542,-3.72016,0.414414,-0.0441328,-0.014196,-0.0295325,-0.028683,194,250,09:35,fwd_flat,gap7,0.000224688,0.000364907,0.0146765,True,True,True,True,True,True,True,True
444,-0.034156,-4.40169,0.403153,-0.0493571,-0.0191758,-0.0547255,-0.0181941,194,250,09:35,fwd_flat,pressure30,1.34765e-05,2.42695e-05,0.0146765,True,True,True,True,False,True,True,False
444,-0.0475124,-7.43303,0.337838,-0.0599177,-0.0352888,-0.0609753,-0.0370652,194,250,09:35,fwd_flat,pressure30_nv,5.52595e-13,1.51729e-12,0.0146765,True,True,True,True,True,True,True,True
444,-0.042546,-6.59454,0.364865,-0.0554531,-0.029937,-0.0493025,-0.037303,194,250,09:35,fwd_flat,pressure30_bc,1.21724e-10,2.94318e-10,0.0146765,True,True,True,True,True,True,True,True
444,-0.0483036,-7.55204,0.353604,-0.060835,-0.0360538,-0.0621534,-0.0375562,194,250,09:35,fwd_flat,pressure30_t,2.47064e-13,6.87114e-13,0.0146765,True,True,True,True,True,True,True,True
444,-0.0449511,-7.14156,0.355856,-0.057163,-0.0328412,-0.057338,-0.0353388,194,250,09:35,fwd_flat,pressure10,3.81058e-12,9.95668e-12,0.0146765,True,True,True,True,True,True,True,True
444,-0.115621,-17.2315,0.207207,-0.128543,-0.102626,-0.119122,-0.112904,194,250,09:35,fwd_flat,log_dvol,2.6823e-51,1.87906e-50,0.0146765,True,True,True,True,True,True,True,True
444,-0.0478818,-6.89762,0.385135,-0.0613931,-0.0343731,-0.0448854,-0.050207,194,250,09:35,fwd_flat,n_bars,1.8333e-11,4.62249e-11,0.0146765,True,True,True,True,True,True,True,True
444,0.0407514,6.38792,0.599099,0.0281683,0.0532923,0.0269325,0.0514749,194,250,09:35,fwd_flat,stale_min,4.25895e-10,9.98118e-10,0.0146765,True,True,True,True,True,True,True,True
444,0.096192,14.3208,0.75,0.0829914,0.109317,0.0940109,0.0978846,194,250,09:35,fwd_flat,no_trade_share,1.6914e-38,8.33483e-38,0.0146765,True,True,True,True,True,True,True,True
444,0.14814,18.2605,0.804054,0.132389,0.163791,0.170326,0.130923,194,250,09:35,fwd_flat,amihud,6.01724e-56,4.78426e-55,0.0146765,True,True,True,True,True,True,True,True
444,-0.161846,-19.9416,0.186937,-0.177977,-0.145975,-0.182636,-0.145713,194,250,09:35,fwd_flat,corwin_schultz,1.30082e-63,1.17074e-62,0.0146765,True,True,True,True,True,True,True,True
444,0.0291737,3.79124,0.558559,0.014096,0.0439396,0.0314573,0.0274017,194,250,09:35,fwd_flat,abdi_ranaldo,0.000170661,0.00027997,0.0146765,True,True,True,True,True,True,True,True
444,0.0451998,5.91356,0.599099,0.0303248,0.0597497,0.0487841,0.0424183,194,250,09:35,fwd_flat,roll,6.69727e-09,1.46369e-08,0.0146765,True,True,True,True,True,True,True,True
444,-0.182619,-24.9346,0.114865,-0.197205,-0.168146,-0.186113,-0.179908,194,250,09:35,fwd_flat,bar_range,2.18385e-86,2.77478e-85,0.0146765,True,True,True,True,True,True,True,True
444,-0.0535525,-7.61733,0.355856,-0.067127,-0.0400202,-0.0500041,-0.0563061,194,250,09:35,fwd_flat,log_price,1.5823e-13,4.41954e-13,0.0146765,True,True,True,True,True,True,True,True
444,-0.113551,-15.8711,0.207207,-0.127482,-0.0995534,-0.127028,-0.103092,194,250,09:35,fwd_flat,atr_pct,3.09785e-45,1.84166e-44,0.0146765,True,True,True,True,True,True,True,True
444,0.0467274,6.93703,0.644144,0.0336276,0.0600443,0.060889,0.035738,194,250,09:35,fwd_flat,mins_since_cross,1.42641e-11,3.60355e-11,0.0146765,True,True,True,True,True,True,True,True
444,-0.0410316,-6.14779,0.373874,-0.0541942,-0.0280535,-0.0499407,-0.0341181,194,250,09:35,fwd_flat,close_pos,1.75478e-09,3.99682e-09,0.0146765,True,True,True,True,True,True,True,True
444,0.000490571,0.0820321,0.5,-0.0112203,0.0120805,-0.00196005,0.00239226,194,250,09:35,fwd_flat,ctl_tickerhash,0.934658,0.943393,0.0146765,True,False,False,False,False,False,False,False
444,-0.0146765,-2.36137,0.439189,-0.0269045,-0.00246998,-0.0126089,-0.0162809,194,250,09:35,fwd_flat,ctl_random,0.0186393,0.0257808,0.0146765,True,True,True,False,True,False,False,False
444,-0.0952563,-13.8865,0.247748,-0.108772,-0.0819197,-0.10838,-0.0850719,194,250,09:35,fwd_flat,c37_rank_score,1.18264e-36,5.65573e-36,0.0146765,True,True,True,True,True,True,True,True
444,-0.0272532,-3.97663,0.43018,-0.0403968,-0.0139856,-0.0246464,-0.0292761,194,250,09:35,fwd60_nx,coil,8.16179e-05,0.000137017,0.0124353,True,True,True,True,True,True,True,True
444,0.0272532,3.97663,0.56982,0.0139856,0.0403968,0.0246464,0.0292761,194,250,09:35,fwd60_nx,dist_sess_high_pct,8.16179e-05,0.000137017,0.0124353,True,True,True,True,True,True,True,True
444,0.0309656,4.63908,0.587838,0.0178881,0.0438013,0.0271627,0.0339167,194,250,09:35,fwd60_nx,dist_high60,4.61446e-06,8.54335e-06,0.0124353,True,True,True,True,True,True,True,True
444,-0.161167,-23.7173,0.121622,-0.174622,-0.147603,-0.181104,-0.145696,194,250,09:35,fwd60_nx,gain_now,7.13703e-81,8.01363e-80,0.0124353,True,True,True,True,True,True,True,True
444,-0.0410647,-5.40821,0.398649,-0.0559174,-0.0266336,-0.0351165,-0.0456806,194,250,09:35,fwd60_nx,pm_gain,1.04333e-07,2.14968e-07,0.0124353,True,True,True,True,True,True,True,True
444,-0.0465365,-6.14279,0.367117,-0.0612079,-0.032165,-0.0432214,-0.049109,194,250,09:35,fwd60_nx,gap7,1.8064e-09,4.10719e-09,0.0124353,True,True,True,True,True,True,True,True
444,-0.0352732,-4.35423,0.400901,-0.0506579,-0.0195258,-0.0585483,-0.0172117,194,250,09:35,fwd60_nx,pressure30,1.6603e-05,2.95977e-05,0.0124353,True,True,True,True,False,True,True,False
444,-0.0349701,-5.38276,0.376126,-0.0476874,-0.0219587,-0.0465719,-0.025967,194,250,09:35,fwd60_nx,pressure30_nv,1.19175e-07,2.44772e-07,0.0124353,True,True,True,True,True,True,True,True
444,-0.0319593,-5.13725,0.391892,-0.0440176,-0.0196685,-0.044247,-0.022424,194,250,09:35,fwd60_nx,pressure30_bc,4.18662e-07,8.37324e-07,0.0124353,True,True,True,True,True,True,True,True
444,-0.0349339,-5.5156,0.400901,-0.0472957,-0.0225299,-0.0469689,-0.0255948,194,250,09:35,fwd60_nx,pressure30_t,5.91911e-08,1.24129e-07,0.0124353,True,True,True,True,True,True,True,True
444,-0.0319396,-4.90734,0.394144,-0.0446415,-0.0190877,-0.0463763,-0.0207368,194,250,09:35,fwd60_nx,pressure10,1.29958e-06,2.52512e-06,0.0124353,True,True,True,True,True,True,True,True
444,-0.0833417,-12.4201,0.277027,-0.0964091,-0.0703177,-0.0870002,-0.0805026,194,250,09:35,fwd60_nx,log_dvol,1.34253e-30,5.57666e-30,0.0124353,True,True,True,True,True,True,True,True
444,-0.0305069,-4.33357,0.421171,-0.0439489,-0.0167556,-0.0341479,-0.0276815,194,250,09:35,fwd60_nx,n_bars,1.81709e-05,3.23038e-05,0.0124353,True,True,True,True,True,True,True,True
444,0.0119559,2.04585,0.536036,0.000510158,0.0231208,0.00169264,0.0199203,194,250,09:35,fwd60_nx,stale_min,0.0413615,0.0547543,0.0124353,True,True,False,False,False,False,True,False
444,0.0654044,10.0427,0.684685,0.0525609,0.078166,0.0674232,0.0638378,194,250,09:35,fwd60_nx,no_trade_share,1.61754e-21,5.68113e-21,0.0124353,True,True,True,True,True,True,True,True
444,0.130758,16.3681,0.797297,0.115033,0.146094,0.143309,0.121019,194,250,09:35,fwd60_nx,amihud,1.94744e-47,1.21341e-46,0.0124353,True,True,True,True,True,True,True,True
444,-0.133894,-16.4619,0.231982,-0.149981,-0.117774,-0.166922,-0.108264,194,250,09:35,fwd60_nx,corwin_schultz,7.4561e-48,4.73682e-47,0.0124353,True,True,True,True,True,True,True,True
444,0.028923,3.48411,0.554054,0.0125841,0.0452696,0.0332023,0.0256023,194,250,09:35,fwd60_nx,abdi_ranaldo,0.000542912,0.0008539,0.0124353,True,True,True,True,True,True,True,True
444,0.0375728,4.50194,0.581081,0.021166,0.0541232,0.043004,0.0333583,194,250,09:35,fwd60_nx,roll,8.61953e-06,1.57115e-05,0.0124353,True,True,True,True,True,True,True,True
444,-0.151391,-20.4003,0.177928,-0.166002,-0.13679,-0.1645,-0.141217,194,250,09:35,fwd60_nx,bar_range,1.03402e-65,9.5721e-65,0.0124353,True,True,True,True,True,True,True,True
444,-0.0445426,-6.68991,0.400901,-0.0575226,-0.0318245,-0.0456097,-0.0437146,194,250,09:35,fwd60_nx,log_price,6.75713e-11,1.65231e-10,0.0124353,True,True,True,True,True,True,True,True
444,-0.115096,-16.567,0.211712,-0.128486,-0.101625,-0.134536,-0.100011,194,250,09:35,fwd60_nx,atr_pct,2.53587e-48,1.65985e-47,0.0124353,True,True,True,True,True,True,True,True
444,0.0255444,3.77121,0.583333,0.0128085,0.0386753,0.0335946,0.0192974,194,250,09:35,fwd60_nx,mins_since_cross,0.000184497,0.000301654,0.0124353,True,True,True,True,True,True,True,True
444,-0.0183738,-2.82149,0.403153,-0.0307956,-0.00559402,-0.0354949,-0.00508777,194,250,09:35,fwd60_nx,close_pos,0.00499497,0.00719276,0.0124353,True,True,True,True,False,False,True,False
444,-0.00660726,-1.17237,0.454955,-0.01739,0.00450608,-0.000586415,-0.0112794,194,250,09:35,fwd60_nx,ctl_tickerhash,0.241681,0.285522,0.0124353,True,False,False,False,False,False,False,False
444,-0.0124353,-1.97683,0.466216,-0.0246501,-8.35125e-06,-0.00386137,-0.0190886,194,250,09:35,fwd60_nx,ctl_random,0.0486804,0.0636627,0.0124353,True,True,False,False,False,False,False,False
444,-0.0553438,-8.18592,0.346847,-0.0685884,-0.042382,-0.061264,-0.0507497,194,250,09:35,fwd60_nx,c37_rank_score,2.90307e-15,8.57034e-15,0.0124353,True,True,True,True,True,True,True,True
444,-0.0434477,-6.19473,0.394144,-0.0573924,-0.0297378,-0.0528568,-0.0361462,194,250,09:35,fwd_flat_nx,coil,1.33496e-09,3.05674e-09,0.0130577,True,True,True,True,True,True,True,True
444,0.0434477,6.19473,0.605856,0.0297378,0.0573924,0.0528568,0.0361462,194,250,09:35,fwd_flat_nx,dist_sess_high_pct,1.33496e-09,3.05674e-09,0.0130577,True,True,True,True,True,True,True,True
444,0.0330814,4.62633,0.599099,0.019022,0.046693,0.0302248,0.0352981,194,250,09:35,fwd_flat_nx,dist_high60,4.89362e-06,9.04727e-06,0.0130577,True,True,True,True,True,True,True,True
444,-0.181991,-26.5575,0.108108,-0.195306,-0.168722,-0.205293,-0.163909,194,250,09:35,fwd_flat_nx,gain_now,1.14726e-93,1.65205e-92,0.0130577,True,True,True,True,True,True,True,True
444,-0.0224474,-2.88064,0.43018,-0.037561,-0.00742149,-0.0197403,-0.0245482,194,250,09:35,fwd_flat_nx,pm_gain,0.00416123,0.00603238,0.0130577,True,True,True,True,True,True,True,True
444,-0.0318541,-4.08625,0.40991,-0.0471212,-0.0170374,-0.0343997,-0.0298787,194,250,09:35,fwd_flat_nx,gap7,5.20482e-05,8.93437e-05,0.0130577,True,True,True,True,True,True,True,True
444,-0.0344868,-4.47507,0.405405,-0.0494179,-0.0196188,-0.0548405,-0.0186924,194,250,09:35,fwd_flat_nx,pressure30,9.72451e-06,1.7676e-05,0.0130577,True,True,True,True,True,True,True,True
444,-0.040658,-6.44734,0.362613,-0.0529422,-0.0283849,-0.0524979,-0.0314701,194,250,09:35,fwd_flat_nx,pressure30_nv,2.98026e-10,7.07403e-10,0.0130577,True,True,True,True,True,True,True,True
444,-0.034423,-5.32211,0.382883,-0.0472889,-0.0218442,-0.040769,-0.0294984,194,250,09:35,fwd_flat_nx,pressure30_bc,1.6328e-07,3.32199e-07,0.0130577,True,True,True,True,True,True,True,True
444,-0.0400779,-6.35411,0.378378,-0.0523357,-0.0278394,-0.0503932,-0.0320733,194,250,09:35,fwd_flat_nx,pressure30_t,5.21195e-10,1.21706e-09,0.0130577,True,True,True,True,True,True,True,True
444,-0.037676,-6.04356,0.362613,-0.0497607,-0.0254185,-0.0475418,-0.0300201,194,250,09:35,fwd_flat_nx,pressure10,3.20109e-09,7.14047e-09,0.0130577,True,True,True,True,True,True,True,True
444,-0.116876,-17.6433,0.193694,-0.129736,-0.103898,-0.122494,-0.112517,194,250,09:35,fwd_flat_nx,log_dvol,3.74555e-53,2.75808e-52,0.0130577,True,True,True,True,True,True,True,True
444,-0.0492421,-7.19311,0.364865,-0.0624328,-0.0358865,-0.047375,-0.050691,194,250,09:35,fwd_flat_nx,n_bars,2.71983e-12,7.19368e-12,0.0130577,True,True,True,True,True,True,True,True
444,0.0371347,6.06912,0.603604,0.0251657,0.0490165,0.0269495,0.0450383,194,250,09:35,fwd_flat_nx,stale_min,2.7644e-09,6.19839e-09,0.0130577,True,True,True,True,True,True,True,True
444,0.0954395,14.4408,0.736486,0.0825009,0.108364,0.0945723,0.0961124,194,250,09:35,fwd_flat_nx,no_trade_share,5.18511e-39,2.59456e-38,0.0130577,True,True,True,True,True,True,True,True
444,0.145239,18.0451,0.813063,0.129327,0.160745,0.170412,0.125705,194,250,09:35,fwd_flat_nx,amihud,5.70717e-55,4.40267e-54,0.0130577,True,True,True,True,True,True,True,True
444,-0.159625,-19.3036,0.175676,-0.175891,-0.143484,-0.181384,-0.14274,194,250,09:35,fwd_flat_nx,corwin_schultz,1.07239e-60,9.32763e-60,0.0130577,True,True,True,True,True,True,True,True
444,0.0318933,4.12964,0.574324,0.0169562,0.0468636,0.0387456,0.0265759,194,250,09:35,fwd_flat_nx,abdi_ranaldo,4.34352e-05,7.48564e-05,0.0130577,True,True,True,True,True,True,True,True
444,0.0460069,5.98627,0.608108,0.0309302,0.0606437,0.0513287,0.0418773,194,250,09:35,fwd_flat_nx,roll,4.43883e-09,9.81694e-09,0.0130577,True,True,True,True,True,True,True,True
444,-0.179679,-24.366,0.123874,-0.194271,-0.165101,-0.18553,-0.175138,194,250,09:35,fwd_flat_nx,bar_range,8.12845e-84,9.57679e-83,0.0130577,True,True,True,True,True,True,True,True
444,-0.0512184,-7.15563,0.378378,-0.0650208,-0.0374759,-0.0506956,-0.051624,194,250,09:35,fwd_flat_nx,log_price,3.47619e-12,9.13821e-12,0.0130577,True,True,True,True,True,True,True,True
444,-0.113245,-16.0248,0.209459,-0.127004,-0.0995729,-0.128175,-0.101659,194,250,09:35,fwd_flat_nx,atr_pct,6.48363e-46,3.94497e-45,0.0130577,True,True,True,True,True,True,True,True
444,0.0398968,5.90263,0.61036,0.0268813,0.0530551,0.0524093,0.0301871,194,250,09:35,fwd_flat_nx,mins_since_cross,7.12214e-09,1.55392e-08,0.0130577,True,True,True,True,True,True,True,True
444,-0.0231257,-3.46623,0.432432,-0.0363533,-0.0101559,-0.0314698,-0.0166507,194,250,09:35,fwd_flat_nx,close_pos,0.000579294,0.000907817,0.0130577,True,True,True,True,True,True,True,True
444,-0.000508417,-0.0849963,0.504505,-0.0124523,0.0111423,-0.00327062,0.00163505,194,250,09:35,fwd_flat_nx,ctl_tickerhash,0.932303,0.941749,0.0130577,True,False,False,False,False,False,False,False
444,-0.0130577,-2.07453,0.45045,-0.0254288,-0.000674396,-0.00726603,-0.0175521,194,250,09:35,fwd_flat_nx,ctl_random,0.0386073,0.051318,0.0130577,True,True,False,False,True,False,False,False
444,-0.0786124,-11.7653,0.295045,-0.0917901,-0.0658051,-0.09023,-0.0695971,194,250,09:35,fwd_flat_nx,c37_rank_score,5.37709e-28,2.15749e-27,0.0130577,True,True,True,True,True,True,True,True
444,-0.0341548,-4.78179,0.396396,-0.0482279,-0.0202302,-0.0427813,-0.0274607,194,250,09:35,fwd_flat_nx5,coil,2.36883e-06,4.48177e-06,0.0119141,True,True,True,True,True,True,True,True
444,0.0341548,4.78179,0.603604,0.0202302,0.0482279,0.0427813,0.0274607,194,250,09:35,fwd_flat_nx5,dist_sess_high_pct,2.36883e-06,4.48177e-06,0.0119141,True,True,True,True,True,True,True,True
444,0.0346393,4.76867,0.59009,0.0202863,0.0485702,0.0342159,0.034968,194,250,09:35,fwd_flat_nx5,dist_high60,2.52041e-06,4.74776e-06,0.0119141,True,True,True,True,True,True,True,True
444,-0.173167,-24.1535,0.121622,-0.187241,-0.159279,-0.203987,-0.14925,194,250,09:35,fwd_flat_nx5,gain_now,7.46149e-83,8.5576e-82,0.0119141,True,True,True,True,True,True,True,True
444,-0.0192888,-2.40501,0.445946,-0.0347361,-0.00368435,-0.0247284,-0.0150677,194,250,09:35,fwd_flat_nx5,pm_gain,0.0165811,0.0230416,0.0119141,True,True,True,True,True,False,True,False
444,-0.0298346,-3.7324,0.403153,-0.0455161,-0.014293,-0.0396087,-0.0222498,194,250,09:35,fwd_flat_nx5,gap7,0.000214358,0.000348567,0.0119141,True,True,True,True,True,True,True,True
444,-0.0279174,-3.56073,0.414414,-0.0431003,-0.0125845,-0.0471185,-0.0130173,194,250,09:35,fwd_flat_nx5,pressure30,0.000409864,0.000651759,0.0119141,True,True,True,True,False,True,True,False
444,-0.0347696,-5.37164,0.376126,-0.0474327,-0.0222057,-0.0482786,-0.0242865,194,250,09:35,fwd_flat_nx5,pressure30_nv,1.26284e-07,2.58962e-07,0.0119141,True,True,True,True,True,True,True,True
444,-0.0301674,-4.44811,0.425676,-0.0436001,-0.016892,-0.0380227,-0.0240716,194,250,09:35,fwd_flat_nx5,pressure30_bc,1.09686e-05,1.98816e-05,0.0119141,True,True,True,True,True,True,True,True
444,-0.032788,-5.08635,0.382883,-0.0455509,-0.0201544,-0.0433452,-0.0245955,194,250,09:35,fwd_flat_nx5,pressure30_t,5.39971e-07,1.0684e-06,0.0119141,True,True,True,True,True,True,True,True
444,-0.03109,-4.85467,0.391892,-0.0434061,-0.0185076,-0.0397128,-0.0243987,194,250,09:35,fwd_flat_nx5,pressure10,1.67444e-06,3.23408e-06,0.0119141,True,True,True,True,True,True,True,True
444,-0.11822,-17.1661,0.195946,-0.13168,-0.104762,-0.13233,-0.10727,194,250,09:35,fwd_flat_nx5,log_dvol,5.27731e-51,3.65743e-50,0.0119141,True,True,True,True,True,True,True,True
444,-0.0503059,-7.15129,0.362613,-0.0637356,-0.0368111,-0.0539161,-0.0475045,194,250,09:35,fwd_flat_nx5,n_bars,3.57621e-12,9.38213e-12,0.0119141,True,True,True,True,True,True,True,True
441,0.0376555,5.94866,0.589569,0.0253602,0.0498707,0.0381673,0.0372536,194,247,09:35,fwd_flat_nx5,stale_min,5.51926e-09,1.21442e-08,0.0119141,True,True,True,True,True,True,True,True
444,0.0966282,14.3965,0.759009,0.0834923,0.109956,0.102058,0.0924148,194,250,09:35,fwd_flat_nx5,no_trade_share,8.02549e-39,3.98507e-38,0.0119141,True,True,True,True,True,True,True,True
444,0.143809,17.6614,0.813063,0.127801,0.159515,0.173079,0.121095,194,250,09:35,fwd_flat_nx5,amihud,3.10149e-53,2.29688e-52,0.0119141,True,True,True,True,True,True,True,True
444,-0.156832,-19.0831,0.171171,-0.173066,-0.140899,-0.18132,-0.137829,194,250,09:35,fwd_flat_nx5,corwin_schultz,1.08729e-59,9.33197e-59,0.0119141,True,True,True,True,True,True,True,True
444,0.033562,4.31519,0.574324,0.0182838,0.0486677,0.0330407,0.0339666,194,250,09:35,fwd_flat_nx5,abdi_ranaldo,1.96838e-05,3.48501e-05,0.0119141,True,True,True,True,True,True,True,True
444,0.043508,5.60599,0.596847,0.0283775,0.0586044,0.046866,0.0409022,194,250,09:35,fwd_flat_nx5,roll,3.64751e-08,7.73678e-08,0.0119141,True,True,True,True,True,True,True,True
444,-0.172263,-23.4097,0.144144,-0.186763,-0.157535,-0.182437,-0.164368,194,250,09:35,fwd_flat_nx5,bar_range,1.79125e-79,1.9508e-78,0.0119141,True,True,True,True,True,True,True,True
444,-0.0507211,-6.83743,0.355856,-0.0649546,-0.0366211,-0.053976,-0.0481953,194,250,09:35,fwd_flat_nx5,log_price,2.68396e-11,6.70215e-11,0.0119141,True,True,True,True,True,True,True,True
444,-0.115114,-15.4934,0.218468,-0.129483,-0.10059,-0.127757,-0.105302,194,250,09:35,fwd_flat_nx5,atr_pct,1.41808e-43,7.99058e-43,0.0119141,True,True,True,True,True,True,True,True
444,0.0305432,4.58625,0.578829,0.0177411,0.0435721,0.0401537,0.0230855,194,250,09:35,fwd_flat_nx5,mins_since_cross,5.88108e-06,1.08574e-05,0.0119141,True,True,True,True,True,True,True,True
444,-0.0207315,-3.00065,0.457207,-0.0342049,-0.00730549,-0.027414,-0.0155458,194,250,09:35,fwd_flat_nx5,close_pos,0.00284616,0.00415853,0.0119141,True,True,True,True,True,True,True,True
444,0.00142183,0.223347,0.502252,-0.011079,0.0140091,0.000770082,0.00192759,194,250,09:35,fwd_flat_nx5,ctl_tickerhash,0.823368,0.843546,0.0119141,True,False,False,False,True,False,False,False
444,-0.0119141,-1.87358,0.457207,-0.0244513,0.000373104,-0.00729965,-0.0154949,194,250,09:35,fwd_flat_nx5,ctl_random,0.061646,0.0799732,0.0119141,True,False,False,False,True,False,False,False
444,-0.069926,-10.1775,0.322072,-0.0835974,-0.0566609,-0.0841494,-0.0588887,194,250,09:35,fwd_flat_nx5,c37_rank_score,5.292e-22,1.89459e-21,0.0119141,True,True,True,True,True,True,True,True
444,-0.252339,-35.9961,0.0472973,-0.26629,-0.238393,-0.250029,-0.254131,194,250,09:35,peak60,coil,1.28704e-133,3.87908e-132,0.0120079,False,True,True,True,True,True,True,False
444,0.252339,35.9961,0.952703,0.238393,0.26629,0.250029,0.254131,194,250,09:35,peak60,dist_sess_high_pct,1.28704e-133,3.87908e-132,0.0120079,False,True,True,True,True,True,True,False
444,-0.18496,-27.0924,0.105856,-0.19828,-0.171333,-0.19554,-0.176751,194,250,09:35,peak60,dist_high60,4.80863e-96,7.1632e-95,0.0120079,False,True,True,True,True,True,False,False
444,0.00707301,1.09639,0.527027,-0.00566752,0.0199181,-0.00211379,0.014202,194,250,09:35,peak60,gain_now,0.273506,0.319049,0.0120079,False,False,False,False,False,False,False,False
444,-0.00398249,-0.545069,0.472973,-0.0181422,0.010089,0.00112603,-0.00794669,194,250,09:35,peak60,pm_gain,0.58598,0.628667,0.0120079,False,False,False,False,False,False,True,False
444,0.00508627,0.694388,0.509009,-0.00907496,0.0193386,0.0131778,-0.00119274,194,250,09:35,peak60,gap7,0.487803,0.53485,0.0120079,False,False,False,False,False,False,False,False
444,-0.0380479,-4.70959,0.418919,-0.0534061,-0.0224984,-0.0484502,-0.0299757,194,250,09:35,peak60,pressure30,3.32619e-06,6.21144e-06,0.0120079,False,True,True,True,True,True,True,False
444,-0.029236,-4.32602,0.423423,-0.0424845,-0.016268,-0.0344357,-0.0252011,194,250,09:35,peak60,pressure30_nv,1.87786e-05,3.33384e-05,0.0120079,False,True,True,True,True,True,True,False
444,-0.0449749,-7.00927,0.369369,-0.0576288,-0.0323515,-0.0366275,-0.0514526,194,250,09:35,peak60,pressure30_bc,8.9791e-12,2.30434e-11,0.0120079,False,True,True,True,True,True,True,False
444,-0.0289663,-4.49483,0.423423,-0.0415511,-0.0164688,-0.034777,-0.0244573,194,250,09:35,peak60,pressure30_t,8.89965e-06,1.61994e-05,0.0120079,False,True,True,True,True,True,True,False
444,-0.021756,-3.26841,0.439189,-0.0347512,-0.00879681,-0.0283934,-0.0166054,194,250,09:35,peak60,pressure10,0.00116576,0.00176704,0.0120079,False,True,True,True,True,True,True,False
444,0.0675368,10.0488,0.68018,0.0540869,0.0809158,0.0875926,0.0519734,194,250,09:35,peak60,log_dvol,1.5381e-21,5.41678e-21,0.0120079,False,True,True,True,True,True,False,False
444,0.16269,25.8387,0.900901,0.150508,0.175369,0.177668,0.151067,194,250,09:35,peak60,n_bars,1.87309e-90,2.55529e-89,0.0120079,False,True,True,True,True,True,False,False
444,-0.0403981,-6.00179,0.382883,-0.0535593,-0.0268389,-0.071689,-0.0161163,194,250,09:35,peak60,stale_min,4.06365e-09,9.01797e-09,0.0120079,False,True,True,True,False,True,False,False
444,-0.149164,-24.3386,0.108108,-0.161107,-0.137108,-0.167684,-0.134792,194,250,09:35,peak60,no_trade_share,1.08147e-83,1.26269e-82,0.0120079,False,True,True,True,True,True,False,False
444,0.114311,13.8793,0.747748,0.0978199,0.130362,0.0905119,0.132779,194,250,09:35,peak60,amihud,1.26941e-36,6.04835e-36,0.0120079,False,True,True,True,True,True,True,False
444,0.22482,28.9718,0.907658,0.209654,0.240179,0.216882,0.230979,194,250,09:35,peak60,corwin_schultz,2.65267e-104,4.77481e-103,0.0120079,False,True,True,True,True,True,False,False
444,0.114509,13.6793,0.752252,0.0981742,0.131002,0.112986,0.115692,194,250,09:35,peak60,abdi_ranaldo,8.82039e-36,4.09721e-35,0.0120079,False,True,True,True,True,True,True,False
444,0.10797,13.1731,0.727477,0.0916316,0.123927,0.101836,0.112731,194,250,09:35,peak60,roll,1.13438e-33,5.0521e-33,0.0120079,False,True,True,True,True,True,True,False
444,0.194615,29.4796,0.921171,0.1815,0.207317,0.198025,0.191968,194,250,09:35,peak60,bar_range,1.66042e-106,3.1187e-105,0.0120079,False,True,True,True,True,True,False,False
444,-0.115091,-16.0865,0.256757,-0.128917,-0.101049,-0.0648358,-0.154089,194,250,09:35,peak60,log_price,3.46107e-46,2.12585e-45,0.0120079,False,True,True,True,True,True,True,False
444,0.178534,25.287,0.887387,0.164557,0.192129,0.158448,0.194122,194,250,09:35,peak60,atr_pct,5.63408e-88,7.30177e-87,0.0120079,False,True,True,True,True,True,False,False
444,0.145442,21.8885,0.851351,0.132455,0.158692,0.155585,0.137571,194,250,09:35,peak60,mins_since_cross,1.58157e-72,1.62676e-71,0.0120079,False,True,True,True,True,True,True,False
444,-0.0276812,-4.38214,0.414414,-0.039975,-0.0151687,-0.0441194,-0.0149252,194,250,09:35,peak60,close_pos,1.46891e-05,2.62943e-05,0.0120079,False,True,True,True,True,True,True,False
444,-0.00464725,-0.800952,0.463964,-0.0161202,0.00656573,0.00441665,-0.0116808,194,250,09:35,peak60,ctl_tickerhash,0.423589,0.474478,0.0120079,False,False,False,False,False,False,False,False
444,-0.0120079,-2.02989,0.484234,-0.0235059,-0.000398115,-0.0149464,-0.00972763,194,250,09:35,peak60,ctl_random,0.0429647,0.0568187,0.0120079,False,True,False,False,True,False,False,False
444,-0.139043,-20.2944,0.162162,-0.152171,-0.125259,-0.1383,-0.139619,194,250,09:35,peak60,c37_rank_score,3.15727e-65,2.902e-64,0.0120079,False,True,True,True,True,True,True,False
444,-0.300028,-42.2133,0.0315315,-0.313858,-0.286128,-0.303765,-0.297129,194,250,09:35,peak_flat,coil,2.35922e-157,1.05433e-155,0.0137379,False,True,True,True,True,True,True,False
444,0.300028,42.2133,0.968468,0.286128,0.313858,0.303765,0.297129,194,250,09:35,peak_flat,dist_sess_high_pct,2.35922e-157,1.05433e-155,0.0137379,False,True,True,True,True,True,True,False
444,-0.174714,-24.5994,0.112613,-0.188697,-0.16081,-0.180437,-0.170273,194,250,09:35,peak_flat,dist_high60,7.13908e-85,8.72854e-84,0.0137379,False,True,True,True,True,True,False,False
444,-0.0483439,-7.31444,0.337838,-0.0616119,-0.0352658,-0.0707841,-0.0309304,194,250,09:35,peak_flat,gain_now,1.22077e-12,3.29608e-12,0.0137379,False,True,True,True,True,True,True,False
444,-0.00221886,-0.303948,0.513514,-0.0164196,0.0118935,-0.00289057,-0.00169761,194,250,09:35,peak_flat,pm_gain,0.76131,0.786809,0.0137379,False,False,False,False,True,False,True,False
444,0.00413265,0.560634,0.509009,-0.0101684,0.0183142,0.00560224,0.00299225,194,250,09:35,peak_flat,gap7,0.575331,0.617754,0.0137379,False,False,False,False,True,False,False,False
444,-0.0591878,-7.34636,0.362613,-0.074758,-0.0435096,-0.0663982,-0.0535925,194,250,09:35,peak_flat,pressure30,9.87158e-13,2.68209e-12,0.0137379,False,True,True,True,True,True,True,False
444,-0.0561821,-8.43908,0.358108,-0.0690628,-0.0430882,-0.0596762,-0.0534708,194,250,09:35,peak_flat,pressure30_nv,4.58331e-16,1.39764e-15,0.0137379,False,True,True,True,True,True,True,False
444,-0.0691508,-10.6811,0.301802,-0.0821553,-0.0561026,-0.0596037,-0.0765593,194,250,09:35,peak_flat,pressure30_bc,7.51155e-24,2.74999e-23,0.0137379,False,True,True,True,True,True,True,False
444,-0.0543446,-8.25818,0.367117,-0.0672841,-0.0415014,-0.0570662,-0.0522325,194,250,09:35,peak_flat,pressure30_t,1.72107e-15,5.15128e-15,0.0137379,False,True,True,True,True,True,True,False
444,-0.0447007,-6.72027,0.38964,-0.057525,-0.0318267,-0.0476999,-0.0423734,194,250,09:35,peak_flat,pressure10,5.59506e-11,1.37333e-10,0.0137379,False,True,True,True,True,True,True,False
444,-0.0249837,-3.74128,0.400901,-0.0381128,-0.0119119,-0.0149083,-0.0328022,194,250,09:35,peak_flat,log_dvol,0.000207152,0.000337697,0.0137379,False,True,True,True,True,True,True,False
444,0.130551,20.8148,0.853604,0.118115,0.143169,0.146862,0.117894,194,250,09:35,peak_flat,n_bars,1.30634e-67,1.24486e-66,0.0137379,False,True,True,True,True,True,False,False
444,0.0238862,3.61293,0.578829,0.010947,0.0367156,-0.00328365,0.04497,194,250,09:35,peak_flat,stale_min,0.000337445,0.000541249,0.0137379,False,True,True,True,False,True,True,False
444,-0.0902296,-14.6894,0.22973,-0.102288,-0.0783519,-0.104939,-0.078815,194,250,09:35,peak_flat,no_trade_share,4.43152e-40,2.30653e-39,0.0137379,False,True,True,True,True,True,False,False
444,0.194002,24.6274,0.876126,0.177951,0.209292,0.19403,0.193979,194,250,09:35,peak_flat,amihud,5.32906e-85,6.57759e-84,0.0137379,False,True,True,True,True,True,True,False
444,0.196151,24.2862,0.867117,0.180461,0.212165,0.177342,0.210747,194,250,09:35,peak_flat,corwin_schultz,1.86746e-83,2.16091e-82,0.0137379,False,True,True,True,True,True,False,False
444,0.147235,18.4424,0.808559,0.131631,0.162607,0.153812,0.142132,194,250,09:35,peak_flat,abdi_ranaldo,8.98225e-57,7.27562e-56,0.0137379,False,True,True,True,True,True,True,False
444,0.143416,17.6301,0.806306,0.127224,0.159223,0.140843,0.145412,194,250,09:35,peak_flat,roll,4.29482e-53,3.14468e-52,0.0137379,False,True,True,True,True,True,True,False
444,0.11641,16.8484,0.790541,0.103113,0.129882,0.109831,0.121515,194,250,09:35,peak_flat,bar_range,1.40371e-49,9.52464e-49,0.0137379,False,True,True,True,True,True,False,False
444,-0.125018,-16.7933,0.204955,-0.139612,-0.110627,-0.0643999,-0.172057,194,250,09:35,peak_flat,log_price,2.47463e-49,1.67038e-48,0.0137379,False,True,True,True,True,True,True,False
444,0.180747,24.5261,0.873874,0.166156,0.19512,0.150568,0.204165,194,250,09:35,peak_flat,atr_pct,1.53145e-84,1.85491e-83,0.0137379,False,True,True,True,True,True,False,False
444,0.186034,27.7022,0.914414,0.173119,0.199106,0.199865,0.175301,194,250,09:35,peak_flat,mins_since_cross,9.67069e-99,1.49205e-97,0.0137379,False,True,True,True,True,True,True,False
444,-0.0233237,-3.56661,0.452703,-0.0361333,-0.0105041,-0.0345703,-0.0145964,194,250,09:35,peak_flat,close_pos,0.000401037,0.000638507,0.0137379,False,True,True,True,True,True,True,False
444,-0.00786882,-1.34143,0.481982,-0.0195869,0.00333105,0.000298703,-0.0142068,194,250,09:35,peak_flat,ctl_tickerhash,0.180467,0.217365,0.0137379,False,False,False,False,False,False,False,False
444,-0.0137379,-2.32299,0.475225,-0.025241,-0.00200037,-0.0178653,-0.010535,194,250,09:35,peak_flat,ctl_random,0.0206319,0.0284154,0.0137379,False,True,True,False,True,False,False,False
444,-0.217896,-32.0837,0.0675676,-0.231219,-0.204393,-0.223994,-0.213164,194,250,09:35,peak_flat,c37_rank_score,1.31545e-117,3.04432e-116,0.0137379,False,True,True,True,True,True,True,False
444,-0.0471412,-7.23983,0.351351,-0.0596308,-0.0343086,-0.061437,-0.0360476,194,250,10:00,fwd30,coil,2.00028e-12,5.32312e-12,0.00775675,True,True,True,True,True,True,True,True
444,0.0471412,7.23983,0.648649,0.0343086,0.0596308,0.061437,0.0360476,194,250,10:00,fwd30,dist_sess_high_pct,2.00028e-12,5.32312e-12,0.00775675,True,True,True,True,True,True,True,True
444,-0.0153447,-2.36952,0.436937,-0.027901,-0.00265171,-0.0280367,-0.00549563,194,250,10:00,fwd30,dist_high60,0.0182391,0.0252812,0.00775675,True,True,True,True,False,False,False,False
444,-0.0943989,-15.5986,0.207207,-0.10649,-0.0822788,-0.12078,-0.0739273,194,250,10:00,fwd30,gain_now,4.89962e-44,2.80969e-43,0.00775675,True,True,True,True,True,True,True,True
444,0.00255255,0.341151,0.486486,-0.0119573,0.0171878,0.0129303,-0.00550055,194,250,10:00,fwd30,pm_gain,0.733151,0.76135,0.00775675,True,False,False,False,False,False,True,False
444,-0.00357588,-0.486759,0.484234,-0.0179312,0.010642,0.00261706,-0.00838159,194,250,10:00,fwd30,gap7,0.62667,0.665708,0.00775675,True,False,False,False,False,False,False,False
444,-0.0127848,-1.88427,0.470721,-0.0260582,0.000660422,-0.0238819,-0.00417339,194,250,10:00,fwd30,pressure30,0.0601836,0.0782326,0.00775675,True,False,False,True,False,False,False,False
444,-0.0194436,-3.38913,0.436937,-0.0305161,-0.00808524,-0.03036,-0.0109725,194,250,10:00,fwd30,pressure30_nv,0.000763857,0.00118416,0.00775675,True,True,True,True,True,False,True,False
444,-0.0240137,-4.03253,0.400901,-0.0358376,-0.0123399,-0.0372704,-0.0137264,194,250,10:00,fwd30,pressure30_bc,6.49703e-05,0.000110356,0.00775675,True,True,True,True,True,True,True,True
444,-0.0164079,-2.87533,0.436937,-0.0275103,-0.00525898,-0.0272825,-0.00796921,194,250,10:00,fwd30,pressure30_t,0.00423063,0.00612614,0.00775675,True,True,True,True,False,False,True,False
444,-0.0112538,-2.11454,0.45045,-0.0217429,-0.000819172,-0.0217817,-0.00308422,194,250,10:00,fwd30,pressure10,0.0350271,0.046799,0.00775675,True,True,True,True,False,False,False,False
444,-0.00595962,-0.966214,0.493243,-0.01811,0.00613419,-0.00323987,-0.00807015,194,250,10:00,fwd30,log_dvol,0.334464,0.38292,0.00775675,True,False,False,False,True,False,True,False
444,0.0167832,2.72279,0.551802,0.00478901,0.028808,0.0286369,0.00758479,194,250,10:00,fwd30,n_bars,0.00672887,0.0096467,0.00775675,True,True,True,True,False,False,False,False
444,-0.00505751,-0.916304,0.486486,-0.0158555,0.00585122,-0.0129637,0.00107773,194,250,10:00,fwd30,stale_min,0.360006,0.40927,0.00775675,True,False,False,False,False,False,False,False
444,-0.00953516,-1.65146,0.457207,-0.0208793,0.00182138,-0.0230534,0.000954993,194,250,10:00,fwd30,no_trade_share,0.0993536,0.125133,0.00775675,True,False,False,True,False,False,False,False
444,0.0365347,5.65172,0.605856,0.0237799,0.0491511,0.0417795,0.0324648,194,250,10:00,fwd30,amihud,2.84823e-08,6.07122e-08,0.00775675,True,True,True,True,True,True,True,True
444,-0.082744,-12.64,0.279279,-0.0956174,-0.0698917,-0.0946977,-0.0734679,194,250,10:00,fwd30,corwin_schultz,1.73448e-31,7.41878e-31,0.00775675,True,True,True,True,True,True,True,True
444,-0.00907426,-1.36527,0.459459,-0.0222745,0.00392723,-0.00945085,-0.00878202,194,250,10:00,fwd30,abdi_ranaldo,0.172861,0.209567,0.00775675,True,False,False,True,True,False,False,False
444,-0.0125605,-1.91631,0.463964,-0.0253792,0.00018271,-0.0161486,-0.00977617,194,250,10:00,fwd30,roll,0.0559682,0.0728261,0.00775675,True,False,False,True,True,False,False,False
444,-0.0674147,-11.1221,0.335586,-0.0793281,-0.0552926,-0.070428,-0.0650763,194,250,10:00,fwd30,bar_range,1.64413e-25,6.24865e-25,0.00775675,True,True,True,True,True,True,True,True
444,-0.0115942,-2.02428,0.443694,-0.0226983,-0.00066521,-0.0215627,-0.0038586,194,250,10:00,fwd30,log_price,0.0435411,0.0574122,0.00775675,True,True,False,True,False,False,True,False
444,-0.0828238,-14.6647,0.234234,-0.0940151,-0.0715752,-0.101384,-0.0684215,194,250,10:00,fwd30,atr_pct,5.66226e-40,2.93532e-39,0.00775675,True,True,True,True,True,True,True,True
444,0.0377877,6.43392,0.608108,0.0261707,0.0492833,0.0502152,0.028144,194,250,10:00,fwd30,mins_since_cross,3.23132e-10,7.65591e-10,0.00775675,True,True,True,True,True,True,True,True
444,-0.0487202,-8.94558,0.337838,-0.0592088,-0.0378397,-0.0453198,-0.051359,194,250,10:00,fwd30,close_pos,1.01597e-17,3.23514e-17,0.00775675,True,True,True,True,True,True,False,False
444,-0.00545455,-1.05145,0.477477,-0.0155583,0.00472243,-0.00149486,-0.00852728,194,250,10:00,fwd30,ctl_tickerhash,0.293625,0.339766,0.00775675,True,False,False,False,False,False,False,False
444,0.00775675,1.55812,0.529279,-0.00196365,0.0173387,0.0219076,-0.0032243,194,250,10:00,fwd30,ctl_random,0.119919,0.149726,0.00775675,True,False,False,False,False,False,False,False
444,-0.0365474,-6.37284,0.351351,-0.0476687,-0.0253321,-0.0474203,-0.0281101,194,250,10:00,fwd30,c37_rank_score,4.66063e-10,1.09028e-09,0.00775675,True,True,True,True,True,True,True,True
444,-0.0514316,-8.22394,0.346847,-0.0637282,-0.0392201,-0.055493,-0.0482799,194,250,10:00,fwd60,coil,2.20587e-15,6.55689e-15,0.00714482,True,True,True,True,True,True,True,True
444,0.0514316,8.22394,0.653153,0.0392201,0.0637282,0.055493,0.0482799,194,250,10:00,fwd60,dist_sess_high_pct,2.20587e-15,6.55689e-15,0.00714482,True,True,True,True,True,True,True,True
444,-0.00614527,-1.00153,0.502252,-0.0183565,0.00572624,-0.00782873,-0.00483891,194,250,10:00,fwd60,dist_high60,0.317116,0.36426,0.00714482,True,False,False,False,True,False,False,False
444,-0.116095,-19.7599,0.166667,-0.127872,-0.104637,-0.130472,-0.104939,194,250,10:00,fwd60,gain_now,8.81712e-63,7.88068e-62,0.00714482,True,True,True,True,True,True,True,True
444,-0.0045441,-0.58911,0.5,-0.0196336,0.0104119,-0.00354065,-0.00532278,194,250,10:00,fwd60,pm_gain,0.556088,0.600075,0.00714482,True,False,False,False,True,False,False,False
444,-0.0113534,-1.5047,0.47973,-0.0261231,0.00330327,-0.0146943,-0.0087608,194,250,10:00,fwd60,gap7,0.133114,0.163832,0.00714482,True,False,False,True,True,False,False,False
444,-0.0150281,-2.25539,0.475225,-0.0281678,-0.00183734,-0.0149565,-0.0150836,194,250,10:00,fwd60,pressure30,0.024596,0.0336892,0.00714482,True,True,True,True,True,False,False,False
444,-0.0216026,-3.73999,0.423423,-0.0329208,-0.0099976,-0.0265767,-0.0177427,194,250,10:00,fwd60,pressure30_nv,0.000208185,0.000338955,0.00714482,True,True,True,True,True,True,True,True
444,-0.0240366,-4.0841,0.43018,-0.0356201,-0.0123675,-0.0306554,-0.0189004,194,250,10:00,fwd60,pressure30_bc,5.25154e-05,9.00265e-05,0.00714482,True,True,True,True,True,True,True,True
444,-0.0222275,-3.94294,0.40991,-0.0331873,-0.0110046,-0.0283999,-0.0174377,194,250,10:00,fwd60,pressure30_t,9.35318e-05,0.000156007,0.00714482,True,True,True,True,True,True,True,True
444,-0.00862791,-1.61639,0.486486,-0.018995,0.00202765,-0.0141614,-0.0043339,194,250,10:00,fwd60,pressure10,0.106722,0.133893,0.00714482,True,False,False,True,False,False,False,False
444,-0.0238289,-3.95767,0.45045,-0.0359007,-0.0121656,-0.0218724,-0.0253472,194,250,10:00,fwd60,log_dvol,8.81346e-05,0.000147574,0.00714482,True,True,True,True,True,True,True,True
444,0.0096412,1.65177,0.531532,-0.00191293,0.0208414,0.0235637,-0.00116269,194,250,10:00,fwd60,n_bars,0.0992902,0.125133,0.00714482,True,False,False,True,False,False,False,False
444,0.0028307,0.526647,0.509009,-0.00777303,0.0133481,-0.00704671,0.0104956,194,250,10:00,fwd60,stale_min,0.598702,0.640197,0.00714482,True,False,False,False,False,False,True,False
444,0.000131997,0.0225796,0.484234,-0.011171,0.0116737,-0.0138187,0.0109578,194,250,10:00,fwd60,no_trade_share,0.981996,0.986563,0.00714482,True,False,False,False,False,False,True,False
444,0.0524283,7.74179,0.623874,0.039186,0.0657593,0.0600497,0.0465141,194,250,10:00,fwd60,amihud,6.71344e-14,1.90386e-13,0.00714482,True,True,True,True,True,True,True,True
444,-0.0977576,-14.4341,0.247748,-0.111222,-0.0842241,-0.106277,-0.0911467,194,250,10:00,fwd60,corwin_schultz,5.53848e-39,2.76072e-38,0.00714482,True,True,True,True,True,True,True,True
444,-0.00451622,-0.671257,0.45045,-0.0177746,0.00859981,-0.00757994,-0.00213878,194,250,10:00,fwd60,abdi_ranaldo,0.502407,0.548542,0.00714482,True,False,False,False,False,False,False,False
444,-0.00476304,-0.707161,0.472973,-0.0181782,0.00816066,-0.00768345,-0.0024968,194,250,10:00,fwd60,roll,0.479838,0.528801,0.00714482,True,False,False,False,False,False,False,False
444,-0.0893127,-15.089,0.234234,-0.101315,-0.077426,-0.0899625,-0.0888085,194,250,10:00,fwd60,bar_range,8.25785e-42,4.45924e-41,0.00714482,True,True,True,True,True,True,True,True
444,-0.0194925,-3.41388,0.418919,-0.030482,-0.00841912,-0.0306023,-0.0108712,194,250,10:00,fwd60,log_price,0.000699368,0.00108809,0.00714482,True,True,True,True,True,False,True,False
444,-0.0983056,-16.677,0.225225,-0.110047,-0.0864063,-0.115443,-0.0850068,194,250,10:00,fwd60,atr_pct,8.1897e-49,5.4994e-48,0.00714482,True,True,True,True,True,True,True,True
444,0.0429311,7.54046,0.671171,0.0315479,0.0539773,0.0501281,0.0373462,194,250,10:00,fwd60,mins_since_cross,2.67311e-13,7.40245e-13,0.00714482,True,True,True,True,True,True,True,True
444,-0.0411733,-7.25047,0.369369,-0.0523844,-0.0298884,-0.0378484,-0.0437534,194,250,10:00,fwd60,close_pos,1.86472e-12,4.99314e-12,0.00714482,True,True,True,True,True,True,False,False
444,-0.00326705,-0.649669,0.47973,-0.013195,0.0066016,0.00284533,-0.00801027,194,250,10:00,fwd60,ctl_tickerhash,0.516243,0.560344,0.00714482,True,False,False,False,False,False,False,False
444,0.00714482,1.44045,0.52027,-0.00260117,0.0167792,0.0156448,0.00054881,194,250,10:00,fwd60,ctl_random,0.150445,0.184288,0.00714482,True,False,False,False,False,False,False,False
444,-0.0448624,-7.90469,0.342342,-0.0561487,-0.0337871,-0.0485773,-0.0419796,194,250,10:00,fwd60,c37_rank_score,2.15287e-14,6.17284e-14,0.00714482,True,True,True,True,True,True,True,True
444,-0.0451476,-6.8663,0.353604,-0.0582614,-0.0320358,-0.0548283,-0.0376354,194,250,10:00,fwd_flat,coil,2.23621e-11,5.59483e-11,0.00666458,True,True,True,True,True,True,True,True
444,0.0451476,6.8663,0.646396,0.0320358,0.0582614,0.0548283,0.0376354,194,250,10:00,fwd_flat,dist_sess_high_pct,2.23621e-11,5.59483e-11,0.00666458,True,True,True,True,True,True,True,True
444,0.0243596,3.80098,0.592342,0.0117653,0.0368805,0.0223091,0.0259508,194,250,10:00,fwd_flat,dist_high60,0.000164296,0.0002709,0.00666458,True,True,True,True,True,True,True,True
444,-0.117279,-19.6894,0.18018,-0.128889,-0.105622,-0.135403,-0.103216,194,250,10:00,fwd_flat,gain_now,1.85124e-62,1.64329e-61,0.00666458,True,True,True,True,True,True,True,True
444,0.0232396,3.17271,0.567568,0.00890164,0.037408,0.0290032,0.018767,194,250,10:00,fwd_flat,pm_gain,0.00161528,0.00242292,0.00666458,True,True,True,True,True,True,True,True
444,0.0128686,1.77491,0.518018,-0.00104579,0.0269056,0.0140164,0.011978,194,250,10:00,fwd_flat,gap7,0.0765997,0.0982904,0.00666458,True,False,False,True,True,False,False,False
444,-0.0165565,-2.44877,0.463964,-0.0299913,-0.00340446,-0.0163114,-0.0167467,194,250,10:00,fwd_flat,pressure30,0.0147213,0.020559,0.00666458,True,True,True,True,True,False,False,False
444,-0.0288469,-5.0571,0.421171,-0.0400804,-0.0176206,-0.0304664,-0.0275901,194,250,10:00,fwd_flat,pressure30_nv,6.24403e-07,1.23358e-06,0.00666458,True,True,True,True,True,True,True,True
444,-0.0286336,-4.81459,0.398649,-0.0402364,-0.0168941,-0.0303066,-0.0273353,194,250,10:00,fwd_flat,pressure30_bc,2.02754e-06,3.88139e-06,0.00666458,True,True,True,True,True,True,True,True
444,-0.0282882,-4.88299,0.427928,-0.0395071,-0.0169543,-0.0340429,-0.0238225,194,250,10:00,fwd_flat,pressure30_t,1.46151e-06,2.82705e-06,0.00666458,True,True,True,True,True,True,True,True
444,-0.0141835,-2.51082,0.463964,-0.0252779,-0.00312078,-0.0163696,-0.0124871,194,250,10:00,fwd_flat,pressure10,0.0124003,0.0174498,0.00666458,True,True,True,True,True,False,False,False
444,-0.0422582,-6.80992,0.362613,-0.0542353,-0.0303588,-0.0525924,-0.0342388,194,250,10:00,fwd_flat,log_dvol,3.19198e-11,7.90977e-11,0.00666458,True,True,True,True,True,True,True,True
444,-0.00545394,-0.840209,0.502252,-0.0180484,0.00723985,0.00242824,-0.0115705,194,250,10:00,fwd_flat,n_bars,0.401245,0.452579,0.00666458,True,False,False,False,False,False,True,False
444,0.0211377,3.86484,0.565315,0.0105347,0.0320769,0.0199903,0.0220281,194,250,10:00,fwd_flat,stale_min,0.000127784,0.000211504,0.00666458,True,True,True,True,True,True,True,True
444,0.02311,3.76969,0.581081,0.0112355,0.0349118,0.023495,0.0228113,194,250,10:00,fwd_flat,no_trade_share,0.000185589,0.000302927,0.00666458,True,True,True,True,True,True,True,True
444,0.0569427,8.13998,0.673423,0.0431678,0.0704915,0.0796827,0.0392964,194,250,10:00,fwd_flat,amihud,4.04109e-15,1.17956e-14,0.00666458,True,True,True,True,True,True,True,True
444,-0.125113,-18.7935,0.195946,-0.138211,-0.112046,-0.142619,-0.111529,194,250,10:00,fwd_flat,corwin_schultz,2.27101e-58,1.87467e-57,0.00666458,True,True,True,True,True,True,True,True
444,0.00307002,0.443354,0.504505,-0.0102264,0.0167517,0.0226406,-0.0121167,194,250,10:00,fwd_flat,abdi_ranaldo,0.657726,0.691894,0.00666458,True,False,False,False,False,False,False,False
444,0.00624545,0.94456,0.484234,-0.00660307,0.0191168,0.0164188,-0.00164904,194,250,10:00,fwd_flat,roll,0.345398,0.394046,0.00666458,True,False,False,False,False,False,False,False
444,-0.124551,-20.9229,0.157658,-0.136255,-0.112985,-0.134012,-0.117209,194,250,10:00,fwd_flat,bar_range,4.17587e-68,4.00883e-67,0.00666458,True,True,True,True,True,True,True,True
444,-0.0216737,-3.61837,0.414414,-0.0331726,-0.00989994,-0.0287084,-0.0162149,194,250,10:00,fwd_flat,log_price,0.000330632,0.000530978,0.00666458,True,True,True,True,True,True,True,True
444,-0.107452,-17.436,0.198198,-0.119341,-0.0954014,-0.124659,-0.0941,194,250,10:00,fwd_flat,atr_pct,3.22397e-52,2.29575e-51,0.00666458,True,True,True,True,True,True,True,True
444,0.0637294,10.6794,0.702703,0.0521202,0.0754491,0.0792462,0.0516883,194,250,10:00,fwd_flat,mins_since_cross,7.62195e-24,2.78255e-23,0.00666458,True,True,True,True,True,True,True,True
444,-0.0281618,-4.95334,0.403153,-0.0394681,-0.0169033,-0.0240602,-0.0313446,194,250,10:00,fwd_flat,close_pos,1.03958e-06,2.03213e-06,0.00666458,True,True,True,True,True,True,False,False
444,0.00273008,0.525871,0.511261,-0.00754968,0.012863,0.00168956,0.00353753,194,250,10:00,fwd_flat,ctl_tickerhash,0.599241,0.640244,0.00666458,True,False,False,False,True,False,False,False
444,0.00666458,1.27911,0.522523,-0.00375016,0.0168842,0.010124,0.00398011,194,250,10:00,fwd_flat,ctl_random,0.201528,0.240497,0.00666458,True,False,False,False,True,False,False,False
444,-0.0456048,-7.71707,0.346847,-0.0572347,-0.0338886,-0.0547068,-0.0385417,194,250,10:00,fwd_flat,c37_rank_score,7.96625e-14,2.25421e-13,0.00666458,True,True,True,True,True,True,True,True
444,-0.0209735,-3.35999,0.423423,-0.0330675,-0.0087532,-0.0173367,-0.0237957,194,250,10:00,fwd60_nx,coil,0.000846886,0.00130207,0.00526205,True,True,True,True,True,True,True,True
444,0.0209735,3.35999,0.576577,0.0087532,0.0330675,0.0173367,0.0237957,194,250,10:00,fwd60_nx,dist_sess_high_pct,0.000846886,0.00130207,0.00526205,True,True,True,True,True,True,True,True
444,0.0244626,4.03001,0.585586,0.0125403,0.0363829,0.0315469,0.0189652,194,250,10:00,fwd60_nx,dist_high60,6.56451e-05,0.000111356,0.00526205,True,True,True,True,True,True,True,True
444,-0.0897644,-15.4823,0.231982,-0.101131,-0.0785052,-0.099229,-0.0824199,194,250,10:00,fwd60_nx,gain_now,1.58545e-43,8.89501e-43,0.00526205,True,True,True,True,True,True,True,True
444,-0.001701,-0.218876,0.497748,-0.0170569,0.0136207,-0.00475036,0.000665304,194,250,10:00,fwd60_nx,pm_gain,0.826848,0.846441,0.00526205,True,False,False,False,False,False,False,False
444,-0.008805,-1.16714,0.486486,-0.0236384,0.00604088,-0.0164562,-0.00286764,194,250,10:00,fwd60_nx,gap7,0.243782,0.287743,0.00526205,True,False,False,True,False,False,False,False
444,-0.0120463,-1.80386,0.466216,-0.0250868,0.00119462,-0.0107802,-0.0130287,194,250,10:00,fwd60_nx,pressure30,0.0719331,0.0926693,0.00526205,True,False,False,True,True,False,False,False
444,-0.0169781,-3.02063,0.445946,-0.0279139,-0.00588958,-0.0218902,-0.0131663,194,250,10:00,fwd60_nx,pressure30_nv,0.00266846,0.0039033,0.00526205,True,True,True,True,True,False,True,False
444,-0.0146466,-2.54435,0.452703,-0.025984,-0.003127,-0.0215664,-0.00927683,194,250,10:00,fwd60_nx,pressure30_bc,0.0112866,0.0159514,0.00526205,True,True,True,True,True,False,True,False
444,-0.0173261,-3.11157,0.439189,-0.0281498,-0.00647534,-0.0236935,-0.012385,194,250,10:00,fwd60_nx,pressure30_t,0.00198129,0.00293122,0.00526205,True,True,True,True,True,False,True,False
444,0.000815088,0.152236,0.515766,-0.00973223,0.0114545,-0.00374535,0.00435399,194,250,10:00,fwd60_nx,pressure10,0.87907,0.892849,0.00526205,True,False,False,False,False,False,False,False
444,-0.0354803,-5.72578,0.427928,-0.0478183,-0.023447,-0.0340195,-0.0366139,194,250,10:00,fwd60_nx,log_dvol,1.90146e-08,4.06649e-08,0.00526205,True,True,True,True,True,True,True,True
444,-0.00213992,-0.353867,0.527027,-0.0140611,0.00980021,0.0107962,-0.0121783,194,250,10:00,fwd60_nx,n_bars,0.723607,0.753854,0.00526205,True,False,False,False,False,False,True,False
444,0.0174162,3.30142,0.558559,0.00698247,0.0279206,0.00775474,0.0249135,194,250,10:00,fwd60_nx,stale_min,0.00103979,0.00158538,0.00526205,True,True,True,True,False,False,True,False
444,0.0131646,2.19014,0.524775,0.0013628,0.025178,-0.000783489,0.0239882,194,250,10:00,fwd60_nx,no_trade_share,0.0290347,0.0393197,0.00526205,True,True,True,True,False,False,True,False
444,0.0506339,7.34487,0.614865,0.0370858,0.0643546,0.055585,0.0467919,194,250,10:00,fwd60_nx,amihud,9.97056e-13,2.70331e-12,0.00526205,True,True,True,True,True,True,True,True
444,-0.0931707,-13.7883,0.27027,-0.106329,-0.0797005,-0.101876,-0.0864156,194,250,10:00,fwd60_nx,corwin_schultz,3.07e-36,1.44681e-35,0.00526205,True,True,True,True,True,True,True,True
444,-0.00246807,-0.361402,0.477477,-0.0158003,0.0108788,-0.00479502,-0.000662352,194,250,10:00,fwd60_nx,abdi_ranaldo,0.717971,0.749187,0.00526205,True,False,False,False,False,False,False,False
444,-0.00126405,-0.190902,0.481982,-0.0143694,0.0115928,-0.00331157,0.000324825,194,250,10:00,fwd60_nx,roll,0.84869,0.865383,0.00526205,True,False,False,False,False,False,False,False
444,-0.0875884,-15.1165,0.238739,-0.0991618,-0.0758918,-0.0877049,-0.0874981,194,250,10:00,fwd60_nx,bar_range,6.26876e-42,3.41358e-41,0.00526205,True,True,True,True,True,True,True,True
444,-0.0194566,-3.38382,0.43018,-0.030527,-0.00841241,-0.0343965,-0.00786331,194,250,10:00,fwd60_nx,log_price,0.00077841,0.00120528,0.00526205,True,True,True,True,False,False,True,False
444,-0.0879091,-14.5518,0.240991,-0.0997943,-0.0758648,-0.103992,-0.0754289,194,250,10:00,fwd60_nx,atr_pct,1.73239e-39,8.90942e-39,0.00526205,True,True,True,True,True,True,True,True
444,0.0331598,5.55151,0.61036,0.0212169,0.0446989,0.0380019,0.0294023,194,250,10:00,fwd60_nx,mins_since_cross,4.8871e-08,1.02987e-07,0.00526205,True,True,True,True,True,True,True,True
444,-0.0113593,-1.95882,0.457207,-0.0226399,0.000415769,-0.00594665,-0.0155594,194,250,10:00,fwd60_nx,close_pos,0.0507609,0.0663166,0.00526205,True,False,False,True,True,False,False,False
444,-0.00193318,-0.400813,0.481982,-0.011336,0.00758669,0.00451403,-0.00693621,194,250,10:00,fwd60_nx,ctl_tickerhash,0.688751,0.721019,0.00526205,True,False,False,False,False,False,False,False
444,0.00526205,1.09845,0.5,-0.00418949,0.0146935,0.0129772,-0.000724912,194,250,10:00,fwd60_nx,ctl_random,0.272603,0.31857,0.00526205,True,False,False,False,False,False,False,False
444,-0.0265653,-4.65245,0.403153,-0.0379806,-0.0154706,-0.0208064,-0.0310341,194,250,10:00,fwd60_nx,c37_rank_score,4.33806e-06,8.06617e-06,0.00526205,True,True,True,True,True,True,True,True
444,-0.0236795,-3.60376,0.439189,-0.0366538,-0.0105793,-0.0281357,-0.0202214,194,250,10:00,fwd_flat_nx,coil,0.000349236,0.000558089,0.00420969,True,True,True,True,True,True,True,True
444,0.0236795,3.60376,0.560811,0.0105793,0.0366538,0.0281357,0.0202214,194,250,10:00,fwd_flat_nx,dist_sess_high_pct,0.000349236,0.000558089,0.00420969,True,True,True,True,True,True,True,True
444,0.0447987,6.99076,0.637387,0.0320512,0.057211,0.0486645,0.0417989,194,250,10:00,fwd_flat_nx,dist_high60,1.0113e-11,2.58278e-11,0.00420969,True,True,True,True,True,True,True,True
444,-0.099602,-16.4543,0.222973,-0.11135,-0.0875725,-0.11293,-0.0892592,194,250,10:00,fwd_flat_nx,gain_now,8.05329e-48,5.06654e-47,0.00420969,True,True,True,True,True,True,True,True
444,0.0237265,3.25969,0.545045,0.00943146,0.0377525,0.0294702,0.0192695,194,250,10:00,fwd_flat_nx,pm_gain,0.0012013,0.0018188,0.00420969,True,True,True,True,True,True,True,True
444,0.0131413,1.82209,0.524775,-0.000979448,0.0271629,0.0140008,0.0124744,194,250,10:00,fwd_flat_nx,gap7,0.0691154,0.0891279,0.00420969,True,False,False,True,True,False,False,False
444,-0.013126,-1.92571,0.493243,-0.026755,0.000133723,-0.0125167,-0.0135989,194,250,10:00,fwd_flat_nx,pressure30,0.0547808,0.0714245,0.00420969,True,False,False,True,True,False,False,False
444,-0.0245193,-4.2939,0.434685,-0.0356975,-0.0134193,-0.0273651,-0.022311,194,250,10:00,fwd_flat_nx,pressure30_nv,2.15871e-05,3.81156e-05,0.00420969,True,True,True,True,True,True,True,True
444,-0.0207687,-3.50122,0.427928,-0.0323961,-0.009135,-0.0240374,-0.0182322,194,250,10:00,fwd_flat_nx,pressure30_bc,0.000510098,0.00080506,0.00420969,True,True,True,True,True,True,True,True
444,-0.0241422,-4.18046,0.439189,-0.0356362,-0.0128186,-0.0311927,-0.018671,194,250,10:00,fwd_flat_nx,pressure30_t,3.50713e-05,6.11125e-05,0.00420969,True,True,True,True,True,True,True,True
444,-0.00757887,-1.34964,0.47973,-0.0186211,0.00331639,-0.0113878,-0.00462315,194,250,10:00,fwd_flat_nx,pressure10,0.17782,0.214376,0.00420969,True,False,False,True,True,False,False,False
444,-0.0521259,-8.33994,0.34009,-0.0641865,-0.0401716,-0.0614477,-0.0448921,194,250,10:00,fwd_flat_nx,log_dvol,9.48806e-16,2.87302e-15,0.00420969,True,True,True,True,True,True,True,True
444,-0.0149564,-2.3176,0.475225,-0.0275338,-0.00259475,-0.00685554,-0.0212427,194,250,10:00,fwd_flat_nx,n_bars,0.0209257,0.0287611,0.00420969,True,True,True,True,False,False,True,False
444,0.0322959,6.08866,0.619369,0.0218188,0.0427831,0.0302912,0.0338515,194,250,10:00,fwd_flat_nx,stale_min,2.47032e-09,5.55822e-09,0.00420969,True,True,True,True,True,True,True,True
444,0.0333901,5.45415,0.614865,0.0213664,0.0451931,0.0334134,0.0333721,194,250,10:00,fwd_flat_nx,no_trade_share,8.19602e-08,1.70225e-07,0.00420969,True,True,True,True,True,True,True,True
444,0.0558525,8.0036,0.664414,0.0421703,0.0693421,0.0770961,0.0393675,194,250,10:00,fwd_flat_nx,amihud,1.0702e-14,3.09594e-14,0.00420969,True,True,True,True,True,True,True,True
444,-0.122571,-18.2585,0.193694,-0.135605,-0.109488,-0.141285,-0.10805,194,250,10:00,fwd_flat_nx,corwin_schultz,6.14656e-56,4.85728e-55,0.00420969,True,True,True,True,True,True,True,True
444,0.00477692,0.683062,0.506757,-0.00856919,0.0186046,0.0233185,-0.00961134,194,250,10:00,fwd_flat_nx,abdi_ranaldo,0.494925,0.541285,0.00420969,True,False,False,True,False,False,False,False
444,0.00838032,1.27366,0.486486,-0.00429044,0.021235,0.0177405,0.00111678,194,250,10:00,fwd_flat_nx,roll,0.203452,0.24257,0.00420969,True,False,False,True,False,False,False,False
444,-0.122662,-20.5966,0.150901,-0.13438,-0.111127,-0.131965,-0.115443,194,250,10:00,fwd_flat_nx,bar_range,1.30471e-66,1.22529e-65,0.00420969,True,True,True,True,True,True,True,True
444,-0.0237436,-3.96061,0.43018,-0.0355047,-0.0119313,-0.0326588,-0.0168254,194,250,10:00,fwd_flat_nx,log_price,8.70902e-05,0.000146014,0.00420969,True,True,True,True,True,True,True,True
444,-0.097763,-15.8011,0.216216,-0.109695,-0.0855928,-0.115113,-0.0842997,194,250,10:00,fwd_flat_nx,atr_pct,6.30193e-45,3.67897e-44,0.00420969,True,True,True,True,True,True,True,True
444,0.0563122,9.3372,0.684685,0.0444925,0.0681104,0.0718159,0.0442813,194,250,10:00,fwd_flat_nx,mins_since_cross,4.82746e-19,1.61247e-18,0.00420969,True,True,True,True,True,True,True,True
444,-0.00809985,-1.4287,0.470721,-0.0192136,0.00320013,-0.00308955,-0.0119878,194,250,10:00,fwd_flat_nx,close_pos,0.153796,0.188037,0.00420969,True,False,False,True,False,False,False,False
444,0.00210589,0.418202,0.502252,-0.00783046,0.01177,0.000976912,0.00298198,194,250,10:00,fwd_flat_nx,ctl_tickerhash,0.676002,0.709391,0.00420969,True,False,False,False,False,False,False,False
444,0.00420969,0.807209,0.509009,-0.0061301,0.0144535,0.00731883,0.001797,194,250,10:00,fwd_flat_nx,ctl_random,0.419979,0.47125,0.00420969,True,False,False,False,False,False,False,False
444,-0.0329408,-5.56938,0.38964,-0.0446118,-0.0211155,-0.0358183,-0.0307078,194,250,10:00,fwd_flat_nx,c37_rank_score,4.44098e-08,9.3738e-08,0.00420969,True,True,True,True,True,True,True,True
444,-0.017523,-2.48993,0.457207,-0.03154,-0.00360541,-0.0257995,-0.0111004,194,250,10:00,fwd_flat_nx5,coil,0.0131424,0.0184334,0.00320578,True,True,True,True,True,False,True,False
444,0.017523,2.48993,0.542793,0.00360541,0.03154,0.0257995,0.0111004,194,250,10:00,fwd_flat_nx5,dist_sess_high_pct,0.0131424,0.0184334,0.00320578,True,True,True,True,True,False,True,False
444,0.0452521,6.6637,0.628378,0.0317605,0.0583616,0.0479093,0.0431901,194,250,10:00,fwd_flat_nx5,dist_high60,7.9488e-11,1.9364e-10,0.00320578,True,True,True,True,True,True,True,True
444,-0.0964938,-14.8265,0.256757,-0.109084,-0.0837691,-0.11439,-0.0826061,194,250,10:00,fwd_flat_nx5,gain_now,1.1344e-40,5.92816e-40,0.00320578,True,True,True,True,True,True,True,True
444,0.0160368,2.14571,0.540541,0.00104634,0.0303891,0.0223362,0.0111485,194,250,10:00,fwd_flat_nx5,pm_gain,0.0324388,0.0436107,0.00320578,True,True,True,True,True,False,True,False
444,0.0061407,0.82667,0.527027,-0.0084851,0.0206205,0.00669423,0.00571116,194,250,10:00,fwd_flat_nx5,gap7,0.408869,0.460377,0.00320578,True,False,False,True,True,False,False,False
444,-0.0072305,-1.04318,0.47973,-0.0209118,0.00627057,-0.00967513,-0.00533346,194,250,10:00,fwd_flat_nx5,pressure30,0.297435,0.343868,0.00320578,True,False,False,True,True,False,False,False
444,-0.0191713,-3.118,0.439189,-0.0309929,-0.00719652,-0.0205797,-0.0180784,194,250,10:00,fwd_flat_nx5,pressure30_nv,0.00193949,0.00287267,0.00320578,True,True,True,True,True,False,True,False
444,-0.0197213,-3.10639,0.427928,-0.0320777,-0.00756048,-0.0209384,-0.0187768,194,250,10:00,fwd_flat_nx5,pressure30_bc,0.00201556,0.00297513,0.00320578,True,True,True,True,True,False,True,False
444,-0.0195315,-3.15921,0.454955,-0.0315947,-0.00762182,-0.0245616,-0.0156281,194,250,10:00,fwd_flat_nx5,pressure30_t,0.00169026,0.00251791,0.00320578,True,True,True,True,True,False,True,False
444,-0.004918,-0.841022,0.5,-0.0162752,0.00662044,-0.00734215,-0.00303687,194,250,10:00,fwd_flat_nx5,pressure10,0.400789,0.452459,0.00320578,True,False,False,True,True,False,False,False
444,-0.0526109,-8.34326,0.351351,-0.0648075,-0.040581,-0.0675489,-0.0410191,194,250,10:00,fwd_flat_nx5,log_dvol,9.26078e-16,2.81077e-15,0.00320578,True,True,True,True,True,True,True,True
444,-0.0141556,-2.16811,0.461712,-0.026812,-0.0015697,-0.00801126,-0.0189236,194,250,10:00,fwd_flat_nx5,n_bars,0.030682,0.0413776,0.00320578,True,True,True,True,True,False,True,False
444,0.0326758,6.10337,0.628378,0.0221539,0.0431737,0.0310328,0.0339507,194,250,10:00,fwd_flat_nx5,stale_min,2.26946e-09,5.12408e-09,0.00320578,True,True,True,True,True,True,True,True
444,0.0305592,5.0876,0.594595,0.0191477,0.0421603,0.0345995,0.0274238,194,250,10:00,fwd_flat_nx5,no_trade_share,5.36615e-07,1.06338e-06,0.00320578,True,True,True,True,True,True,True,True
444,0.0529451,7.47694,0.637387,0.038991,0.0667144,0.0736934,0.0368445,194,250,10:00,fwd_flat_nx5,amihud,4.11047e-13,1.13344e-12,0.00320578,True,True,True,True,True,True,True,True
444,-0.114574,-16.4683,0.216216,-0.128306,-0.100865,-0.133788,-0.0996647,194,250,10:00,fwd_flat_nx5,corwin_schultz,6.98016e-48,4.4563e-47,0.00320578,True,True,True,True,True,True,True,True
444,0.00482711,0.688509,0.529279,-0.00868707,0.0188234,0.0211742,-0.00785824,194,250,10:00,fwd_flat_nx5,abdi_ranaldo,0.491493,0.537985,0.00320578,True,False,False,True,False,False,False,False
444,0.00679561,1.01595,0.486486,-0.00635116,0.0199246,0.0142428,0.00101662,194,250,10:00,fwd_flat_nx5,roll,0.310206,0.357357,0.00320578,True,False,False,True,False,False,False,False
444,-0.117246,-18.9746,0.166667,-0.129296,-0.105392,-0.131044,-0.106539,194,250,10:00,fwd_flat_nx5,bar_range,3.39792e-59,2.87824e-58,0.00320578,True,True,True,True,True,True,True,True
444,-0.0229362,-3.55123,0.432432,-0.0353029,-0.0104843,-0.034877,-0.0136701,194,250,10:00,fwd_flat_nx5,log_price,0.000424511,0.000674223,0.00320578,True,True,True,True,True,True,True,True
444,-0.0951601,-14.9782,0.216216,-0.107509,-0.0827167,-0.112404,-0.0817786,194,250,10:00,fwd_flat_nx5,atr_pct,2.50016e-41,1.32796e-40,0.00320578,True,True,True,True,True,True,True,True
444,0.0472134,7.36158,0.632883,0.0344977,0.0597893,0.0617013,0.0359709,194,250,10:00,fwd_flat_nx5,mins_since_cross,8.91907e-13,2.42838e-12,0.00320578,True,True,True,True,True,True,True,True
444,-0.00522631,-0.886907,0.47973,-0.0169437,0.00635445,0.00279324,-0.0114495,194,250,10:00,fwd_flat_nx5,close_pos,0.37561,0.425889,0.00320578,True,False,False,True,False,False,False,False
444,0.00320578,0.617374,0.509009,-0.00690581,0.0131168,-0.000161469,0.00581877,194,250,10:00,fwd_flat_nx5,ctl_tickerhash,0.537305,0.582231,0.00320578,True,False,False,False,False,False,False,False
444,0.00285304,0.516614,0.495495,-0.00823652,0.0136724,0.00997409,-0.0026729,194,250,10:00,fwd_flat_nx5,ctl_random,0.605683,0.646062,0.00320578,True,False,False,False,False,False,False,False
444,-0.0269049,-4.27175,0.405405,-0.0393226,-0.0144471,-0.0353994,-0.0203132,194,250,10:00,fwd_flat_nx5,c37_rank_score,2.37528e-05,4.18824e-05,0.00320578,True,True,True,True,True,True,True,True
444,-0.231033,-38.4205,0.0382883,-0.242837,-0.219123,-0.237507,-0.22601,194,250,10:00,peak60,coil,4.03516e-143,1.30739e-141,0.00747581,False,True,True,True,True,True,True,False
444,0.231033,38.4205,0.961712,0.219123,0.242837,0.237507,0.22601,194,250,10:00,peak60,dist_sess_high_pct,4.03516e-143,1.30739e-141,0.00747581,False,True,True,True,True,True,True,False
444,-0.182491,-30.1208,0.0878378,-0.194187,-0.170519,-0.191933,-0.175164,194,250,10:00,peak60,dist_high60,2.85212e-109,5.68669e-108,0.00747581,False,True,True,True,True,True,False,False
444,0.0628909,10.9416,0.693694,0.0515932,0.0740736,0.0487809,0.0738402,194,250,10:00,peak60,gain_now,7.93928e-25,2.97379e-24,0.00747581,False,True,True,True,True,True,False,False
444,0.00570099,0.790645,0.477477,-0.00833575,0.0198059,0.0082039,0.00375873,194,250,10:00,peak60,pm_gain,0.429574,0.480767,0.00747581,False,False,False,False,True,False,True,False
444,0.0121452,1.72834,0.5,-0.00147137,0.0257587,0.0142233,0.0105326,194,250,10:00,peak60,gap7,0.0846235,0.107627,0.00747581,False,False,False,True,True,False,False,False
444,-0.030998,-4.55317,0.403153,-0.0444776,-0.0175195,-0.0397773,-0.0241853,194,250,10:00,peak60,pressure30,6.83774e-06,1.2552e-05,0.00747581,False,True,True,True,True,True,False,False
444,-0.0219685,-3.71297,0.43018,-0.0336066,-0.0102365,-0.0236934,-0.0206299,194,250,10:00,peak60,pressure30_nv,0.000230968,0.000374636,0.00747581,False,True,True,True,True,True,True,False
444,-0.011104,-1.92389,0.47973,-0.0225586,0.000141028,-0.00365656,-0.0168833,194,250,10:00,peak60,pressure30_bc,0.0550083,0.071649,0.00747581,False,False,False,True,False,False,True,False
444,-0.0233568,-4.01162,0.412162,-0.03472,-0.0119572,-0.0211736,-0.025051,194,250,10:00,peak60,pressure30_t,7.07798e-05,0.000119286,0.00747581,False,True,True,True,True,True,True,False
444,0.00302123,0.573706,0.509009,-0.00719577,0.0136528,0.00601797,0.000695766,194,250,10:00,peak60,pressure10,0.566458,0.609742,0.00747581,False,False,False,False,False,False,False,False
444,0.0857893,14.5012,0.761261,0.0744965,0.0975896,0.101069,0.0739323,194,250,10:00,peak60,log_dvol,2.85596e-39,1.44583e-38,0.00747581,False,True,True,True,True,True,False,False
444,0.179013,32.4362,0.936937,0.168415,0.189731,0.201777,0.161347,194,250,10:00,peak60,n_bars,4.39398e-119,1.05456e-117,0.00747581,False,True,True,True,True,True,False,False
444,-0.102982,-17.7241,0.204955,-0.114248,-0.0916988,-0.124648,-0.0861683,194,250,10:00,peak60,stale_min,1.6163e-53,1.22499e-52,0.00747581,False,True,True,True,True,True,False,False
444,-0.0909588,-15.424,0.218468,-0.102597,-0.0796588,-0.121249,-0.0674534,194,250,10:00,peak60,no_trade_share,2.85425e-43,1.59444e-42,0.00747581,False,True,True,True,True,True,False,False
444,0.122713,18.5563,0.81982,0.109549,0.135569,0.119016,0.125581,194,250,10:00,peak60,amihud,2.72607e-57,2.23606e-56,0.00747581,False,True,True,True,True,True,True,False
444,0.269898,40.4851,0.968468,0.256715,0.283123,0.280611,0.261585,194,250,10:00,peak60,corwin_schultz,5.79691e-151,2.08689e-149,0.00747581,False,True,True,True,True,True,False,False
444,0.114061,17.3834,0.783784,0.100925,0.12677,0.115275,0.11312,194,250,10:00,peak60,abdi_ranaldo,5.56238e-52,3.93926e-51,0.00747581,False,True,True,True,True,True,False,False
444,0.101147,16.0095,0.772523,0.0887108,0.113749,0.0984031,0.103277,194,250,10:00,peak60,roll,7.58125e-46,4.56991e-45,0.00747581,False,True,True,True,True,True,False,False
444,0.264099,48.5156,0.984234,0.253592,0.27486,0.269991,0.259527,194,250,10:00,peak60,bar_range,2.28987e-179,2.11977e-177,0.00747581,False,True,True,True,True,True,False,False
444,-0.0732584,-11.9341,0.283784,-0.0852464,-0.0612784,-0.0431474,-0.0966245,194,250,10:00,peak60,log_price,1.16497e-28,4.73294e-28,0.00747581,False,True,True,True,True,True,True,False
444,0.2214,36.7932,0.952703,0.209549,0.233234,0.193862,0.24277,194,250,10:00,peak60,atr_pct,8.90765e-137,2.81569e-135,0.00747581,False,True,True,True,True,True,False,False
444,0.142962,24.8053,0.896396,0.13167,0.15416,0.151839,0.136074,194,250,10:00,peak60,mins_since_cross,8.37636e-86,1.04382e-84,0.00747581,False,True,True,True,True,True,True,False
444,-0.044991,-8.71138,0.328829,-0.055117,-0.0349137,-0.0451868,-0.0448391,194,250,10:00,peak60,close_pos,6.02574e-17,1.87275e-16,0.00747581,False,True,True,True,True,True,False,False
444,-0.00242877,-0.463381,0.484234,-0.0127597,0.00781195,0.00765373,-0.0102528,194,250,10:00,peak60,ctl_tickerhash,0.643319,0.681162,0.00747581,False,False,False,False,False,False,False,False
444,0.00747581,1.54,0.495495,-0.00189325,0.0170978,0.0212933,-0.00324654,194,250,10:00,peak60,ctl_random,0.124274,0.154568,0.00747581,False,False,False,False,False,False,False,False
444,-0.10983,-18.9508,0.186937,-0.121252,-0.0983803,-0.112137,-0.10804,194,250,10:00,peak60,c37_rank_score,4.36317e-59,3.67186e-58,0.00747581,False,True,True,True,True,True,True,False
444,-0.253422,-42.5338,0.0202703,-0.265082,-0.24163,-0.261852,-0.24688,194,250,10:00,peak_flat,coil,1.60318e-158,7.69524e-157,0.0102149,False,True,True,True,True,True,True,False
444,0.253422,42.5338,0.97973,0.24163,0.265082,0.261852,0.24688,194,250,10:00,peak_flat,dist_sess_high_pct,1.60318e-158,7.69524e-157,0.0102149,False,True,True,True,True,True,True,False
444,-0.158359,-26.5431,0.114865,-0.169958,-0.146357,-0.162332,-0.155276,194,250,10:00,peak_flat,dist_high60,1.33059e-93,1.89499e-92,0.0102149,False,True,True,True,True,True,False,False
444,0.0291252,5.11883,0.581081,0.0179121,0.0403016,0.0155507,0.0396589,194,250,10:00,peak_flat,gain_now,4.59148e-07,9.15471e-07,0.0102149,False,True,True,True,True,True,False,False
444,0.0216593,3.06752,0.551802,0.00803887,0.0354891,0.0238507,0.0199588,194,250,10:00,peak_flat,pm_gain,0.00229069,0.00336591,0.0102149,False,True,True,True,True,True,True,False
444,0.0248495,3.59526,0.547297,0.0114123,0.0382614,0.0270281,0.0231589,194,250,10:00,peak_flat,gap7,0.000360493,0.00057466,0.0102149,False,True,True,True,True,True,False,False
444,-0.0414168,-6.25719,0.38964,-0.0545428,-0.0283245,-0.0429399,-0.0402348,194,250,10:00,peak_flat,pressure30,9.25492e-10,2.14953e-09,0.0102149,False,True,True,True,True,True,False,False
444,-0.0394617,-6.83456,0.373874,-0.0509632,-0.0282548,-0.0384667,-0.0402338,194,250,10:00,peak_flat,pressure30_nv,2.733e-11,6.81147e-11,0.0102149,False,True,True,True,True,True,True,False
444,-0.0288568,-4.94552,0.400901,-0.0403423,-0.017512,-0.0197485,-0.0359249,194,250,10:00,peak_flat,pressure30_bc,1.07992e-06,2.10462e-06,0.0102149,False,True,True,True,True,True,True,False
444,-0.0422553,-7.24668,0.351351,-0.0537793,-0.0309565,-0.041056,-0.0431859,194,250,10:00,peak_flat,pressure30_t,1.91187e-12,5.10883e-12,0.0102149,False,True,True,True,True,True,True,False
444,-0.0037255,-0.701299,0.488739,-0.0144885,0.00661406,0.000313953,-0.00686012,194,250,10:00,peak_flat,pressure10,0.483484,0.530764,0.0102149,False,False,False,False,False,False,False,False
444,0.00437324,0.729699,0.502252,-0.0070006,0.0161632,0.0139672,-0.00307166,194,250,10:00,peak_flat,log_dvol,0.46596,0.516573,0.0102149,False,False,False,False,False,False,False,False
444,0.137347,23.6386,0.842342,0.126087,0.148576,0.162552,0.117788,194,250,10:00,peak_flat,n_bars,1.62779e-80,1.80308e-79,0.0102149,False,True,True,True,True,True,False,False
444,-0.0400539,-6.83143,0.364865,-0.0517012,-0.0285803,-0.0580658,-0.0260766,194,250,10:00,peak_flat,stale_min,2.78754e-11,6.93406e-11,0.0102149,False,True,True,True,True,True,False,False
444,-0.0172741,-2.85814,0.427928,-0.0288671,-0.00566236,-0.0425192,0.00231602,194,250,10:00,peak_flat,no_trade_share,0.00446224,0.00644711,0.0102149,False,True,True,True,False,False,False,False
444,0.189172,28.1773,0.923423,0.175814,0.202207,0.196896,0.183179,194,250,10:00,peak_flat,amihud,7.86971e-101,1.27489e-99,0.0102149,False,True,True,True,True,True,True,False
444,0.225455,33.7284,0.945946,0.212379,0.238734,0.22862,0.222999,194,250,10:00,peak_flat,corwin_schultz,1.94352e-124,4.84384e-123,0.0102149,False,True,True,True,True,True,False,False
444,0.141432,22.1517,0.846847,0.129052,0.153966,0.150068,0.13473,194,250,10:00,peak_flat,abdi_ranaldo,9.88727e-74,1.03338e-72,0.0102149,False,True,True,True,True,True,False,False
444,0.13066,20.161,0.833333,0.117904,0.143084,0.131979,0.129637,194,250,10:00,peak_flat,roll,1.28786e-64,1.17539e-63,0.0102149,False,True,True,True,True,True,False,False
444,0.195319,35.4819,0.957207,0.184475,0.206071,0.194494,0.19596,194,250,10:00,peak_flat,bar_range,1.46759e-131,4.04679e-130,0.0102149,False,True,True,True,True,True,False,False
444,-0.0836453,-12.8478,0.274775,-0.0965799,-0.0707966,-0.0448859,-0.113723,194,250,10:00,peak_flat,log_price,2.46738e-32,1.06237e-31,0.0102149,False,True,True,True,True,True,True,False
444,0.225741,35.9195,0.957207,0.213403,0.238139,0.195675,0.249073,194,250,10:00,peak_flat,atr_pct,2.59978e-133,7.32461e-132,0.0102149,False,True,True,True,True,True,False,False
444,0.179061,31.8193,0.939189,0.16805,0.190043,0.196268,0.165708,194,250,10:00,peak_flat,mins_since_cross,1.69937e-116,3.73286e-115,0.0102149,False,True,True,True,True,True,True,False
444,-0.0334994,-6.02654,0.380631,-0.0444748,-0.0226824,-0.0296815,-0.036462,194,250,10:00,peak_flat,close_pos,3.52851e-09,7.84381e-09,0.0102149,False,True,True,True,True,True,False,False
444,-0.0053929,-1.05774,0.459459,-0.0154449,0.00459103,0.00154756,-0.0107787,194,250,10:00,peak_flat,ctl_tickerhash,0.290749,0.33704,0.0102149,False,False,False,False,False,False,False,False
444,0.0102149,2.02748,0.542793,0.00034235,0.0200593,0.0209161,0.00191082,194,250,10:00,peak_flat,ctl_random,0.043211,0.0570861,0.0102149,False,True,False,False,False,False,False,False
444,-0.160589,-27.717,0.0855856,-0.172104,-0.149024,-0.162552,-0.159066,194,250,10:00,peak_flat,c37_rank_score,8.32301e-99,1.29959e-97,0.0102149,False,True,True,True,True,True,True,False
444,-0.0482698,-8.21445,0.358108,-0.0598082,-0.0366684,-0.0463735,-0.0497414,194,250,10:30,fwd30,coil,2.36263e-15,6.99152e-15,0.00325595,True,True,True,True,True,True,False,False
444,0.0482697,8.21443,0.641892,0.0366683,0.0598082,0.0463735,0.0497412,194,250,10:30,fwd30,dist_sess_high_pct,2.36287e-15,6.99152e-15,0.00325595,True,True,True,True,True,True,False,False
444,-0.0247376,-4.18038,0.432432,-0.0361853,-0.0130981,-0.0217746,-0.0270369,194,250,10:30,fwd30,dist_high60,3.50831e-05,6.11125e-05,0.00325595,True,True,True,True,True,True,False,False
444,-0.0816039,-14.6164,0.25,-0.0926683,-0.0708495,-0.0808443,-0.0821933,194,250,10:30,fwd30,gain_now,9.14167e-40,4.72016e-39,0.00325595,True,True,True,True,True,True,True,True
444,-0.00433882,-0.616286,0.5,-0.0180648,0.00922338,-0.0184674,0.006625,194,250,10:30,fwd30,pm_gain,0.538022,0.58252,0.00325595,True,False,False,True,False,False,False,False
444,-0.00653523,-0.935102,0.457207,-0.0202221,0.00677329,-0.0222005,0.00562099,194,250,10:30,fwd30,gap7,0.350245,0.399224,0.00325595,True,False,False,True,False,False,False,False
444,-0.0234444,-4.06511,0.40991,-0.03469,-0.0121052,-0.0145894,-0.0303159,194,250,10:30,fwd30,pressure30,5.68101e-05,9.70038e-05,0.00325595,True,True,True,True,True,True,False,False
444,-0.0238922,-4.92118,0.396396,-0.0332731,-0.0141754,-0.0231759,-0.0244481,194,250,10:30,fwd30,pressure30_nv,1.21539e-06,2.36509e-06,0.00325595,True,True,True,True,True,True,True,True
444,-0.0340506,-6.67653,0.38964,-0.0438731,-0.024246,-0.0308494,-0.0365347,194,250,10:30,fwd30,pressure30_bc,7.34179e-11,1.7919e-10,0.00325595,True,True,True,True,True,True,True,True
444,-0.0291458,-5.98859,0.369369,-0.038387,-0.0194505,-0.0284672,-0.0296725,194,250,10:30,fwd30,pressure30_t,4.38054e-09,9.70459e-09,0.00325595,True,True,True,True,True,True,False,False
444,-0.0294941,-5.93613,0.362613,-0.0391938,-0.0199806,-0.026478,-0.0318345,194,250,10:30,fwd30,pressure10,5.89694e-09,1.29533e-08,0.00325595,True,True,True,True,True,True,False,False
444,-0.0123429,-1.98978,0.495495,-0.0245081,-0.000543201,-0.00843019,-0.0153791,194,250,10:30,fwd30,log_dvol,0.0472299,0.0619534,0.00325595,True,True,False,True,True,False,True,False
444,0.00510936,0.822388,0.536036,-0.00707702,0.0170588,0.0162021,-0.00349858,194,250,10:30,fwd30,n_bars,0.411298,0.46239,0.00325595,True,False,False,True,False,False,False,False
444,0.00153692,0.293954,0.488739,-0.00859858,0.0118241,-0.0038306,0.00570212,194,250,10:30,fwd30,stale_min,0.76893,0.794051,0.00325595,True,False,False,False,False,False,True,False
444,0.00314446,0.537876,0.488739,-0.00820109,0.0146949,-0.0044383,0.00902868,194,250,10:30,fwd30,no_trade_share,0.590933,0.633457,0.00325595,True,False,False,False,False,False,True,False
444,0.0277752,4.38264,0.556306,0.0156289,0.0403843,0.035754,0.0215836,194,250,10:30,fwd30,amihud,1.46567e-05,2.62726e-05,0.00325595,True,True,True,True,True,True,True,True
444,-0.0519871,-9.30193,0.31982,-0.0628583,-0.0409957,-0.0562321,-0.048693,194,250,10:30,fwd30,corwin_schultz,6.3739e-19,2.11268e-18,0.00325595,True,True,True,True,True,True,True,True
444,-0.00109335,-0.178778,0.504505,-0.0129346,0.0107863,0.00269459,-0.00403279,194,250,10:30,fwd30,abdi_ranaldo,0.858194,0.873699,0.00325595,True,False,False,False,False,False,False,False
444,-0.00441724,-0.728469,0.5,-0.016336,0.0074039,-0.00208124,-0.00622997,194,250,10:30,fwd30,roll,0.466711,0.516573,0.00325595,True,False,False,True,True,False,False,False
444,-0.0435969,-7.92378,0.353604,-0.0543332,-0.0329042,-0.0361112,-0.0494058,194,250,10:30,fwd30,bar_range,1.88204e-14,5.40824e-14,0.00325595,True,True,True,True,True,True,True,True
444,-0.0102044,-1.92767,0.457207,-0.0205844,-0.000106002,-0.0143569,-0.00698198,194,250,10:30,fwd30,log_price,0.0545349,0.0711754,0.00325595,True,True,False,True,True,False,True,False
444,-0.052893,-10.0806,0.317568,-0.0630802,-0.0423468,-0.0595679,-0.0477132,194,250,10:30,fwd30,atr_pct,1.18257e-21,4.17607e-21,0.00325595,True,True,True,True,True,True,True,True
444,0.0295756,5.5057,0.599099,0.0190088,0.0400025,0.0254844,0.0327504,194,250,10:30,fwd30,mins_since_cross,6.23886e-08,1.30412e-07,0.00325595,True,True,True,True,True,True,True,True
444,-0.0558995,-10.7551,0.272523,-0.0660709,-0.045861,-0.062766,-0.0505711,194,250,10:30,fwd30,close_pos,3.98178e-24,1.4702e-23,0.00325595,True,True,True,True,True,True,False,False
444,0.000905369,0.195505,0.527027,-0.00833069,0.00970214,0.00477475,-0.00209727,194,250,10:30,fwd30,ctl_tickerhash,0.845087,0.862388,0.00325595,True,False,False,False,False,False,False,False
444,-0.00325595,-0.711586,0.513514,-0.0121402,0.00568508,-0.00939472,0.00150773,194,250,10:30,fwd30,ctl_random,0.477096,0.526675,0.00325595,True,False,False,False,False,False,False,False
444,-0.041091,-7.40668,0.38964,-0.0519925,-0.0303258,-0.0393941,-0.0424079,194,250,10:30,fwd30,c37_rank_score,6.59575e-13,1.8034e-12,0.00325595,True,True,True,True,True,True,True,True
444,-0.0410388,-6.54523,0.378378,-0.0532637,-0.028524,-0.0478985,-0.0357157,194,250,10:30,fwd60,coil,1.64596e-10,3.95041e-10,0.00188166,True,True,True,True,True,True,False,False
444,0.0410388,6.54522,0.621622,0.028524,0.0532637,0.0478985,0.0357156,194,250,10:30,fwd60,dist_sess_high_pct,1.646e-10,3.95041e-10,0.00188166,True,True,True,True,True,True,False,False
444,-0.00211508,-0.339177,0.488739,-0.01445,0.0102264,-0.00684449,0.00155495,194,250,10:30,fwd60,dist_high60,0.734637,0.762282,0.00188166,True,False,False,True,False,False,False,False
444,-0.0889916,-16.003,0.222973,-0.0997514,-0.0778997,-0.0992568,-0.0810258,194,250,10:30,fwd60,gain_now,8.10222e-46,4.86133e-45,0.00188166,True,True,True,True,True,True,True,True
444,0.00526393,0.779578,0.509009,-0.00819364,0.0184742,-0.00364972,0.0121809,194,250,10:30,fwd60,pm_gain,0.436056,0.486978,0.00188166,True,False,False,True,False,False,True,False
444,0.00454819,0.676938,0.504505,-0.00879763,0.0176585,-0.00764148,0.0140074,194,250,10:30,fwd60,gap7,0.498798,0.545061,0.00188166,True,False,False,True,False,False,True,False
444,-0.02308,-3.99609,0.425676,-0.0342806,-0.0114972,-0.0156296,-0.0288615,194,250,10:30,fwd60,pressure30,7.54109e-05,0.000126925,0.00188166,True,True,True,True,True,True,False,False
444,-0.0240823,-4.89063,0.423423,-0.0336947,-0.0142069,-0.0226226,-0.025215,194,250,10:30,fwd60,pressure30_nv,1.40867e-06,2.72891e-06,0.00188166,True,True,True,True,True,True,True,True
444,-0.0346113,-6.79505,0.353604,-0.0445096,-0.024459,-0.0372418,-0.0325701,194,250,10:30,fwd60,pressure30_bc,3.50484e-11,8.66846e-11,0.00188166,True,True,True,True,True,True,True,True
444,-0.0243553,-4.95028,0.396396,-0.0337421,-0.0146537,-0.0246162,-0.0241528,194,250,10:30,fwd60,pressure30_t,1.05516e-06,2.05948e-06,0.00188166,True,True,True,True,True,True,False,False
444,-0.0227586,-4.40158,0.391892,-0.0328953,-0.0125351,-0.0214662,-0.0237615,194,250,10:30,fwd60,pressure10,1.34831e-05,2.42695e-05,0.00188166,True,True,True,True,True,True,False,False
444,-0.021839,-3.64435,0.441441,-0.033346,-0.0103386,-0.0260641,-0.0185603,194,250,10:30,fwd60,log_dvol,0.000299846,0.000482734,0.00188166,True,True,True,True,True,True,True,True
444,0.00139073,0.224847,0.518018,-0.0106853,0.0135298,0.00814531,-0.00385082,194,250,10:30,fwd60,n_bars,0.822202,0.843017,0.00188166,True,False,False,False,False,False,False,False
444,0.00817125,1.56167,0.538288,-0.00206867,0.0183221,0.00653501,0.00944097,194,250,10:30,fwd60,stale_min,0.119079,0.148964,0.00188166,True,False,False,True,True,False,True,False
444,0.0164791,2.81603,0.547297,0.00495495,0.0277602,0.0161145,0.016762,194,250,10:30,fwd60,no_trade_share,0.00507912,0.00730581,0.00188166,True,True,True,True,True,False,True,False
444,0.0416219,6.95796,0.612613,0.0302355,0.0534283,0.060755,0.0267746,194,250,10:30,fwd60,amihud,1.24791e-11,3.15878e-11,0.00188166,True,True,True,True,True,True,True,True
444,-0.0742835,-12.9897,0.254505,-0.0853929,-0.0628833,-0.0797586,-0.0700348,194,250,10:30,fwd60,corwin_schultz,6.46477e-33,2.81153e-32,0.00188166,True,True,True,True,True,True,True,True
444,0.000194833,0.0326155,0.504505,-0.0113029,0.0118988,0.0093614,-0.00691843,194,250,10:30,fwd60,abdi_ranaldo,0.973996,0.980046,0.00188166,True,False,False,False,False,False,False,False
444,0.00160778,0.282896,0.493243,-0.00935036,0.0124982,0.00844756,-0.00369989,194,250,10:30,fwd60,roll,0.777389,0.801508,0.00188166,True,False,False,False,False,False,False,False
444,-0.0658442,-11.9603,0.281532,-0.0764984,-0.0549742,-0.0657298,-0.0659329,194,250,10:30,fwd60,bar_range,9.18336e-29,3.76634e-28,0.00188166,True,True,True,True,True,True,True,True
444,-0.0153033,-2.84229,0.439189,-0.0258871,-0.0047437,-0.0201759,-0.0115222,194,250,10:30,fwd60,log_price,0.00468593,0.00675525,0.00188166,True,True,True,True,True,False,True,False
444,-0.0684365,-12.5319,0.259009,-0.0789861,-0.0575898,-0.0737621,-0.0643039,194,250,10:30,fwd60,atr_pct,4.75492e-31,2.00077e-30,0.00188166,True,True,True,True,True,True,True,True
444,0.0403908,7.48565,0.650901,0.0298019,0.0507433,0.0401357,0.0405888,194,250,10:30,fwd60,mins_since_cross,3.87554e-13,1.07094e-12,0.00188166,True,True,True,True,True,True,True,True
444,-0.0471187,-9.0955,0.328829,-0.0571276,-0.0370443,-0.0645175,-0.0336171,194,250,10:30,fwd60,close_pos,3.19724e-18,1.03332e-17,0.00188166,True,True,True,True,True,True,False,False
444,-0.00188166,-0.405068,0.490991,-0.010973,0.00735606,-0.00123259,-0.00238533,194,250,10:30,fwd60,ctl_tickerhash,0.685623,0.718325,0.00188166,True,False,False,False,True,False,False,False
444,-4.20677e-06,-0.000931885,0.490991,-0.00883053,0.0086409,0.00010418,-8.83153e-05,194,250,10:30,fwd60,ctl_random,0.999257,0.999257,0.00188166,True,False,False,False,False,False,False,False
444,-0.0387165,-7.17339,0.36036,-0.04929,-0.0281085,-0.0470413,-0.0322564,194,250,10:30,fwd60,c37_rank_score,3.09495e-12,8.15254e-12,0.00188166,True,True,True,True,True,True,True,True
444,-0.0263164,-4.07478,0.394144,-0.038872,-0.0133742,-0.0394362,-0.0161354,194,250,10:30,fwd_flat,coil,5.45832e-05,9.33273e-05,0.00715711,True,True,True,True,True,True,False,False
444,0.0263164,4.07477,0.605856,0.0133742,0.038872,0.0394362,0.0161354,194,250,10:30,fwd_flat,dist_sess_high_pct,5.45849e-05,9.33273e-05,0.00715711,True,True,True,True,True,True,False,False
444,0.0336628,5.51292,0.617117,0.0217466,0.0456924,0.0346557,0.0328923,194,250,10:30,fwd_flat,dist_high60,6.00403e-08,1.25706e-07,0.00715711,True,True,True,True,True,True,True,True
444,-0.0789251,-13.7982,0.245495,-0.0901911,-0.0678319,-0.0891811,-0.0709664,194,250,10:30,fwd_flat,gain_now,2.78829e-36,1.31884e-35,0.00715711,True,True,True,True,True,True,True,True
444,0.0282096,4.0138,0.592342,0.0143802,0.0415902,0.0277282,0.0285831,194,250,10:30,fwd_flat,pm_gain,7.01525e-05,0.000118382,0.00715711,True,True,True,True,True,True,True,True
444,0.0231332,3.33851,0.594595,0.00954729,0.0363926,0.0202236,0.0253911,194,250,10:30,fwd_flat,gap7,0.000913406,0.00139926,0.00715711,True,True,True,True,True,True,True,True
444,-0.00996558,-1.70753,0.452703,-0.0216607,0.00144716,-0.00167092,-0.0164022,194,250,10:30,fwd_flat,pressure30,0.0884241,0.112241,0.00715711,True,False,False,True,False,False,False,False
444,-0.0176452,-3.54539,0.418919,-0.0272963,-0.00791183,-0.0153326,-0.0194398,194,250,10:30,fwd_flat,pressure30_nv,0.000433761,0.000687229,0.00715711,True,True,True,True,True,False,True,False
444,-0.0246054,-4.82825,0.40991,-0.0343918,-0.014605,-0.0247382,-0.0245023,194,250,10:30,fwd_flat,pressure30_bc,1.89981e-06,3.65848e-06,0.00715711,True,True,True,True,True,True,True,True
444,-0.0132577,-2.65907,0.468468,-0.0229958,-0.00320635,-0.0131739,-0.0133227,194,250,10:30,fwd_flat,pressure30_t,0.00811948,0.0115763,0.00715711,True,True,True,True,True,False,False,False
444,-0.0153273,-3.12781,0.448198,-0.0248384,-0.00580161,-0.0137688,-0.0165367,194,250,10:30,fwd_flat,pressure10,0.00187724,0.00279322,0.00715711,True,True,True,True,True,False,False,False
444,-0.02642,-4.51433,0.398649,-0.037573,-0.0150116,-0.0325674,-0.0216496,194,250,10:30,fwd_flat,log_dvol,8.1517e-06,1.49007e-05,0.00715711,True,True,True,True,True,True,True,True
444,-0.00552152,-0.888839,0.481982,-0.0174422,0.00671825,0.000410333,-0.0101246,194,250,10:30,fwd_flat,n_bars,0.374572,0.425456,0.00715711,True,False,False,False,False,False,True,False
444,0.0182755,3.60968,0.567568,0.00844175,0.0282119,0.0174321,0.0189299,194,250,10:30,fwd_flat,stale_min,0.000341577,0.000547199,0.00715711,True,True,True,True,True,False,True,False
444,0.0269119,4.69988,0.560811,0.0157288,0.0380534,0.0299505,0.0245539,194,250,10:30,fwd_flat,no_trade_share,3.48053e-06,6.49031e-06,0.00715711,True,True,True,True,True,True,True,True
444,0.0323095,5.31858,0.603604,0.0205023,0.0441492,0.0585004,0.0119853,194,250,10:30,fwd_flat,amihud,1.66277e-07,3.37767e-07,0.00715711,True,True,True,True,False,True,True,False
444,-0.0919847,-15.8013,0.216216,-0.103394,-0.0808576,-0.0987966,-0.0866987,194,250,10:30,fwd_flat,corwin_schultz,6.28784e-45,3.67897e-44,0.00715711,True,True,True,True,True,True,True,True
444,-0.00934729,-1.59841,0.45045,-0.0206463,0.0019095,-0.00039994,-0.0162904,194,250,10:30,fwd_flat,abdi_ranaldo,0.110665,0.138705,0.00715711,True,False,False,True,False,False,False,False
444,-0.00297076,-0.500163,0.493243,-0.0147129,0.00867052,0.00604965,-0.0099706,194,250,10:30,fwd_flat,roll,0.617209,0.656735,0.00715711,True,False,False,False,False,False,False,False
444,-0.0808208,-13.8298,0.261261,-0.091935,-0.0694271,-0.083757,-0.0785424,194,250,10:30,fwd_flat,bar_range,2.05174e-36,9.74011e-36,0.00715711,True,True,True,True,True,True,True,True
444,-0.0155629,-2.67626,0.448198,-0.0267835,-0.00416924,-0.0192407,-0.0127089,194,250,10:30,fwd_flat,log_price,0.00772093,0.0110202,0.00715711,True,True,True,True,True,False,True,False
444,-0.076756,-13.7117,0.265766,-0.087974,-0.0656224,-0.0819651,-0.0727137,194,250,10:30,fwd_flat,atr_pct,6.44548e-36,3.0048e-35,0.00715711,True,True,True,True,True,True,True,True
444,0.0533272,9.23643,0.698198,0.0420124,0.0646641,0.0659887,0.0435019,194,250,10:30,fwd_flat,mins_since_cross,1.06599e-18,3.49752e-18,0.00715711,True,True,True,True,True,True,True,True
444,-0.0202331,-3.8954,0.407658,-0.030275,-0.0102552,-0.0324285,-0.0107695,194,250,10:30,fwd_flat,close_pos,0.000113165,0.000188029,0.00715711,True,True,True,True,False,True,False,False
444,0.00715711,1.53083,0.540541,-0.00198921,0.0162963,0.00205401,0.0111171,194,250,10:30,fwd_flat,ctl_tickerhash,0.126526,0.156767,0.00715711,True,False,False,False,False,False,False,False
444,-0.00274116,-0.613308,0.488739,-0.0116326,0.00605262,0.00333848,-0.00745896,194,250,10:30,fwd_flat,ctl_random,0.539987,0.58416,0.00715711,True,False,False,False,False,False,False,False
444,-0.027409,-4.7922,0.380631,-0.038607,-0.0161437,-0.0415012,-0.0164735,194,250,10:30,fwd_flat,c37_rank_score,2.25496e-06,4.28509e-06,0.00715711,True,True,True,True,True,True,True,True
444,-0.00707386,-1.14234,0.470721,-0.0189117,0.0053877,-0.0044511,-0.00910913,194,250,10:30,fwd60_nx,coil,0.253929,0.298365,0.00379053,True,False,False,True,True,False,False,False
444,0.00707381,1.14233,0.529279,-0.00538776,0.0189115,0.00445112,0.00910901,194,250,10:30,fwd60_nx,dist_sess_high_pct,0.253933,0.298365,0.00379053,True,False,False,True,True,False,False,False
444,0.0337711,5.47046,0.612613,0.0220544,0.0459781,0.0389412,0.0297591,194,250,10:30,fwd60_nx,dist_high60,7.51958e-08,1.56427e-07,0.00379053,True,True,True,True,True,True,True,True
444,-0.0614156,-11.242,0.290541,-0.0721138,-0.0506561,-0.0652063,-0.0584739,194,250,10:30,fwd60_nx,gain_now,5.73301e-26,2.20474e-25,0.00379053,True,True,True,True,True,True,True,True
444,0.00597923,0.870289,0.504505,-0.0074877,0.019428,-0.00107876,0.0114562,194,250,10:30,fwd60_nx,pm_gain,0.384614,0.434956,0.00379053,True,False,False,True,False,False,True,False
444,0.00532327,0.779246,0.511261,-0.00821617,0.0185639,-0.00484704,0.0132154,194,250,10:30,fwd60_nx,gap7,0.436251,0.486978,0.00379053,True,False,False,True,False,False,True,False
444,-0.014435,-2.4922,0.448198,-0.0255109,-0.0027781,-0.00625627,-0.0207817,194,250,10:30,fwd60_nx,pressure30,0.01306,0.0183576,0.00379053,True,True,True,True,False,False,False,False
444,-0.0112949,-2.28397,0.468468,-0.0207902,-0.00148858,-0.00610064,-0.0153256,194,250,10:30,fwd60_nx,pressure30_nv,0.0228454,0.0313309,0.00379053,True,True,True,True,True,False,True,False
444,-0.0223419,-4.32441,0.427928,-0.032376,-0.0121041,-0.0232455,-0.0216406,194,250,10:30,fwd60_nx,pressure30_bc,1.89108e-05,3.35272e-05,0.00379053,True,True,True,True,True,True,True,True
444,-0.0101476,-2.02195,0.445946,-0.0197848,-0.000227061,-0.00849023,-0.0114338,194,250,10:30,fwd60_nx,pressure30_t,0.0437824,0.0576646,0.00379053,True,True,False,True,True,False,False,False
444,-0.00904673,-1.73357,0.470721,-0.019268,0.00125258,-0.00602607,-0.0113908,194,250,10:30,fwd60_nx,pressure10,0.0836898,0.106544,0.00379053,True,False,False,True,True,False,False,False
444,-0.0306322,-5.24336,0.405405,-0.0418901,-0.0193416,-0.0334596,-0.0284381,194,250,10:30,fwd60_nx,log_dvol,2.44668e-07,4.9468e-07,0.00379053,True,True,True,True,True,True,True,True
444,-0.00898461,-1.46916,0.47973,-0.0208179,0.00303907,-0.00102589,-0.0151606,194,250,10:30,fwd60_nx,n_bars,0.1425,0.175052,0.00379053,True,False,False,True,False,False,True,False
444,0.0155123,3.04222,0.558559,0.00564219,0.0254076,0.00790439,0.021416,194,250,10:30,fwd60_nx,stale_min,0.00248792,0.00364745,0.00379053,True,True,True,True,True,False,True,False
444,0.0251068,4.37467,0.583333,0.0138213,0.0360311,0.0224165,0.0271945,194,250,10:30,fwd60_nx,no_trade_share,1.51799e-05,2.7098e-05,0.00379053,True,True,True,True,True,True,True,True
444,0.038812,6.65575,0.623874,0.0276301,0.0501753,0.0559328,0.0255263,194,250,10:30,fwd60_nx,amihud,8.34894e-11,2.03006e-10,0.00379053,True,True,True,True,True,True,True,True
444,-0.0738879,-13.0119,0.27027,-0.084983,-0.0627327,-0.0806208,-0.0686632,194,250,10:30,fwd60_nx,corwin_schultz,5.24096e-33,2.28696e-32,0.00379053,True,True,True,True,True,True,True,True
444,-0.0041666,-0.704696,0.490991,-0.0155937,0.00724455,0.00479832,-0.0111234,194,250,10:30,fwd60_nx,abdi_ranaldo,0.48137,0.529589,0.00379053,True,False,False,True,False,False,False,False
444,-0.00143865,-0.25105,0.461712,-0.012504,0.00972057,0.00547087,-0.00680043,194,250,10:30,fwd60_nx,roll,0.801892,0.824803,0.00379053,True,False,False,False,False,False,False,False
444,-0.0678237,-12.315,0.286036,-0.0787761,-0.0567783,-0.0696213,-0.0664287,194,250,10:30,fwd60_nx,bar_range,3.55063e-30,1.47016e-29,0.00379053,True,True,True,True,True,True,True,True
444,-0.0135815,-2.40472,0.439189,-0.0245675,-0.00257665,-0.0176404,-0.0104318,194,250,10:30,fwd60_nx,log_price,0.0165941,0.0230416,0.00379053,True,True,True,True,True,False,True,False
444,-0.0629578,-11.6674,0.281532,-0.07339,-0.0524478,-0.0741029,-0.0543093,194,250,10:30,fwd60_nx,atr_pct,1.29853e-27,5.14647e-27,0.00379053,True,True,True,True,True,True,True,True
444,0.0303729,5.59127,0.61036,0.019891,0.0408936,0.0294539,0.031086,194,250,10:30,fwd60_nx,mins_since_cross,3.94849e-08,8.36152e-08,0.00379053,True,True,True,True,True,True,True,True
444,-0.0121722,-2.3619,0.466216,-0.0221251,-0.00208022,-0.0284271,0.000441574,194,250,10:30,fwd60_nx,close_pos,0.0186134,0.0257725,0.00379053,True,True,True,True,False,False,False,False
444,-0.00379053,-0.822263,0.475225,-0.0125809,0.00533729,-0.00353535,-0.00398855,194,250,10:30,fwd60_nx,ctl_tickerhash,0.41137,0.46239,0.00379053,True,False,False,False,True,False,False,False
444,0.00190223,0.413019,0.509009,-0.00704584,0.0107309,0.00353515,0.00063508,194,250,10:30,fwd60_nx,ctl_random,0.679792,0.712792,0.00379053,True,False,False,False,False,False,False,False
444,-0.0166421,-3.12525,0.418919,-0.0269713,-0.00606499,-0.0164671,-0.0167778,194,250,10:30,fwd60_nx,c37_rank_score,0.00189332,0.0028088,0.00379053,True,True,True,True,True,False,True,False
444,-0.00294503,-0.457743,0.468468,-0.0155014,0.00980142,-0.0120218,0.00409851,194,250,10:30,fwd_flat_nx,coil,0.647361,0.683769,0.00553028,True,False,False,False,False,False,False,False
444,0.002945,0.457738,0.531532,-0.00980141,0.0155014,0.0120218,-0.00409858,194,250,10:30,fwd_flat_nx,dist_sess_high_pct,0.647365,0.683769,0.00553028,True,False,False,False,False,False,False,False
444,0.0581885,9.59777,0.673423,0.0464582,0.0701472,0.0642441,0.0534893,194,250,10:30,fwd_flat_nx,dist_high60,6.06677e-20,2.05826e-19,0.00553028,True,True,True,True,True,True,True,True
444,-0.0610476,-10.7311,0.286036,-0.0721419,-0.0500381,-0.0680852,-0.0555865,194,250,10:30,fwd_flat_nx,gain_now,4.89338e-24,1.80166e-23,0.00553028,True,True,True,True,True,True,True,True
444,0.0289469,4.1795,0.599099,0.0153483,0.0421247,0.0290028,0.0289036,194,250,10:30,fwd_flat_nx,pm_gain,3.52145e-05,6.12591e-05,0.00553028,True,True,True,True,True,True,True,True
444,0.0235444,3.4739,0.605856,0.0102986,0.03629,0.0211086,0.0254345,194,250,10:30,fwd_flat_nx,gap7,0.000563406,0.00088506,0.00553028,True,True,True,True,True,True,True,True
444,-0.00702328,-1.1939,0.468468,-0.0188321,0.00453646,0.000726519,-0.0130371,194,250,10:30,fwd_flat_nx,pressure30,0.233158,0.275956,0.00553028,True,False,False,True,False,False,False,False
444,-0.0110973,-2.21602,0.477477,-0.020663,-0.00139451,-0.00704247,-0.0142439,194,250,10:30,fwd_flat_nx,pressure30_nv,0.0271973,0.0370249,0.00553028,True,True,True,True,True,False,True,False
444,-0.0174036,-3.43266,0.439189,-0.0271781,-0.00734093,-0.018262,-0.0167375,194,250,10:30,fwd_flat_nx,pressure30_bc,0.000653832,0.00101969,0.00553028,True,True,True,True,True,False,True,False
444,-0.00466996,-0.926268,0.502252,-0.0143603,0.00534455,-0.00375198,-0.0053823,194,250,10:30,fwd_flat_nx,pressure30_t,0.354811,0.404073,0.00553028,True,False,False,False,True,False,False,False
444,-0.00670266,-1.34992,0.484234,-0.0164698,0.0028941,-0.00543767,-0.0076843,194,250,10:30,fwd_flat_nx,pressure10,0.17773,0.214376,0.00553028,True,False,False,True,True,False,False,False
444,-0.0341998,-5.83787,0.378378,-0.0454705,-0.0229239,-0.0401397,-0.0295905,194,250,10:30,fwd_flat_nx,log_dvol,1.02328e-08,2.20661e-08,0.00553028,True,True,True,True,True,True,True,True
444,-0.013999,-2.25506,0.47973,-0.0260819,-0.00189955,-0.0077647,-0.0188368,194,250,10:30,fwd_flat_nx,n_bars,0.024617,0.0336892,0.00553028,True,True,True,True,True,False,True,False
444,0.0263669,5.23176,0.594595,0.0166038,0.0363191,0.0221036,0.0296751,194,250,10:30,fwd_flat_nx,stale_min,2.59587e-07,5.24027e-07,0.00553028,True,True,True,True,True,True,True,True
444,0.0356549,6.24299,0.617117,0.024716,0.0467143,0.0382076,0.0336739,194,250,10:30,fwd_flat_nx,no_trade_share,1.00615e-09,2.32023e-09,0.00553028,True,True,True,True,True,True,True,True
444,0.0308189,5.02765,0.619369,0.0189768,0.042702,0.0571388,0.0103946,194,250,10:30,fwd_flat_nx,amihud,7.22237e-07,1.42036e-06,0.00553028,True,True,True,True,False,True,True,False
444,-0.0911233,-15.5928,0.218468,-0.102718,-0.0800535,-0.0977236,-0.0860014,194,250,10:30,fwd_flat_nx,corwin_schultz,5.19825e-44,2.96781e-43,0.00553028,True,True,True,True,True,True,True,True
444,-0.0105373,-1.78704,0.470721,-0.0219835,0.000870463,-0.00250751,-0.0167685,194,250,10:30,fwd_flat_nx,abdi_ranaldo,0.0746148,0.0959333,0.00553028,True,False,False,True,False,False,False,False
444,-0.00396901,-0.665293,0.484234,-0.0157183,0.0075884,0.00502093,-0.0109452,194,250,10:30,fwd_flat_nx,roll,0.506209,0.551764,0.00553028,True,False,False,False,False,False,False,False
444,-0.0821162,-14.0043,0.259009,-0.0934402,-0.070575,-0.0850117,-0.0798693,194,250,10:30,fwd_flat_nx,bar_range,3.75416e-37,1.81545e-36,0.00553028,True,True,True,True,True,True,True,True
444,-0.0153977,-2.61092,0.443694,-0.0269535,-0.00400013,-0.0190167,-0.0125894,194,250,10:30,fwd_flat_nx,log_price,0.00933607,0.0132671,0.00553028,True,True,True,True,True,False,True,False
444,-0.0705406,-12.7731,0.261261,-0.0813504,-0.0595398,-0.0774234,-0.0651994,194,250,10:30,fwd_flat_nx,atr_pct,4.98082e-32,2.13746e-31,0.00553028,True,True,True,True,True,True,True,True
444,0.047537,8.28259,0.675676,0.0362821,0.058683,0.0602231,0.0376926,194,250,10:30,fwd_flat_nx,mins_since_cross,1.44131e-15,4.32393e-15,0.00553028,True,True,True,True,True,True,True,True
444,0.00257806,0.504146,0.5,-0.00731599,0.012375,-0.0077128,0.0105638,194,250,10:30,fwd_flat_nx,close_pos,0.614409,0.654293,0.00553028,True,False,False,False,False,False,False,False
444,0.00553028,1.19825,0.515766,-0.0035458,0.0146188,-7.49943e-05,0.00987997,194,250,10:30,fwd_flat_nx,ctl_tickerhash,0.23146,0.274197,0.00553028,True,False,False,False,False,False,False,False
444,-0.00196387,-0.446404,0.533784,-0.0107828,0.00666815,0.00492119,-0.00730668,194,250,10:30,fwd_flat_nx,ctl_random,0.655524,0.690698,0.00553028,True,False,False,False,False,False,False,False
444,-0.0140113,-2.44725,0.425676,-0.0252819,-0.0026473,-0.0228773,-0.00713119,194,250,10:30,fwd_flat_nx,c37_rank_score,0.0147826,0.0206225,0.00553028,True,True,True,True,False,False,True,False
444,0.00303488,0.453549,0.490991,-0.00997909,0.0162891,-0.00639958,0.010356,194,250,10:30,fwd_flat_nx5,coil,0.650375,0.685839,0.00710818,True,False,False,False,False,False,False,False
444,-0.00303482,-0.453539,0.509009,-0.0162891,0.00997917,0.00639959,-0.0103559,194,250,10:30,fwd_flat_nx5,dist_sess_high_pct,0.650383,0.685839,0.00710818,True,False,False,False,False,False,False,False
444,0.0546973,8.67735,0.657658,0.0423972,0.0672196,0.061664,0.0492911,194,250,10:30,fwd_flat_nx5,dist_high60,7.78344e-17,2.40748e-16,0.00710818,True,True,True,True,True,True,True,True
444,-0.0606771,-10.3315,0.295045,-0.0722703,-0.0493432,-0.0709722,-0.0526881,194,250,10:30,fwd_flat_nx5,gain_now,1.45898e-22,5.25231e-22,0.00710818,True,True,True,True,True,True,True,True
444,0.0296539,4.14119,0.587838,0.0157055,0.0431433,0.0271548,0.0315932,194,250,10:30,fwd_flat_nx5,pm_gain,4.13822e-05,7.15085e-05,0.00710818,True,True,True,True,True,True,True,True
444,0.0227525,3.23261,0.587838,0.00882954,0.0360682,0.0186213,0.0259584,194,250,10:30,fwd_flat_nx5,gap7,0.00131824,0.00199351,0.00710818,True,True,True,True,True,True,True,True
444,-0.00570009,-0.94851,0.475225,-0.0176646,0.00615353,0.00608223,-0.0148432,194,250,10:30,fwd_flat_nx5,pressure30,0.343387,0.392096,0.00710818,True,False,False,False,False,False,False,False
444,-0.0125902,-2.34624,0.457207,-0.022904,-0.00199199,-0.00641419,-0.0173828,194,250,10:30,fwd_flat_nx5,pressure30_nv,0.0194037,0.0267822,0.00710818,True,True,True,True,True,False,True,False
444,-0.0171914,-3.17403,0.439189,-0.0275703,-0.00652689,-0.014868,-0.0189942,194,250,10:30,fwd_flat_nx5,pressure30_bc,0.00160815,0.00241502,0.00710818,True,True,True,True,True,False,True,False
444,-0.00721368,-1.35782,0.486486,-0.017567,0.00341777,-0.00312063,-0.0103899,194,250,10:30,fwd_flat_nx5,pressure30_t,0.175211,0.211822,0.00710818,True,False,False,True,False,False,False,False
444,-0.00795392,-1.53922,0.497748,-0.0180971,0.00192398,-0.00633142,-0.00921298,194,250,10:30,fwd_flat_nx5,pressure10,0.124466,0.154657,0.00710818,True,False,False,True,True,False,False,False
444,-0.0318129,-5.49138,0.385135,-0.0431361,-0.0206791,-0.0459649,-0.020831,194,250,10:30,fwd_flat_nx5,log_dvol,6.7315e-08,1.40484e-07,0.00710818,True,True,True,True,True,True,True,True
444,-0.0126666,-2.01942,0.468468,-0.0248984,-0.000650585,-0.0129798,-0.0124235,194,250,10:30,fwd_flat_nx5,n_bars,0.0440449,0.0578648,0.00710818,True,True,False,True,True,False,True,False
444,0.0270432,5.3655,0.619369,0.0172817,0.0370401,0.0369268,0.0193735,194,250,10:30,fwd_flat_nx5,stale_min,1.30386e-07,2.66529e-07,0.00710818,True,True,True,True,True,True,True,True
444,0.0344702,6.06007,0.608108,0.0234692,0.0459888,0.0482635,0.0237666,194,250,10:30,fwd_flat_nx5,no_trade_share,2.91186e-09,6.51774e-09,0.00710818,True,True,True,True,True,True,True,True
444,0.0247595,4.10993,0.599099,0.0131161,0.0364522,0.048524,0.00631829,194,250,10:30,fwd_flat_nx5,amihud,4.71645e-05,8.11756e-05,0.00710818,True,True,True,True,False,True,True,False
444,-0.0885351,-15.2476,0.227477,-0.100203,-0.077427,-0.0945456,-0.083871,194,250,10:30,fwd_flat_nx5,corwin_schultz,1.6828e-42,9.24114e-42,0.00710818,True,True,True,True,True,True,True,True
444,-0.0129153,-2.17046,0.454955,-0.0245018,-0.00142522,-0.00541721,-0.0187339,194,250,10:30,fwd_flat_nx5,abdi_ranaldo,0.0305022,0.041178,0.00710818,True,True,True,True,False,False,False,False
444,-0.00786052,-1.29924,0.468468,-0.0194975,0.00383169,0.000322271,-0.0142104,194,250,10:30,fwd_flat_nx5,roll,0.194537,0.232583,0.00710818,True,False,False,True,False,False,False,False
444,-0.0819804,-14.1727,0.256757,-0.0933716,-0.0707232,-0.0910332,-0.0749554,194,250,10:30,fwd_flat_nx5,bar_range,7.24005e-38,3.5408e-37,0.00710818,True,True,True,True,True,True,True,True
444,-0.0184775,-3.04543,0.421171,-0.0302443,-0.00670447,-0.0250335,-0.01339,194,250,10:30,fwd_flat_nx5,log_price,0.00246205,0.00361361,0.00710818,True,True,True,True,True,False,True,False
444,-0.0752154,-13.0394,0.268018,-0.08658,-0.0639091,-0.07442,-0.0758326,194,250,10:30,fwd_flat_nx5,atr_pct,4.03773e-33,1.77386e-32,0.00710818,True,True,True,True,True,True,True,True
444,0.0383305,6.21011,0.621622,0.0261473,0.0502803,0.0515295,0.028088,194,250,10:30,fwd_flat_nx5,mins_since_cross,1.22019e-09,2.80385e-09,0.00710818,True,True,True,True,True,True,True,True
444,0.00109367,0.2023,0.488739,-0.00943983,0.0113677,-0.0123693,0.011541,194,250,10:30,fwd_flat_nx5,close_pos,0.839775,0.857643,0.00710818,True,False,False,False,False,False,False,False
444,0.00710818,1.41812,0.506757,-0.00273651,0.0168185,-0.00363408,0.0154442,194,250,10:30,fwd_flat_nx5,ctl_tickerhash,0.156859,0.191602,0.00710818,True,False,False,False,False,False,False,False
444,-0.00450239,-0.919218,0.497748,-0.0142645,0.00521871,0.000530884,-0.00840821,194,250,10:30,fwd_flat_nx5,ctl_random,0.358482,0.407895,0.00710818,True,False,False,False,False,False,False,False
444,-0.0102413,-1.71075,0.432432,-0.0219939,0.00160752,-0.0236913,0.000195839,194,250,10:30,fwd_flat_nx5,c37_rank_score,0.0878274,0.111592,0.00710818,True,False,False,True,False,False,True,False
444,-0.226084,-41.7732,0.0337838,-0.236861,-0.215475,-0.221045,-0.229994,194,250,10:30,peak60,coil,9.66476e-156,3.57872e-154,0.00954268,False,True,True,True,True,True,False,False
444,0.226084,41.7733,0.966216,0.215475,0.236861,0.221045,0.229995,194,250,10:30,peak60,dist_sess_high_pct,9.65914e-156,3.57872e-154,0.00954268,False,True,True,True,True,True,False,False
444,-0.186984,-34.9846,0.0495495,-0.197519,-0.176291,-0.182019,-0.190836,194,250,10:30,peak60,dist_high60,1.47715e-129,3.98829e-128,0.00954268,False,True,True,True,True,True,False,False
444,0.0733721,13.9762,0.774775,0.0631002,0.0836735,0.072402,0.074125,194,250,10:30,peak60,gain_now,4.93995e-37,2.37117e-36,0.00954268,False,True,True,True,True,True,False,False
444,0.00067441,0.099981,0.484234,-0.0126189,0.01396,-0.00396448,0.00427419,194,250,10:30,peak60,pm_gain,0.920405,0.931126,0.00954268,False,False,False,False,False,False,True,False
444,0.00877004,1.32821,0.547297,-0.00448516,0.0217046,0.00401396,0.0124608,194,250,10:30,peak60,gap7,0.184792,0.22175,0.00954268,False,False,False,False,False,False,True,False
444,-0.0145325,-2.69595,0.457207,-0.025091,-0.00405859,-0.00285558,-0.0235937,194,250,10:30,peak60,pressure30,0.00728604,0.0104224,0.00954268,False,True,True,True,False,False,False,False
444,-0.0134601,-2.87022,0.470721,-0.0227252,-0.00422228,-0.00804284,-0.0176639,194,250,10:30,peak60,pressure30_nv,0.00429824,0.0062171,0.00954268,False,True,True,True,True,False,True,False
444,-0.0181534,-4.03769,0.418919,-0.026823,-0.00928772,-0.0101104,-0.0243948,194,250,10:30,peak60,pressure30_bc,6.36074e-05,0.000108183,0.00954268,False,True,True,True,True,False,True,False
444,-0.00975623,-2.10919,0.459459,-0.01871,-0.000595806,-0.000685098,-0.0167954,194,250,10:30,peak60,pressure30_t,0.0354885,0.0472694,0.00954268,False,True,True,True,False,False,False,False
444,-0.0106839,-2.18322,0.463964,-0.0201984,-0.00112868,-0.00738252,-0.0132458,194,250,10:30,peak60,pressure10,0.0295437,0.0399672,0.00954268,False,True,True,True,True,False,False,False
444,0.0683541,11.5469,0.707207,0.0570165,0.0796971,0.0796198,0.0596119,194,250,10:30,peak60,log_dvol,3.82729e-27,1.49854e-26,0.00954268,False,True,True,True,True,True,False,False
444,0.155645,28.586,0.932432,0.145167,0.1664,0.171023,0.143712,194,250,10:30,peak60,n_bars,1.27706e-102,2.14945e-101,0.00954268,False,True,True,True,True,True,False,False
444,-0.111136,-21.1083,0.162162,-0.121437,-0.10085,-0.122135,-0.1026,194,250,10:30,peak60,stale_min,5.91285e-69,5.76169e-68,0.00954268,False,True,True,True,True,True,False,False
444,-0.0979324,-17.7137,0.193694,-0.108672,-0.0870155,-0.116392,-0.0836073,194,250,10:30,peak60,no_trade_share,1.80111e-53,1.35712e-52,0.00954268,False,True,True,True,True,True,False,False
444,0.10962,18.4493,0.813063,0.0979616,0.121222,0.110464,0.108966,194,250,10:30,peak60,amihud,8.36216e-57,6.81595e-56,0.00954268,False,True,True,True,True,True,True,False
444,0.291669,54.4117,0.997748,0.281196,0.302413,0.296164,0.288181,194,250,10:30,peak60,corwin_schultz,2.89626e-198,4.69194e-196,0.00954268,False,True,True,True,True,True,False,False
444,0.15472,27.4795,0.894144,0.143515,0.165811,0.171984,0.141324,194,250,10:30,peak60,abdi_ranaldo,9.2987e-98,1.41778e-96,0.00954268,False,True,True,True,True,True,False,False
444,0.130808,23.2782,0.878378,0.119942,0.141813,0.135137,0.12745,194,250,10:30,peak60,roll,7.1097e-79,7.67847e-78,0.00954268,False,True,True,True,True,True,False,False
444,0.25847,52.0686,0.995495,0.248909,0.268146,0.261325,0.256254,194,250,10:30,peak60,bar_range,6.13266e-191,7.22539e-189,0.00954268,False,True,True,True,True,True,False,False
444,-0.0652636,-11.8734,0.297297,-0.0761531,-0.0546348,-0.0336083,-0.0898281,194,250,10:30,peak60,log_price,2.02212e-28,8.18959e-28,0.00954268,False,True,True,True,True,True,True,False
444,0.242201,44.5619,0.981982,0.231581,0.252953,0.218553,0.260552,194,250,10:30,peak60,atr_pct,8.66343e-166,6.23767e-164,0.00954268,False,True,True,True,True,True,False,False
444,0.126019,23.5411,0.873874,0.115286,0.136343,0.12036,0.13041,194,250,10:30,peak60,mins_since_cross,4.51738e-80,4.96146e-79,0.00954268,False,True,True,True,True,True,True,False
444,-0.0498392,-9.45498,0.315315,-0.0597229,-0.0398311,-0.0504135,-0.0493935,194,250,10:30,peak60,close_pos,1.89913e-19,6.35987e-19,0.00954268,False,True,True,True,True,True,False,False
444,0.00226571,0.48597,0.513514,-0.00703945,0.0113565,0.0139321,-0.00678743,194,250,10:30,peak60,ctl_tickerhash,0.627229,0.665756,0.00954268,False,False,False,False,False,False,False,False
444,-0.00954268,-2.08461,0.461712,-0.0186114,-0.000550951,-0.0110275,-0.00839049,194,250,10:30,peak60,ctl_random,0.0376772,0.0501331,0.00954268,False,True,False,False,True,False,False,False
444,-0.115004,-22.2644,0.150901,-0.125259,-0.104846,-0.107144,-0.121104,194,250,10:30,peak60,c37_rank_score,3.01835e-74,3.18031e-73,0.00954268,False,True,True,True,True,True,True,False
444,-0.236025,-43.7334,0.0247748,-0.246765,-0.225309,-0.237056,-0.235225,194,250,10:30,peak_flat,coil,7.60249e-163,4.47855e-161,0.00793311,False,True,True,True,True,True,False,False
444,0.236025,43.7335,0.975225,0.225309,0.246765,0.237056,0.235225,194,250,10:30,peak_flat,dist_sess_high_pct,7.59793e-163,4.47855e-161,0.00793311,False,True,True,True,True,True,False,False
444,-0.157691,-28.9603,0.0855856,-0.168306,-0.146783,-0.146965,-0.166014,194,250,10:30,peak_flat,dist_high60,2.97758e-104,5.28622e-103,0.00793311,False,True,True,True,True,True,False,False
444,0.0505726,9.10697,0.666667,0.0396104,0.0615743,0.0457227,0.0543361,194,250,10:30,peak_flat,gain_now,2.92504e-18,9.47714e-18,0.00793311,False,True,True,True,True,True,False,False
444,0.019676,2.93552,0.574324,0.00632232,0.0328385,0.0186311,0.0204869,194,250,10:30,peak_flat,pm_gain,0.00350316,0.00509551,0.00793311,False,True,True,True,True,False,True,False
444,0.0243159,3.70975,0.56982,0.0113269,0.036992,0.0232969,0.0251066,194,250,10:30,peak_flat,gap7,0.000233839,0.000378819,0.00793311,False,True,True,True,True,True,True,False
444,-0.0129179,-2.34622,0.454955,-0.0235631,-0.00220953,0.00482504,-0.0266864,194,250,10:30,peak_flat,pressure30,0.0194047,0.0267822,0.00793311,False,True,True,True,False,False,False,False
444,-0.015343,-3.19042,0.448198,-0.0247431,-0.00584736,-0.00858135,-0.02059,194,250,10:30,peak_flat,pressure30_nv,0.00152162,0.00229038,0.00793311,False,True,True,True,True,False,True,False
444,-0.020685,-4.37937,0.412162,-0.0297631,-0.0113259,-0.0141955,-0.0257209,194,250,10:30,peak_flat,pressure30_bc,1.48691e-05,2.65798e-05,0.00793311,False,True,True,True,True,True,True,False
444,-0.00857316,-1.78253,0.461712,-0.0177227,0.000948595,0.00263136,-0.0172679,194,250,10:30,peak_flat,pressure30_t,0.0753469,0.0967786,0.00793311,False,False,False,True,False,False,False,False
444,-0.00994727,-2.02423,0.468468,-0.0195347,-0.000348509,-0.00860874,-0.010986,194,250,10:30,peak_flat,pressure10,0.0435465,0.0574122,0.00793311,False,True,False,True,True,False,False,False
444,-0.00434155,-0.746549,0.448198,-0.015631,0.00701826,0.0056697,-0.0121103,194,250,10:30,peak_flat,log_dvol,0.455732,0.506977,0.00793311,False,False,False,False,False,False,True,False
444,0.107152,19.2389,0.835586,0.0962458,0.118328,0.126551,0.0920981,194,250,10:30,peak_flat,n_bars,2.11734e-60,1.82938e-59,0.00793311,False,True,True,True,True,True,False,False
444,-0.047753,-9.56047,0.331081,-0.0575509,-0.0380311,-0.055921,-0.0414146,194,250,10:30,peak_flat,stale_min,8.18236e-20,2.76155e-19,0.00793311,False,True,True,True,True,True,False,False
444,-0.0262763,-4.767,0.407658,-0.0370122,-0.0154202,-0.0416079,-0.0143789,194,250,10:30,peak_flat,no_trade_share,2.54037e-06,4.77839e-06,0.00793311,False,True,True,True,True,True,False,False
444,0.158958,26.0359,0.891892,0.146889,0.170982,0.1688,0.15132,194,250,10:30,peak_flat,amihud,2.45083e-91,3.37901e-90,0.00793311,False,True,True,True,True,True,True,False
444,0.254276,47.4297,0.986486,0.243818,0.265015,0.258282,0.251168,194,250,10:30,peak_flat,corwin_schultz,1.0315e-175,8.35518e-174,0.00793311,False,True,True,True,True,True,False,False
444,0.169825,29.5485,0.907658,0.158347,0.181073,0.191021,0.153376,194,250,10:30,peak_flat,abdi_ranaldo,8.35602e-107,1.61633e-105,0.00793311,False,True,True,True,True,True,False,False
444,0.152431,27.4771,0.90991,0.14136,0.163345,0.161832,0.145136,194,250,10:30,peak_flat,roll,9.52817e-98,1.43587e-96,0.00793311,False,True,True,True,True,True,False,False
444,0.199096,39.8651,0.970721,0.189303,0.208753,0.197953,0.199983,194,250,10:30,peak_flat,bar_range,1.24245e-148,4.2374e-147,0.00793311,False,True,True,True,True,True,False,False
444,-0.0766455,-13.0412,0.245495,-0.0881827,-0.065188,-0.0337125,-0.109962,194,250,10:30,peak_flat,log_price,3.97262e-33,1.75119e-32,0.00793311,False,True,True,True,False,True,True,False
444,0.25104,43.9483,0.975225,0.239762,0.262243,0.223623,0.272316,194,250,10:30,peak_flat,atr_pct,1.30041e-163,8.42667e-162,0.00793311,False,True,True,True,True,True,False,False
444,0.154796,28.8887,0.916667,0.143892,0.165313,0.159126,0.151436,194,250,10:30,peak_flat,mins_since_cross,6.1051e-104,1.05496e-102,0.00793311,False,True,True,True,True,True,True,False
444,-0.0296539,-5.8676,0.405405,-0.0393555,-0.0198472,-0.0300718,-0.0293296,194,250,10:30,peak_flat,close_pos,8.66757e-09,1.87846e-08,0.00793311,False,True,True,True,True,True,False,False
444,0.00280053,0.598209,0.509009,-0.00649989,0.012061,0.00631474,7.35105e-05,194,250,10:30,peak_flat,ctl_tickerhash,0.550006,0.594007,0.00793311,False,False,False,False,False,False,False,False
444,-0.00793311,-1.74462,0.47973,-0.0170004,0.000963988,-0.00586971,-0.00953431,194,250,10:30,peak_flat,ctl_random,0.0817443,0.104272,0.00793311,False,False,False,False,True,False,False,False
444,-0.148451,-28.8157,0.0698198,-0.158581,-0.138254,-0.146102,-0.150274,194,250,10:30,peak_flat,c37_rank_score,1.27002e-103,2.16572e-102,0.00793311,False,True,True,True,True,True,True,False
444,-0.0333604,-5.88191,0.364865,-0.0441979,-0.0225549,-0.0634885,-0.00998102,194,250,11:30,fwd30,coil,8.00011e-09,1.73671e-08,0.00924283,True,True,True,True,False,True,False,False
444,0.0333604,5.88191,0.635135,0.0225549,0.0441979,0.0634885,0.00998102,194,250,11:30,fwd30,dist_sess_high_pct,8.00011e-09,1.73671e-08,0.00924283,True,True,True,True,False,True,False,False
444,-0.048133,-9.02055,0.328829,-0.0584827,-0.0374661,-0.0647673,-0.0352248,194,250,11:30,fwd30,dist_high60,5.70818e-18,1.83568e-17,0.00924283,True,True,True,True,True,True,False,False
444,-0.0514641,-9.59475,0.317568,-0.061794,-0.0409844,-0.0583295,-0.0461366,194,250,11:30,fwd30,gain_now,6.21593e-20,2.10335e-19,0.00924283,True,True,True,True,True,True,True,True
444,0.0170962,2.58134,0.545045,0.00436774,0.0302937,0.0388263,0.000233619,194,250,11:30,fwd30,pm_gain,0.0101621,0.0144092,0.00924283,True,True,True,True,False,False,True,False
444,0.0144926,2.21113,0.536036,0.00194,0.0274992,0.0339012,-0.000568516,194,250,11:30,fwd30,gap7,0.0275371,0.0374088,0.00924283,True,True,True,True,False,False,True,False
444,-0.0160998,-2.97181,0.439189,-0.026849,-0.0055207,-0.0143878,-0.0174283,194,250,11:30,fwd30,pressure30,0.00312171,0.00455601,0.00924283,True,True,True,True,True,False,True,False
444,-0.0193177,-4.39004,0.405405,-0.0278824,-0.0106483,-0.0241964,-0.0155318,194,250,11:30,fwd30,pressure30_nv,1.41872e-05,2.54663e-05,0.00924283,True,True,True,True,True,False,False,False
444,-0.0223915,-4.54532,0.427928,-0.0320739,-0.0128808,-0.0258873,-0.0196788,194,250,11:30,fwd30,pressure30_bc,7.0857e-06,1.29888e-05,0.00924283,True,True,True,True,True,True,False,False
444,-0.0275436,-6.40437,0.394144,-0.0361309,-0.0191949,-0.0319426,-0.0241299,194,250,11:30,fwd30,pressure30_t,3.85913e-10,9.09351e-10,0.00924283,True,True,True,True,True,True,False,False
444,-0.0196714,-4.79348,0.418919,-0.0277963,-0.0117017,-0.0207628,-0.0188244,194,250,11:30,fwd30,pressure10,2.24128e-06,4.27161e-06,0.00924283,True,True,True,True,True,False,False,False
444,-0.00404027,-0.716283,0.488739,-0.0149914,0.0073066,0.0065052,-0.0122236,194,250,11:30,fwd30,log_dvol,0.474194,0.523918,0.00924283,True,False,False,False,False,False,True,False
444,0.00105541,0.185784,0.511261,-0.0100436,0.0123954,0.0164829,-0.0109163,194,250,11:30,fwd30,n_bars,0.852699,0.868788,0.00924283,True,False,False,False,False,False,False,False
444,0.0079049,1.63045,0.540541,-0.00178667,0.0173778,-0.00574774,0.0184994,194,250,11:30,fwd30,stale_min,0.103718,0.130503,0.00924283,True,False,False,False,False,False,True,False
444,0.00912046,1.67205,0.52027,-0.00172596,0.0198187,0.000656414,0.0156886,194,250,11:30,fwd30,no_trade_share,0.0952213,0.12028,0.00924283,True,False,False,False,False,False,True,False
444,0.00635807,1.12012,0.533784,-0.00472317,0.0171691,0.0155112,-0.000744755,194,250,11:30,fwd30,amihud,0.26327,0.308776,0.00924283,True,False,False,False,False,False,True,False
444,-0.0299142,-5.74993,0.403153,-0.0400139,-0.0198412,-0.0228955,-0.0353608,194,250,11:30,fwd30,corwin_schultz,1.6652e-08,3.573e-08,0.00924283,True,True,True,True,True,True,True,True
444,-0.00302786,-0.584783,0.477477,-0.0132234,0.00716939,0.00361581,-0.00818335,194,250,11:30,fwd30,abdi_ranaldo,0.558992,0.602706,0.00924283,True,False,False,False,False,False,False,False
444,-0.00264203,-0.512492,0.472973,-0.0127523,0.00741089,0.00705812,-0.0101693,194,250,11:30,fwd30,roll,0.608562,0.648599,0.00924283,True,False,False,False,False,False,False,False
444,-0.0285829,-5.24544,0.376126,-0.0391487,-0.017809,-0.0244279,-0.0318072,194,250,11:30,fwd30,bar_range,2.42084e-07,4.90221e-07,0.00924283,True,True,True,True,True,True,True,True
444,-0.00794661,-1.53484,0.47973,-0.0180798,0.00213205,-0.00249055,-0.0121805,194,250,11:30,fwd30,log_price,0.125537,0.155689,0.00924283,True,False,False,False,False,False,False,False
444,-0.0308536,-6.40481,0.382883,-0.0403052,-0.0214134,-0.0281223,-0.0329732,194,250,11:30,fwd30,atr_pct,3.84886e-10,9.08583e-10,0.00924283,True,True,True,True,True,True,True,True
444,0.0224377,4.42011,0.61036,0.0126493,0.0325949,0.0442528,0.00550924,194,250,11:30,fwd30,mins_since_cross,1.2422e-05,2.24219e-05,0.00924283,True,True,True,True,False,True,True,False
444,-0.0544769,-12.4397,0.292793,-0.0630558,-0.0459962,-0.0517145,-0.0566204,194,250,11:30,fwd30,close_pos,1.11984e-30,4.68166e-30,0.00924283,True,True,True,True,True,True,False,False
444,0.00924283,2.21114,0.524775,0.000989317,0.0175061,0.0144734,0.00518391,194,250,11:30,fwd30,ctl_tickerhash,0.0275358,0.0374088,0.00924283,True,True,True,False,True,False,False,False
444,0.0026169,0.659105,0.509009,-0.00504558,0.0104699,0.00273542,0.00252493,194,250,11:30,fwd30,ctl_random,0.510171,0.554683,0.00924283,True,False,False,False,True,False,False,False
444,-0.0295212,-5.73764,0.380631,-0.0394883,-0.0196936,-0.0465374,-0.0163167,194,250,11:30,fwd30,c37_rank_score,1.78165e-08,3.81656e-08,0.00924283,True,True,True,True,True,True,False,False
444,-0.0217364,-3.79815,0.412162,-0.0326125,-0.01007,-0.05468,0.00382792,194,250,11:30,fwd60,coil,0.000166124,0.00027322,0.00619056,True,True,True,True,False,True,False,False
444,0.0217364,3.79815,0.587838,0.01007,0.0326125,0.05468,-0.00382792,194,250,11:30,fwd60,dist_sess_high_pct,0.000166124,0.00027322,0.00619056,True,True,True,True,False,True,False,False
444,-0.02269,-4.17635,0.441441,-0.0329425,-0.0118209,-0.0391695,-0.00990196,194,250,11:30,fwd60,dist_high60,3.56855e-05,6.19121e-05,0.00619056,True,True,True,True,False,True,False,False
444,-0.0542188,-10.1741,0.315315,-0.0644421,-0.0438047,-0.0640705,-0.0465739,194,250,11:30,fwd60,gain_now,5.44004e-22,1.94223e-21,0.00619056,True,True,True,True,True,True,True,True
444,0.0246686,3.59855,0.56982,0.0113361,0.0383472,0.0406002,0.0123056,194,250,11:30,fwd60,pm_gain,0.000356102,0.000568361,0.00619056,True,True,True,True,False,True,True,False
444,0.0210326,3.12511,0.556306,0.00786799,0.0341847,0.0352676,0.0099863,194,250,11:30,fwd60,gap7,0.00189421,0.0028088,0.00619056,True,True,True,True,False,True,True,False
444,-0.0168343,-3.1261,0.445946,-0.0273493,-0.00628084,-0.021305,-0.0133651,194,250,11:30,fwd60,pressure30,0.00188799,0.002806,0.00619056,True,True,True,True,True,False,True,False
444,-0.0179291,-4.23141,0.418919,-0.0260285,-0.00958478,-0.0234716,-0.0136282,194,250,11:30,fwd60,pressure30_nv,2.82405e-05,4.9526e-05,0.00619056,True,True,True,True,True,False,False,False
444,-0.0200259,-4.25617,0.436937,-0.0292774,-0.010938,-0.0203959,-0.0197388,194,250,11:30,fwd60,pressure30_bc,2.53981e-05,4.47227e-05,0.00619056,True,True,True,True,True,True,False,False
444,-0.0228749,-5.03291,0.414414,-0.0318486,-0.0138183,-0.0260651,-0.0203993,194,250,11:30,fwd60,pressure30_t,7.0376e-07,1.38613e-06,0.00619056,True,True,True,True,True,True,False,False
444,-0.0205948,-5.17732,0.434685,-0.0284832,-0.0126595,-0.016712,-0.0236079,194,250,11:30,fwd60,pressure10,3.42156e-07,6.8643e-07,0.00619056,True,True,True,True,True,True,False,False
444,-0.00617525,-1.11839,0.490991,-0.016895,0.00473812,-0.00247296,-0.00904822,194,250,11:30,fwd60,log_dvol,0.264005,0.309358,0.00619056,True,False,False,False,False,False,True,False
444,-0.00372338,-0.666565,0.5,-0.0147556,0.00736554,0.0109555,-0.0151142,194,250,11:30,fwd60,n_bars,0.505397,0.551342,0.00619056,True,False,False,False,False,False,True,False
444,0.0116539,2.43876,0.513514,0.00238729,0.0210927,0.00462573,0.0171078,194,250,11:30,fwd60,stale_min,0.0151295,0.0210836,0.00619056,True,True,True,True,False,False,True,False
444,0.0132813,2.51561,0.524775,0.00299726,0.0235169,0.0090106,0.0165953,194,250,11:30,fwd60,no_trade_share,0.0122353,0.0172546,0.00619056,True,True,True,True,True,False,True,False
444,0.0042442,0.74557,0.472973,-0.00679137,0.0153013,0.0254566,-0.0122166,194,250,11:30,fwd60,amihud,0.456322,0.507199,0.00619056,True,False,False,False,False,False,True,False
444,-0.046813,-9.51651,0.333333,-0.0560717,-0.0372404,-0.0436205,-0.0492903,194,250,11:30,fwd60,corwin_schultz,1.16301e-19,3.90483e-19,0.00619056,True,True,True,True,True,True,True,True
444,-0.0102286,-1.88335,0.441441,-0.020788,0.000468857,0.00620072,-0.0229777,194,250,11:30,fwd60,abdi_ranaldo,0.0603082,0.0783161,0.00619056,True,False,False,True,False,False,False,False
444,-0.00541468,-1.02721,0.475225,-0.0157843,0.00500711,0.00857469,-0.0162704,194,250,11:30,fwd60,roll,0.304881,0.351848,0.00619056,True,False,False,False,False,False,False,False
444,-0.0402443,-7.78422,0.371622,-0.0504968,-0.0299418,-0.0395841,-0.0407565,194,250,11:30,fwd60,bar_range,5.00076e-14,1.42439e-13,0.00619056,True,True,True,True,True,True,True,True
444,1.43106e-05,0.00284893,0.495495,-0.00974087,0.00980897,-0.00111625,0.000891622,194,250,11:30,fwd60,log_price,0.997728,0.998499,0.00619056,True,False,False,False,False,False,False,False
444,-0.0417983,-8.64902,0.349099,-0.0511511,-0.0324393,-0.0384792,-0.0443739,194,250,11:30,fwd60,atr_pct,9.62729e-17,2.97071e-16,0.00619056,True,True,True,True,True,True,True,True
444,0.0263631,5.14299,0.592342,0.0165344,0.0363619,0.0529628,0.00572182,194,250,11:30,fwd60,mins_since_cross,4.06774e-07,8.14806e-07,0.00619056,True,True,True,True,False,True,True,False
444,-0.0413605,-8.94729,0.337838,-0.0505365,-0.0323837,-0.0338282,-0.0472056,194,250,11:30,fwd60,close_pos,1.00275e-17,3.20089e-17,0.00619056,True,True,True,True,True,True,False,False
444,0.00541694,1.3196,0.502252,-0.00253794,0.0134484,0.00930294,0.0024014,194,250,11:30,fwd60,ctl_tickerhash,0.18765,0.224971,0.00619056,True,False,False,False,False,False,False,False
444,-0.00619056,-1.52451,0.466216,-0.0141924,0.00194189,-0.00835445,-0.00451138,194,250,11:30,fwd60,ctl_random,0.128094,0.158558,0.00619056,True,False,False,False,True,False,False,False
444,-0.024565,-4.78012,0.387387,-0.0344762,-0.014523,-0.0450675,-0.00865507,194,250,11:30,fwd60,c37_rank_score,2.38767e-06,4.51082e-06,0.00619056,True,True,True,True,False,True,False,False
444,-0.0265969,-4.79606,0.369369,-0.0375032,-0.0157238,-0.0483554,-0.0097124,194,250,11:30,fwd_flat,coil,2.2141e-06,4.22603e-06,0.00572549,True,True,True,True,False,True,False,False
444,0.0265969,4.79606,0.630631,0.0157238,0.0375032,0.0483554,0.0097124,194,250,11:30,fwd_flat,dist_sess_high_pct,2.2141e-06,4.22603e-06,0.00572549,True,True,True,True,False,True,False,False
444,-0.00348203,-0.637017,0.495495,-0.014127,0.00738035,-0.0142396,0.00486581,194,250,11:30,fwd_flat,dist_high60,0.524443,0.568768,0.00572549,True,False,False,False,False,False,False,False
444,-0.0499642,-9.55218,0.29955,-0.0600743,-0.0397956,-0.060982,-0.0414144,194,250,11:30,fwd_flat,gain_now,8.74422e-20,2.94351e-19,0.00572549,True,True,True,True,True,True,True,True
444,0.0341158,5.10338,0.594595,0.0210169,0.0472751,0.0441015,0.0263669,194,250,11:30,fwd_flat,pm_gain,4.96034e-07,9.85982e-07,0.00572549,True,True,True,True,True,True,True,True
444,0.027999,4.20864,0.592342,0.0149972,0.0409665,0.0373954,0.0207074,194,250,11:30,fwd_flat,gap7,3.11191e-05,5.45004e-05,0.00572549,True,True,True,True,True,True,True,True
444,-0.0167617,-3.34649,0.448198,-0.0265972,-0.00692911,-0.0317138,-0.00515878,194,250,11:30,fwd_flat,pressure30,0.000888161,0.0013622,0.00572549,True,True,True,True,False,False,True,False
444,-0.0132989,-3.27598,0.43018,-0.0212266,-0.00527371,-0.0261889,-0.00329623,194,250,11:30,fwd_flat,pressure30_nv,0.00113569,0.0017255,0.00572549,True,True,True,True,False,False,False,False
444,-0.0138306,-3.07086,0.468468,-0.0226053,-0.00494029,-0.0236728,-0.00619297,194,250,11:30,fwd_flat,pressure30_bc,0.00226578,0.00333309,0.00572549,True,True,True,True,False,False,False,False
444,-0.0149486,-3.4887,0.448198,-0.0233737,-0.00648872,-0.0296826,-0.00351507,194,250,11:30,fwd_flat,pressure30_t,0.000533924,0.000840784,0.00572549,True,True,True,True,False,False,False,False
444,-0.0108294,-2.57236,0.45045,-0.0191665,-0.00259763,-0.0120337,-0.00989496,194,250,11:30,fwd_flat,pressure10,0.0104254,0.0147665,0.00572549,True,True,True,True,True,False,False,False
444,-0.00932515,-1.76957,0.472973,-0.0195943,0.00111017,-0.0172556,-0.00317114,194,250,11:30,fwd_flat,log_dvol,0.077487,0.0993306,0.00572549,True,False,False,True,False,False,True,False
444,-0.00691113,-1.2971,0.484234,-0.0174477,0.00359998,-0.00978145,-0.00468377,194,250,11:30,fwd_flat,n_bars,0.195273,0.233248,0.00572549,True,False,False,True,True,False,True,False
444,0.0164466,3.65028,0.578829,0.00770763,0.0253669,0.0177037,0.0154711,194,250,11:30,fwd_flat,stale_min,0.000293206,0.00047263,0.00572549,True,True,True,True,True,False,True,False
444,0.0201792,4.06375,0.563063,0.0104109,0.0298587,0.0278912,0.0141947,194,250,11:30,fwd_flat,no_trade_share,5.71312e-05,9.74238e-05,0.00572549,True,True,True,True,True,True,True,True
444,0.0110162,2.0192,0.524775,0.000270034,0.0216146,0.0278717,-0.00206356,194,250,11:30,fwd_flat,amihud,0.0440684,0.0578648,0.00572549,True,True,False,True,False,False,True,False
444,-0.0474206,-9.31217,0.355856,-0.0574361,-0.0375884,-0.0551276,-0.04144,194,250,11:30,fwd_flat,corwin_schultz,5.88037e-19,1.95409e-18,0.00572549,True,True,True,True,True,True,True,True
444,-0.0116468,-2.22207,0.459459,-0.0218694,-0.00111854,-0.00471821,-0.0170234,194,250,11:30,fwd_flat,abdi_ranaldo,0.026783,0.0365761,0.00572549,True,True,True,True,False,False,False,False
444,-0.00178659,-0.34457,0.497748,-0.0119582,0.00851334,0.0105856,-0.0113874,194,250,11:30,fwd_flat,roll,0.730581,0.759898,0.00572549,True,False,False,False,False,False,False,False
444,-0.0429656,-8.57497,0.355856,-0.0527212,-0.0333182,-0.055742,-0.0330511,194,250,11:30,fwd_flat,bar_range,1.67442e-16,5.15452e-16,0.00572549,True,True,True,True,True,True,True,True
444,-0.00472264,-0.872806,0.463964,-0.0151604,0.00573663,-0.00228193,-0.00661663,194,250,11:30,fwd_flat,log_price,0.383242,0.433783,0.00572549,True,False,False,False,True,False,False,False
444,-0.0359627,-6.88187,0.396396,-0.0462183,-0.025623,-0.0367094,-0.0353833,194,250,11:30,fwd_flat,atr_pct,2.02611e-11,5.09873e-11,0.00572549,True,True,True,True,True,True,True,True
444,0.0432718,8.39401,0.682432,0.0333748,0.0532331,0.0611798,0.0293751,194,250,11:30,fwd_flat,mins_since_cross,6.38513e-16,1.94252e-15,0.00572549,True,True,True,True,True,True,True,True
444,-0.0303029,-6.60729,0.387387,-0.0394567,-0.0213308,-0.0204598,-0.0379411,194,250,11:30,fwd_flat,close_pos,1.12558e-10,2.73174e-10,0.00572549,True,True,True,True,True,True,False,False
444,0.00572549,1.38195,0.524775,-0.00244691,0.0138235,0.00111751,0.00930129,194,250,11:30,fwd_flat,ctl_tickerhash,0.167682,0.203479,0.00572549,True,False,False,False,False,False,False,False
444,0.00559841,1.39908,0.538288,-0.00212712,0.0134915,0.00600202,0.00528522,194,250,11:30,fwd_flat,ctl_random,0.162488,0.197546,0.00572549,True,False,False,False,True,False,False,False
444,-0.0229918,-4.52098,0.400901,-0.0329965,-0.0130897,-0.0417259,-0.00845414,194,250,11:30,fwd_flat,c37_rank_score,7.91084e-06,1.44809e-05,0.00572549,True,True,True,True,False,True,False,False
444,0.007934,1.40822,0.524775,-0.00279833,0.0191612,-0.0223305,0.0314193,194,250,11:30,fwd60_nx,coil,0.159766,0.194602,0.00613634,True,False,False,True,False,False,False,False
444,-0.007934,-1.40822,0.475225,-0.0191612,0.00279833,0.0223305,-0.0314193,194,250,11:30,fwd60_nx,dist_sess_high_pct,0.159766,0.194602,0.00613634,True,False,False,True,False,False,False,False
444,0.0255912,4.72327,0.614865,0.015308,0.0363412,0.017338,0.0319957,194,250,11:30,fwd60_nx,dist_high60,3.12009e-06,5.84341e-06,0.00613634,True,True,True,True,True,True,True,True
444,-0.0318106,-6.0713,0.391892,-0.0417916,-0.0215165,-0.0377626,-0.0271919,194,250,11:30,fwd60_nx,gain_now,2.72994e-09,6.13171e-09,0.00613634,True,True,True,True,True,True,True,True
444,0.021304,3.21397,0.585586,0.00843787,0.0343384,0.039227,0.00739565,194,250,11:30,fwd60_nx,pm_gain,0.00140478,0.00211944,0.00613634,True,True,True,True,False,True,True,False
444,0.0176954,2.69918,0.560811,0.00485098,0.0304258,0.0331697,0.00568736,194,250,11:30,fwd60_nx,gap7,0.007217,0.0103351,0.00613634,True,True,True,True,False,False,True,False
444,-0.0101025,-1.86612,0.454955,-0.0206587,0.000373847,-0.0151032,-0.00622194,194,250,11:30,fwd60_nx,pressure30,0.0626845,0.0812391,0.00613634,True,False,False,True,True,False,True,False
444,-0.0103822,-2.33594,0.432432,-0.0190845,-0.00169591,-0.0154253,-0.00646881,194,250,11:30,fwd60_nx,pressure30_nv,0.0199396,0.0274912,0.00613634,True,True,True,True,True,False,False,False
444,-0.0117756,-2.4655,0.454955,-0.02117,-0.00251568,-0.0110171,-0.0123641,194,250,11:30,fwd60_nx,pressure30_bc,0.0140603,0.0196784,0.00613634,True,True,True,True,True,False,False,False
444,-0.0103025,-2.24655,0.461712,-0.0192284,-0.00138211,-0.00945696,-0.0109586,194,250,11:30,fwd60_nx,pressure30_t,0.0251604,0.0343965,0.00613634,True,True,True,True,True,False,False,False
444,-0.011553,-2.7519,0.468468,-0.0197972,-0.00325774,-0.00675332,-0.0152776,194,250,11:30,fwd60_nx,pressure10,0.00616825,0.00885277,0.00613634,True,True,True,True,True,False,False,False
444,-0.0176405,-3.171,0.448198,-0.0284462,-0.00685375,-0.0173278,-0.0178832,194,250,11:30,fwd60_nx,log_dvol,0.00162465,0.00243172,0.00613634,True,True,True,True,True,False,True,False
444,-0.0160621,-2.8929,0.470721,-0.02711,-0.00535337,-0.00413839,-0.025315,194,250,11:30,fwd60_nx,n_bars,0.00400512,0.00581258,0.00613634,True,True,True,True,False,False,True,False
444,0.0231448,5.03986,0.563063,0.0142942,0.0324037,0.02051,0.0251894,194,250,11:30,fwd60_nx,stale_min,6.80024e-07,1.34142e-06,0.00613634,True,True,True,True,True,True,True,True
444,0.0246708,4.77695,0.592342,0.0146755,0.0347988,0.0239807,0.0252063,194,250,11:30,fwd60_nx,no_trade_share,2.42373e-06,4.57228e-06,0.00613634,True,True,True,True,True,True,True,True
444,0.00778028,1.38447,0.504505,-0.00298708,0.0185986,0.0290048,-0.00868994,194,250,11:30,fwd60_nx,amihud,0.166913,0.202736,0.00613634,True,False,False,True,False,False,True,False
444,-0.0494877,-10.1276,0.322072,-0.0588816,-0.0399129,-0.0418468,-0.055417,194,250,11:30,fwd60_nx,corwin_schultz,8.00869e-22,2.84363e-21,0.00613634,True,True,True,True,True,True,True,True
444,-0.0074644,-1.36029,0.466216,-0.0181781,0.00329885,0.0121905,-0.0227166,194,250,11:30,fwd60_nx,abdi_ranaldo,0.17443,0.211076,0.00613634,True,False,False,True,False,False,False,False
444,-0.00279119,-0.533398,0.484234,-0.0131448,0.00743064,0.0112274,-0.0136696,194,250,11:30,fwd60_nx,roll,0.594026,0.635721,0.00613634,True,False,False,False,False,False,False,False
444,-0.0445864,-8.70557,0.349099,-0.0547006,-0.0344803,-0.0431163,-0.0457272,194,250,11:30,fwd60_nx,bar_range,6.2952e-17,1.95181e-16,0.00613634,True,True,True,True,True,True,True,True
444,-0.00204436,-0.398813,0.497748,-0.0120825,0.00787151,-0.00162172,-0.00237233,194,250,11:30,fwd60_nx,log_price,0.690223,0.721977,0.00613634,True,False,False,False,True,False,False,False
444,-0.0334497,-6.98655,0.373874,-0.0426962,-0.0241997,-0.0246559,-0.0402737,194,250,11:30,fwd60_nx,atr_pct,1.03904e-11,2.64558e-11,0.00613634,True,True,True,True,True,True,True,True
444,0.0177304,3.37953,0.54955,0.00762125,0.027993,0.0441193,-0.00274739,194,250,11:30,fwd60_nx,mins_since_cross,0.000790346,0.0012223,0.00613634,True,True,True,True,False,False,True,False
444,-0.00245431,-0.522179,0.495495,-0.0117856,0.00649555,0.00935554,-0.0116188,194,250,11:30,fwd60_nx,close_pos,0.601807,0.642456,0.00613634,True,False,False,False,False,False,False,False
444,0.00500597,1.22876,0.52027,-0.00295822,0.0129341,0.0100504,0.00109148,194,250,11:30,fwd60_nx,ctl_tickerhash,0.219815,0.261358,0.00613634,True,False,False,False,False,False,False,False
444,-0.00613634,-1.5587,0.477477,-0.0139937,0.0016367,-0.00955271,-0.00348523,194,250,11:30,fwd60_nx,ctl_random,0.119782,0.149698,0.00613634,True,False,False,False,True,False,False,False
444,-0.00611848,-1.18851,0.461712,-0.0159424,0.00396394,-0.0257715,0.00913228,194,250,11:30,fwd60_nx,c37_rank_score,0.23527,0.278203,0.00613634,True,False,False,False,False,False,False,False
444,-0.00390386,-0.701007,0.463964,-0.0148661,0.00690914,-0.022067,0.0101907,194,250,11:30,fwd_flat_nx,coil,0.483667,0.530764,0.00574095,True,False,False,False,False,False,False,False
444,0.00390386,0.701007,0.536036,-0.00690914,0.0148661,0.022067,-0.0101907,194,250,11:30,fwd_flat_nx,dist_sess_high_pct,0.483667,0.530764,0.00574095,True,False,False,False,False,False,False,False
444,0.0308137,5.62593,0.614865,0.0200392,0.0418114,0.0259701,0.0345723,194,250,11:30,fwd_flat_nx,dist_high60,3.27513e-08,6.95831e-08,0.00574095,True,True,True,True,True,True,True,True
444,-0.031943,-6.10477,0.369369,-0.0420081,-0.021615,-0.0391987,-0.0263126,194,250,11:30,fwd_flat_nx,gain_now,2.25119e-09,5.0917e-09,0.00574095,True,True,True,True,True,True,True,True
444,0.0306123,4.64091,0.603604,0.0178673,0.0435308,0.0416925,0.022014,194,250,11:30,fwd_flat_nx,pm_gain,4.57564e-06,8.48359e-06,0.00574095,True,True,True,True,True,True,True,True
444,0.0249215,3.79169,0.581081,0.0122756,0.037717,0.0349843,0.0171127,194,250,11:30,fwd_flat_nx,gap7,0.000170362,0.000279834,0.00574095,True,True,True,True,True,True,True,True
444,-0.0125946,-2.45628,0.466216,-0.0225336,-0.00246916,-0.0292885,0.000359835,194,250,11:30,fwd_flat_nx,pressure30,0.0144213,0.0201618,0.00574095,True,True,True,True,False,False,True,False
444,-0.00724277,-1.75798,0.457207,-0.0152515,0.000808537,-0.0188014,0.00172673,194,250,11:30,fwd_flat_nx,pressure30_nv,0.0794412,0.101534,0.00574095,True,False,False,True,False,False,False,False
444,-0.00660769,-1.44505,0.477477,-0.0154849,0.00245186,-0.0150345,-6.85081e-05,194,250,11:30,fwd_flat_nx,pressure30_bc,0.14915,0.182874,0.00574095,True,False,False,True,False,False,False,False
444,-0.00433877,-1.03218,0.495495,-0.0126787,0.0038727,-0.016151,0.00482751,194,250,11:30,fwd_flat_nx,pressure30_t,0.302553,0.349473,0.00574095,True,False,False,False,False,False,False,False
444,-0.00325151,-0.760569,0.47973,-0.0115761,0.00508347,-0.00263693,-0.00372842,194,250,11:30,fwd_flat_nx,pressure10,0.447319,0.498046,0.00574095,True,False,False,False,True,False,False,False
444,-0.0169687,-3.17095,0.448198,-0.0274677,-0.00648093,-0.0258373,-0.0100866,194,250,11:30,fwd_flat_nx,log_dvol,0.0016249,0.00243172,0.00574095,True,True,True,True,True,False,True,False
444,-0.0152265,-2.84663,0.472973,-0.0258089,-0.00474459,-0.0194226,-0.0119703,194,250,11:30,fwd_flat_nx,n_bars,0.00462369,0.00667295,0.00574095,True,True,True,True,True,False,True,False
444,0.0242231,5.45018,0.599099,0.0156581,0.0329547,0.028454,0.0209399,194,250,11:30,fwd_flat_nx,stale_min,8.3691e-08,1.72988e-07,0.00574095,True,True,True,True,True,True,True,True
444,0.0277945,5.59045,0.581081,0.0181087,0.0374134,0.0370457,0.0206157,194,250,11:30,fwd_flat_nx,no_trade_share,3.96577e-08,8.38439e-08,0.00574095,True,True,True,True,True,True,True,True
444,0.0121082,2.19689,0.536036,0.00131169,0.0227861,0.0280535,-0.000265321,194,250,11:30,fwd_flat_nx,amihud,0.0285458,0.038698,0.00574095,True,True,True,True,False,False,True,False
444,-0.0491558,-9.68768,0.353604,-0.0592557,-0.0393025,-0.0546389,-0.0449009,194,250,11:30,fwd_flat_nx,corwin_schultz,2.941e-20,1.00568e-19,0.00574095,True,True,True,True,True,True,True,True
444,-0.0105174,-1.97788,0.459459,-0.0209615,4.57607e-05,-0.00230397,-0.016891,194,250,11:30,fwd_flat_nx,abdi_ranaldo,0.0485613,0.0635712,0.00574095,True,False,False,True,False,False,False,False
444,-0.00128684,-0.248266,0.493243,-0.0114533,0.00893626,0.0106382,-0.0105407,194,250,11:30,fwd_flat_nx,roll,0.804044,0.826361,0.00574095,True,False,False,False,False,False,False,False
444,-0.0448063,-9.0046,0.364865,-0.0545938,-0.0352525,-0.0577444,-0.0347663,194,250,11:30,fwd_flat_nx,bar_range,6.45518e-18,2.07077e-17,0.00574095,True,True,True,True,True,True,True,True
444,-0.00607853,-1.12162,0.461712,-0.0164781,0.00447525,-0.0040673,-0.00763925,194,250,11:30,fwd_flat_nx,log_price,0.262632,0.308307,0.00574095,True,False,False,True,True,False,False,False
444,-0.0304956,-5.86463,0.403153,-0.0405652,-0.0202508,-0.0286677,-0.031914,194,250,11:30,fwd_flat_nx,atr_pct,8.81278e-09,1.90674e-08,0.00574095,True,True,True,True,True,True,True,True
444,0.0370594,7.07456,0.648649,0.0268685,0.047205,0.0541397,0.0238051,194,250,11:30,fwd_flat_nx,mins_since_cross,5.89077e-12,1.52384e-11,0.00574095,True,True,True,True,True,True,True,True
444,-0.00493776,-1.05158,0.502252,-0.0142166,0.00421133,0.007943,-0.0149332,194,250,11:30,fwd_flat_nx,close_pos,0.293566,0.339766,0.00574095,True,False,False,False,False,False,False,False
444,0.00546499,1.32934,0.52027,-0.00268054,0.0134709,-7.24911e-05,0.00976208,194,250,11:30,fwd_flat_nx,ctl_tickerhash,0.184419,0.221714,0.00574095,True,False,False,False,False,False,False,False
444,0.00574095,1.4753,0.542793,-0.00170709,0.0133615,0.0067181,0.00498268,194,250,11:30,fwd_flat_nx,ctl_random,0.140842,0.17318,0.00574095,True,False,False,False,True,False,False,False
444,-0.00871248,-1.67294,0.468468,-0.0187483,0.00144032,-0.0257835,0.00453462,194,250,11:30,fwd_flat_nx,c37_rank_score,0.0950451,0.120174,0.00574095,True,False,False,True,False,False,False,False
444,8.7769e-05,0.0146803,0.475225,-0.0115193,0.0117599,-0.0172711,0.0135582,194,250,11:30,fwd_flat_nx5,coil,0.988294,0.990935,0.00510678,True,False,False,False,False,False,False,False
444,-8.7769e-05,-0.0146803,0.524775,-0.0117599,0.0115193,0.0172711,-0.0135582,194,250,11:30,fwd_flat_nx5,dist_sess_high_pct,0.988294,0.990935,0.00510678,True,False,False,False,False,False,False,False
444,0.0305672,5.22881,0.59009,0.0191984,0.0422707,0.0286421,0.0320611,194,250,11:30,fwd_flat_nx5,dist_high60,2.63515e-07,5.31127e-07,0.00510678,True,True,True,True,True,True,True,True
444,-0.0279942,-4.81823,0.403153,-0.0394622,-0.0166969,-0.0348913,-0.022642,194,250,11:30,fwd_flat_nx5,gain_now,1.99265e-06,3.82022e-06,0.00510678,True,True,True,True,True,True,True,True
444,0.0325683,4.72773,0.585586,0.0190119,0.0462397,0.0418268,0.0253837,194,250,11:30,fwd_flat_nx5,pm_gain,3.05561e-06,5.73923e-06,0.00510678,True,True,True,True,True,True,True,True
444,0.027829,4.05929,0.576577,0.0144119,0.0413409,0.035535,0.0218491,194,250,11:30,fwd_flat_nx5,gap7,5.81916e-05,9.91016e-05,0.00510678,True,True,True,True,True,True,True,True
444,-0.00941821,-1.76815,0.475225,-0.0198817,0.00106379,-0.0288508,0.0056615,194,250,11:30,fwd_flat_nx5,pressure30,0.0777246,0.0995367,0.00510678,True,False,False,True,False,False,True,False
444,-0.00936997,-2.05119,0.466216,-0.018271,-0.000355827,-0.0275412,0.00473089,194,250,11:30,fwd_flat_nx5,pressure30_nv,0.0408365,0.0541146,0.00510678,True,True,False,True,False,False,False,False
444,-0.00579528,-1.21755,0.495495,-0.015034,0.00341527,-0.0203893,0.00552971,194,250,11:30,fwd_flat_nx5,pressure30_bc,0.224043,0.265898,0.00510678,True,False,False,True,False,False,False,False
444,-0.0055961,-1.22204,0.481982,-0.0145922,0.00342594,-0.0243178,0.00893194,194,250,11:30,fwd_flat_nx5,pressure30_t,0.222343,0.264121,0.00510678,True,False,False,True,False,False,False,False
444,-0.00130467,-0.281969,0.506757,-0.0104243,0.00764446,-0.0069809,0.00310009,194,250,11:30,fwd_flat_nx5,pressure10,0.778099,0.801603,0.00510678,True,False,False,False,False,False,False,False
444,-0.00425942,-0.775526,0.472973,-0.0150211,0.00640666,-0.0148468,0.0039564,194,250,11:30,fwd_flat_nx5,log_dvol,0.438443,0.489003,0.00510678,True,False,False,False,False,False,True,False
444,-0.00394143,-0.708523,0.513514,-0.0148301,0.00698379,-0.0106707,0.0012805,194,250,11:30,fwd_flat_nx5,n_bars,0.478993,0.528319,0.00510678,True,False,False,False,False,False,True,False
444,0.0172908,3.66019,0.565315,0.00812473,0.0266283,0.0263047,0.010296,194,250,11:30,fwd_flat_nx5,stale_min,0.000282411,0.000456935,0.00510678,True,True,True,True,True,False,True,False
444,0.0172398,3.37163,0.576577,0.00729781,0.0270764,0.0301699,0.00720604,194,250,11:30,fwd_flat_nx5,no_trade_share,0.000812778,0.001254,0.00510678,True,True,True,True,False,False,True,False
444,0.000560462,0.099146,0.5,-0.0103892,0.0113675,0.0178196,-0.0128326,194,250,11:30,fwd_flat_nx5,amihud,0.921067,0.931126,0.00510678,True,False,False,False,False,False,True,False
444,-0.043799,-8.22513,0.369369,-0.0543301,-0.033485,-0.0534568,-0.0363046,194,250,11:30,fwd_flat_nx5,corwin_schultz,2.18694e-15,6.5306e-15,0.00510678,True,True,True,True,True,True,True,True
444,-0.0157906,-2.93118,0.421171,-0.0262142,-0.00496493,-0.0107917,-0.0196697,194,250,11:30,fwd_flat_nx5,abdi_ranaldo,0.00355149,0.00516002,0.00510678,True,True,True,True,True,False,False,False
444,-0.0082272,-1.54016,0.468468,-0.0187724,0.00247621,0.000737274,-0.0151836,194,250,11:30,fwd_flat_nx5,roll,0.124236,0.154568,0.00510678,True,False,False,True,False,False,False,False
444,-0.0387093,-7.28763,0.38964,-0.0490933,-0.0284277,-0.0546466,-0.0263419,194,250,11:30,fwd_flat_nx5,bar_range,1.45847e-12,3.92152e-12,0.00510678,True,True,True,True,True,True,True,True
444,-0.00755818,-1.33874,0.445946,-0.0185695,0.00330936,-0.00581121,-0.00891384,194,250,11:30,fwd_flat_nx5,log_price,0.181341,0.218216,0.00510678,True,False,False,True,True,False,False,False
444,-0.0355497,-6.26942,0.412162,-0.0465394,-0.0244318,-0.0357346,-0.0354063,194,250,11:30,fwd_flat_nx5,atr_pct,8.61169e-10,2.00733e-09,0.00510678,True,True,True,True,True,True,True,True
444,0.0305518,5.3702,0.608108,0.0194608,0.0416139,0.0492496,0.0160423,194,250,11:30,fwd_flat_nx5,mins_since_cross,1.27234e-07,2.60499e-07,0.00510678,True,True,True,True,False,True,True,False
444,-0.00163369,-0.321481,0.511261,-0.011631,0.00842398,0.0101821,-0.0108028,194,250,11:30,fwd_flat_nx5,close_pos,0.747997,0.774285,0.00510678,True,False,False,False,False,False,False,False
444,0.00510678,1.09684,0.531532,-0.00397127,0.0141849,-0.00129338,0.0100733,194,250,11:30,fwd_flat_nx5,ctl_tickerhash,0.273306,0.319049,0.00510678,True,False,False,False,False,False,False,False
444,0.00310657,0.728408,0.515766,-0.00521899,0.0114655,0.00688709,0.000172892,194,250,11:30,fwd_flat_nx5,ctl_random,0.466749,0.516573,0.00510678,True,False,False,False,False,False,False,False
444,-0.00193178,-0.342345,0.497748,-0.0129311,0.00923145,-0.0220357,0.0136688,194,250,11:30,fwd_flat_nx5,c37_rank_score,0.732254,0.761027,0.00510678,True,False,False,False,False,False,False,False
444,-0.214864,-41.8603,0.018018,-0.224849,-0.204816,-0.217648,-0.212702,194,250,11:30,peak60,coil,4.62695e-156,1.81713e-154,0.00445371,False,True,True,True,True,True,False,False
444,0.214864,41.8603,0.981982,0.204816,0.224849,0.217648,0.212702,194,250,11:30,peak60,dist_sess_high_pct,4.62695e-156,1.81713e-154,0.00445371,False,True,True,True,True,True,False,False
444,-0.25921,-51.5997,0.00900901,-0.269045,-0.249235,-0.266301,-0.253707,194,250,11:30,peak60,dist_high60,1.91428e-189,2.06742e-187,0.00445371,False,True,True,True,True,True,False,False
444,0.0869483,18.4354,0.828829,0.0779179,0.0963349,0.0891661,0.0852273,194,250,11:30,peak60,gain_now,9.66302e-57,7.77843e-56,0.00445371,False,True,True,True,True,True,False,False
444,0.00680134,1.06151,0.524775,-0.00547192,0.019094,0.009429,0.00476227,194,250,11:30,peak60,pm_gain,0.289035,0.335654,0.00445371,False,False,False,True,True,False,True,False
444,0.0100939,1.62164,0.558559,-0.00198757,0.0220489,0.0115836,0.00893781,194,250,11:30,peak60,gap7,0.105591,0.132603,0.00445371,False,False,False,True,True,False,True,False
444,-0.0083162,-1.51908,0.436937,-0.0188931,0.00219892,0.00395451,-0.0178383,194,250,11:30,peak60,pressure30,0.129455,0.159937,0.00445371,False,False,False,True,False,False,True,False
444,-0.00927595,-2.06578,0.45045,-0.0181425,-0.000576085,-0.00339922,-0.0138363,194,250,11:30,peak60,pressure30_nv,0.0394304,0.0523584,0.00445371,False,True,False,True,False,False,False,False
444,-0.00971503,-2.11363,0.490991,-0.018803,-0.000630149,0.0032039,-0.0197401,194,250,11:30,peak60,pressure30_bc,0.0351052,0.0468551,0.00445371,False,True,True,True,False,False,False,False
444,-0.00936332,-2.12926,0.466216,-0.0178772,-0.000539531,-0.00522899,-0.0125716,194,250,11:30,peak60,pressure30_t,0.0337834,0.045184,0.00445371,False,True,True,True,True,False,False,False
444,-0.00739027,-1.84052,0.475225,-0.0152678,0.000657404,-0.00559822,-0.0087809,194,250,11:30,peak60,pressure10,0.0663612,0.0859182,0.00445371,False,False,False,True,True,False,False,False
444,0.0572862,10.8812,0.695946,0.0469855,0.0671721,0.067829,0.049105,194,250,11:30,peak60,log_dvol,1.34054e-24,5.00675e-24,0.00445371,False,True,True,True,True,True,False,False
444,0.125281,25.3589,0.880631,0.115641,0.134787,0.136829,0.11632,194,250,11:30,peak60,n_bars,2.67318e-88,3.53514e-87,0.00445371,False,True,True,True,True,True,False,False
444,-0.100643,-21.4471,0.150901,-0.109756,-0.0915475,-0.110093,-0.09331,194,250,11:30,peak60,stale_min,1.6597e-70,1.65459e-69,0.00445371,False,True,True,True,True,True,False,False
444,-0.104132,-21.2435,0.146396,-0.113476,-0.0946114,-0.112008,-0.0980206,194,250,11:30,peak60,no_trade_share,1.41992e-69,1.3941e-68,0.00445371,False,True,True,True,True,True,False,False
444,0.0784556,13.7157,0.77027,0.0674389,0.0895828,0.0825425,0.0752842,194,250,11:30,peak60,amihud,6.20376e-36,2.90255e-35,0.00445371,False,True,True,True,True,True,True,False
444,0.278078,56.7508,0.997748,0.268495,0.287603,0.280185,0.276443,194,250,11:30,peak60,corwin_schultz,2.38596e-205,7.73052e-203,0.00445371,False,True,True,True,True,True,False,False
444,0.164038,30.8066,0.945946,0.153983,0.17431,0.183171,0.149191,194,250,11:30,peak60,abdi_ranaldo,3.31301e-112,6.92526e-111,0.00445371,False,True,True,True,True,True,False,False
444,0.132692,26.3183,0.914414,0.122931,0.142497,0.147979,0.12083,194,250,11:30,peak60,roll,1.33957e-92,1.86675e-91,0.00445371,False,True,True,True,True,True,False,False
444,0.235859,49.0258,0.988739,0.226329,0.245313,0.232199,0.238699,194,250,11:30,peak60,bar_range,4.5982e-181,4.58405e-179,0.00445371,False,True,True,True,True,True,False,False
444,-0.0538688,-9.98508,0.288288,-0.0642247,-0.0432315,-0.0123449,-0.0860913,194,250,11:30,peak60,log_price,2.60182e-21,9.1134e-21,0.00445371,False,True,True,True,False,True,False,False
444,0.252783,52.8663,0.990991,0.243572,0.261899,0.240746,0.262124,194,250,11:30,peak60,atr_pct,1.84916e-193,2.66279e-191,0.00445371,False,True,True,True,True,True,False,False
444,0.107364,21.7444,0.867117,0.0977832,0.11687,0.110966,0.104569,194,250,11:30,peak60,mins_since_cross,7.22254e-72,7.3704e-71,0.00445371,False,True,True,True,True,True,True,False
444,-0.0526664,-11.4775,0.277027,-0.061775,-0.0436582,-0.046989,-0.057072,194,250,11:30,peak60,close_pos,7.10763e-27,2.77455e-26,0.00445371,False,True,True,True,True,True,False,False
444,0.00445371,1.06613,0.515766,-0.00376125,0.012551,0.0106798,-0.000377709,194,250,11:30,peak60,ctl_tickerhash,0.286948,0.333528,0.00445371,False,False,False,False,False,False,False,False
444,-0.00175076,-0.42476,0.495495,-0.0100952,0.00653049,0.00436206,-0.0064943,194,250,11:30,peak60,ctl_random,0.671218,0.705514,0.00445371,False,False,False,False,False,False,False,False
444,-0.124572,-25.163,0.114865,-0.134171,-0.114908,-0.12078,-0.127514,194,250,11:30,peak60,c37_rank_score,2.03783e-87,2.61488e-86,0.00445371,False,True,True,True,True,True,False,False
444,-0.22605,-43.299,0.0247748,-0.236262,-0.215818,-0.233284,-0.220436,194,250,11:30,peak_flat,coil,2.74429e-161,1.48191e-159,0.00458911,False,True,True,True,True,True,False,False
444,0.22605,43.299,0.975225,0.215818,0.236262,0.233284,0.220436,194,250,11:30,peak_flat,dist_sess_high_pct,2.74429e-161,1.48191e-159,0.00458911,False,True,True,True,True,True,False,False
444,-0.226767,-44.3898,0.027027,-0.237006,-0.216932,-0.232849,-0.222048,194,250,11:30,peak_flat,dist_high60,3.51682e-165,2.39884e-163,0.00458911,False,True,True,True,True,True,False,False
444,0.0737685,14.5288,0.779279,0.0639187,0.0836518,0.0677961,0.0784031,194,250,11:30,peak_flat,gain_now,2.17369e-39,1.1091e-38,0.00458911,False,True,True,True,True,True,False,False
444,0.0219383,3.3571,0.576577,0.00913043,0.0345863,0.0328202,0.0134941,194,250,11:30,peak_flat,pm_gain,0.000855584,0.00131379,0.00458911,False,True,True,True,True,True,True,False
444,0.024459,3.88355,0.563063,0.0119793,0.0364602,0.0339268,0.017112,194,250,11:30,peak_flat,gap7,0.000118636,0.000196866,0.00458911,False,True,True,True,True,True,True,False
444,-0.00142835,-0.273147,0.472973,-0.0116997,0.00865381,-0.000926073,-0.00181812,194,250,11:30,peak_flat,pressure30,0.784868,0.807934,0.00458911,False,False,False,False,True,False,True,False
444,-0.0026246,-0.603114,0.470721,-0.0111384,0.00571987,-0.00608349,5.94943e-05,194,250,11:30,peak_flat,pressure30_nv,0.546741,0.590973,0.00458911,False,False,False,False,False,False,False,False
444,-0.0049281,-1.0865,0.502252,-0.0136794,0.00395275,-0.00286593,-0.00652833,194,250,11:30,peak_flat,pressure30_bc,0.27785,0.323741,0.00458911,False,False,False,True,True,False,False,False
444,-0.00309661,-0.704845,0.5,-0.0117766,0.00569183,-0.00716107,5.74046e-05,194,250,11:30,peak_flat,pressure30_t,0.481277,0.529589,0.00458911,False,False,False,False,False,False,False,False
444,-9.16262e-05,-0.0236806,0.495495,-0.00771701,0.00758534,0.00126559,-0.00114483,194,250,11:30,peak_flat,pressure10,0.981118,0.986446,0.00458911,False,False,False,False,False,False,False,False
444,0.00168373,0.323062,0.513514,-0.00842986,0.0119081,0.00185123,0.00155375,194,250,11:30,peak_flat,log_dvol,0.746801,0.774283,0.00458911,False,False,False,False,True,False,False,False
444,0.0822511,16.6331,0.765766,0.0726512,0.0919068,0.0850735,0.0800609,194,250,11:30,peak_flat,n_bars,1.28537e-48,8.58681e-48,0.00458911,False,True,True,True,True,True,False,False
444,-0.0457225,-9.62804,0.324324,-0.0548933,-0.0364297,-0.0471005,-0.0446532,194,250,11:30,peak_flat,stale_min,4.75682e-20,1.62233e-19,0.00458911,False,True,True,True,True,True,False,False
444,-0.0454881,-9.29886,0.326577,-0.0548741,-0.0359796,-0.0442124,-0.0464779,194,250,11:30,peak_flat,no_trade_share,6.5297e-19,2.1588e-18,0.00458911,False,True,True,True,True,True,False,False
444,0.121808,21.7012,0.864865,0.111014,0.132635,0.131065,0.114624,194,250,11:30,peak_flat,amihud,1.13847e-71,1.1527e-70,0.00458911,False,True,True,True,True,True,True,False
444,0.253986,52.6388,0.993243,0.244696,0.263378,0.250132,0.256977,194,250,11:30,peak_flat,corwin_schultz,9.61667e-193,1.24632e-190,0.00458911,False,True,True,True,True,True,False,False
444,0.177413,32.96,0.945946,0.166825,0.187781,0.192854,0.16543,194,250,11:30,peak_flat,abdi_ranaldo,2.89702e-121,7.08404e-120,0.00458911,False,True,True,True,True,True,False,False
444,0.153047,30.2818,0.93018,0.143261,0.162952,0.16734,0.141955,194,250,11:30,peak_flat,roll,5.81015e-110,1.17655e-108,0.00458911,False,True,True,True,True,True,False,False
444,0.192848,39.89,0.981982,0.183443,0.202079,0.179318,0.203347,194,250,11:30,peak_flat,bar_range,1.00058e-148,3.50473e-147,0.00458911,False,True,True,True,True,True,False,False
444,-0.0652138,-11.7581,0.301802,-0.0758975,-0.0544816,-0.0206232,-0.0998162,194,250,11:30,peak_flat,log_price,5.74038e-28,2.29615e-27,0.00458911,False,True,True,True,False,True,False,False
444,0.27522,54.8415,0.988739,0.265464,0.284921,0.26,0.28703,194,250,11:30,peak_flat,atr_pct,1.39074e-199,3.60481e-197,0.00458911,False,True,True,True,True,True,False,False
444,0.130137,25.8364,0.896396,0.120411,0.139841,0.139934,0.122534,194,250,11:30,peak_flat,mins_since_cross,1.91786e-90,2.58911e-89,0.00458911,False,True,True,True,True,True,True,False
444,-0.034029,-7.6928,0.364865,-0.0430464,-0.0252731,-0.0256424,-0.040537,194,250,11:30,peak_flat,close_pos,9.41969e-14,2.65968e-13,0.00458911,False,True,True,True,True,True,False,False
444,0.00310433,0.743208,0.52027,-0.00491845,0.0112336,0.00254987,0.0035346,194,250,11:30,peak_flat,ctl_tickerhash,0.45775,0.508349,0.00458911,False,False,False,False,True,False,False,False
444,0.00458911,1.0861,0.509009,-0.00376795,0.0129725,0.00872921,0.0013764,194,250,11:30,peak_flat,ctl_random,0.278027,0.323741,0.00458911,False,False,False,False,False,False,False,False
444,-0.146451,-29.5316,0.0810811,-0.156088,-0.136704,-0.150563,-0.143261,194,250,11:30,peak_flat,c37_rank_score,9.88433e-107,1.88384e-105,0.00458911,False,True,True,True,True,True,False,False
